<?xml version="1.0" encoding="utf-8"?>
<COLLADA xmlns="http://www.collada.org/2005/11/COLLADASchema" version="1.4.1">
  <asset><contributor><author></author><authoring_tool>FBX COLLADA exporter</authoring_tool><comments></comments></contributor><created>2024-03-27T19:45:10Z</created><keywords></keywords><modified>2024-03-27T19:45:10Z</modified><revision></revision><subject></subject><title></title><unit meter="0.025400" name="centimeter"></unit><up_axis>Y_UP</up_axis></asset>
  <library_images>
    <image id="Map #1-image" name="Map #1"><init_from>file://F:\M n B\_MESH\H mesh\Hot Dog\HotDogAlbedo.png</init_from></image>
    <image id="Map #5-image" name="Map #5"><init_from>file://F:\M n B\_MESH\H mesh\Hot Dog\HotDogMetal.png</init_from></image>
    <image id="Map #2-image" name="Map #2"><init_from>file://F:\M n B\_MESH\H mesh\Hot Dog\HotDogRough.png</init_from></image>
  </library_images>
  <library_materials>
    <material id="HotDog" name="HotDog">
      <instance_effect url="#HotDog-fx"/>
    </material>
  </library_materials>
  <library_effects>
    <effect id="HotDog-fx" name="HotDog">
      <profile_COMMON>
        <technique sid="standard">
          <phong>
            <emission>
              <color sid="emission">0.000000  0.000000 0.000000 1.000000</color>
            </emission>
            <ambient>
              <color sid="ambient">0.588000  0.588000 0.588000 1.000000</color>
            </ambient>
            <diffuse>
              <texture texture="Map #1-image" texcoord="CHANNEL0">
                <extra>
                  <technique profile="MAYA">
                    <wrapU sid="wrapU0">TRUE</wrapU>
                    <wrapV sid="wrapV0">TRUE</wrapV>
                    <blend_mode>ADD</blend_mode>
                  </technique>
                </extra>
              </texture>
            </diffuse>
            <specular>
              <texture texture="Map #2-image" texcoord="CHANNEL0">
                <extra>
                  <technique profile="MAYA">
                    <wrapU sid="wrapU0">TRUE</wrapU>
                    <wrapV sid="wrapV0">TRUE</wrapV>
                    <blend_mode>ADD</blend_mode>
                  </technique>
                </extra>
              </texture>
            </specular>
            <shininess>
              <float sid="shininess">2.000000</float>
            </shininess>
            <reflective>
              <texture texture="Map #5-image" texcoord="CHANNEL0">
                <extra>
                  <technique profile="MAYA">
                    <wrapU sid="wrapU0">TRUE</wrapU>
                    <wrapV sid="wrapV0">TRUE</wrapV>
                    <blend_mode>ADD</blend_mode>
                  </technique>
                </extra>
              </texture>
            </reflective>
            <reflectivity>
              <float sid="reflectivity">1.000000</float>
            </reflectivity>
            <transparent opaque="RGB_ZERO">
              <color sid="transparent">1.000000  1.000000 1.000000 1.000000</color>
            </transparent>
            <transparency>
              <float sid="transparency">0.000000</float>
            </transparency>
          </phong>
        </technique>
      </profile_COMMON>
    </effect>
  </library_effects>
  <library_geometries>
    <geometry id="HotDog-lib" name="HotDogMesh">
      <mesh>
        <source id="HotDog-POSITION">
          <float_array id="HotDog-POSITION-array" count="2568">
-0.154055 -0.063103 0.399267
-0.166968 -0.071201 0.348402
-0.167865 -0.112179 0.388024
-0.161214 -0.112981 0.436096
-0.156613 -0.153036 0.423821
-0.159931 -0.154761 0.378180
-0.140809 -0.187188 0.409927
-0.146494 -0.129065 0.483669
-0.143461 -0.160003 0.467789
-0.134349 -0.186792 0.441564
-0.170314 -0.117694 0.292713
-0.169606 -0.115503 0.339880
-0.167546 0.153209 0.346350
-0.172390 0.097320 0.344905
-0.170224 0.089940 0.395923
-0.165325 0.153826 0.396221
-0.159249 -0.157434 0.332083
-0.139678 -0.190697 0.369380
-0.109574 -0.214524 0.406112
-0.157833 0.154237 0.445856
-0.159310 0.094402 0.444293
-0.140300 -0.071423 0.447976
-0.136052 0.105788 0.485741
-0.139910 0.153626 0.493914
-0.112163 -0.207769 0.444738
-0.125704 -0.093161 0.493121
-0.105044 0.114708 0.521471
-0.107916 0.148133 0.535860
-0.107152 -0.121939 0.531832
-0.168902 -0.118754 0.199621
-0.169882 -0.118948 0.246002
-0.172940 -0.078342 0.251199
-0.167891 -0.036203 0.207712
-0.174152 -0.077520 0.203792
-0.162030 -0.040653 0.255317
-0.172896 0.086936 0.251946
-0.154949 0.033115 0.253811
-0.173423 0.094856 0.297631
-0.142099 0.046924 0.295779
-0.172841 -0.076228 0.299334
-0.153614 -0.157838 0.241129
-0.156556 -0.158074 0.286432
-0.148224 -0.041914 0.302396
-0.127634 0.058320 0.338049
-0.128525 -0.042243 0.350000
-0.135650 -0.192152 0.326199
-0.101176 -0.217947 0.322663
-0.105688 -0.217506 0.365112
-0.111165 0.195224 0.499175
-0.116643 -0.189893 0.480231
-0.079025 -0.211920 0.488554
-0.117986 -0.161288 0.513066
-0.082737 0.181607 0.544224
-0.082835 -0.189048 0.526730
-0.080472 -0.156179 0.551702
-0.167546 -0.036644 0.159583
-0.173387 -0.077164 0.156386
-0.167375 -0.118248 0.153220
-0.151098 -0.157370 0.195906
-0.166074 0.135889 0.206813
-0.171405 0.077533 0.207397
-0.165124 0.142271 0.251913
-0.137281 0.196304 0.300970
-0.166316 0.148037 0.298533
-0.126536 0.202488 0.451139
-0.079987 -0.081394 0.483776
-0.069938 -0.234114 0.407134
-0.074492 -0.226110 0.448331
-0.097370 0.093310 0.462551
-0.082638 0.100591 0.491835
-0.066504 0.123332 0.536344
-0.079477 -0.010811 0.512963
-0.070381 -0.063292 0.504608
-0.076461 -0.048256 0.535847
-0.063264 -0.125697 0.551859
-0.171707 -0.076141 0.108787
-0.164951 -0.115660 0.059918
-0.166160 -0.117339 0.106582
-0.169582 0.076482 0.115866
-0.170358 0.074762 0.161935
-0.164954 0.134080 0.161947
-0.147760 -0.155860 0.104863
-0.149491 -0.156936 0.150488
-0.178281 0.015180 0.163237
-0.171535 0.020699 0.114367
-0.166849 -0.035949 0.111273
-0.172289 0.016160 0.212622
-0.137655 0.185576 0.208139
-0.127767 -0.011823 0.205469
-0.125968 -0.192555 0.193196
-0.128312 -0.192606 0.237763
-0.109127 -0.013222 0.295785
-0.122253 -0.016689 0.250796
-0.137742 0.202400 0.349795
-0.135527 0.204902 0.400514
-0.091943 -0.042002 0.397165
-0.061319 -0.237539 0.321331
-0.065941 -0.237605 0.364536
-0.114008 0.070776 0.379977
-0.107188 0.080337 0.423731
-0.084949 -0.063343 0.443004
-0.068470 -0.106284 0.522963
-0.039718 -0.204365 0.532895
-0.069241 0.007005 0.546497
-0.067227 -0.034600 0.564188
-0.030931 -0.132342 0.554299
-0.037491 -0.172184 0.563163
-0.164089 -0.025061 0.015100
-0.167615 -0.069599 0.014228
-0.165890 -0.032290 0.062553
-0.169945 -0.073594 0.061119
-0.163323 -0.113183 0.013723
-0.159620 0.135261 0.072627
-0.168210 0.079967 0.069799
-0.171332 0.024377 0.065160
-0.162859 0.134059 0.117327
-0.122231 -0.190898 0.103493
-0.137368 -0.010105 0.112597
-0.134138 -0.010887 0.159693
-0.124234 -0.192161 0.148396
-0.096667 -0.222527 0.235642
-0.137453 0.191434 0.253913
-0.097844 -0.219499 0.279496
-0.059284 -0.241210 0.278040
-0.082736 0.012990 0.382936
-0.074735 0.037804 0.425288
-0.073341 -0.004846 0.444913
-0.068948 0.058308 0.464558
-0.075329 -0.033727 0.476361
-0.055736 0.077150 0.496178
-0.072137 0.021834 0.485729
-0.037890 -0.099116 0.519811
-0.048052 0.097599 0.519430
-0.057928 0.040845 0.522288
-0.065474 0.215529 0.506660
-0.046886 0.188254 0.552907
-0.041154 0.129562 0.547571
-0.030125 0.154310 0.552644
-0.051410 -0.012972 0.587397
-0.049703 0.018295 0.575053
-0.019308 -0.023054 0.596072
-0.017320 0.018034 0.595255
-0.161654 0.097446 -0.020274
-0.164385 0.046699 -0.027195
-0.168799 0.034339 0.017471
-0.166436 0.087572 0.024592
-0.159501 -0.110337 -0.031796
-0.133356 0.184382 0.073920
-0.136983 -0.003574 0.064995
-0.147057 -0.154907 0.059153
-0.121448 -0.190414 0.058507
-0.137694 0.184658 0.163215
-0.092183 -0.222163 0.146998
-0.057309 -0.242707 0.234313
-0.090312 0.237787 0.405287
-0.094016 0.236781 0.354116
-0.080882 0.230840 0.456887
-0.047009 0.057508 0.553565
-0.020011 0.054976 0.575284
0.007784 -0.176197 0.564325
-0.159768 -0.061694 -0.077371
-0.163768 -0.066749 -0.031908
-0.150166 -0.025731 -0.030892
-0.157799 -0.107499 -0.077059
-0.145160 -0.150773 -0.076578
-0.145633 -0.152280 -0.031484
-0.121186 -0.189254 -0.031284
-0.121109 -0.189919 0.013601
-0.146565 -0.153771 0.013702
-0.154514 0.140660 0.028271
-0.128637 0.006553 0.020118
-0.135631 0.184262 0.118466
-0.089909 -0.220559 0.102572
-0.095296 0.232017 0.304760
-0.019297 -0.252261 0.321058
-0.033166 -0.241578 0.451385
0.006549 -0.233141 0.493792
-0.036771 -0.225648 0.492560
0.003913 -0.209807 0.532948
-0.018209 0.088207 0.548945
-0.029112 -0.052323 0.573226
-0.036543 -0.071830 0.543425
0.004874 -0.083091 0.543189
0.012584 -0.061075 0.571891
0.008468 -0.137640 0.554372
0.020373 0.009645 0.601994
-0.156330 -0.104428 -0.166940
-0.146578 -0.149434 -0.166516
-0.156110 -0.105454 -0.122056
-0.145835 -0.150054 -0.121563
-0.155878 0.111921 -0.112872
-0.148706 0.066949 -0.116519
-0.154971 0.058262 -0.071091
-0.157115 0.105660 -0.066270
-0.137887 -0.016330 -0.121232
-0.158021 -0.058791 -0.122422
-0.141618 -0.019859 -0.075719
-0.122013 -0.188882 -0.076277
-0.150347 0.147005 -0.017594
-0.129482 0.187856 0.028762
-0.090340 -0.222016 0.013357
-0.089757 -0.221157 0.058000
-0.094554 0.219718 0.210779
-0.095054 0.225550 0.257185
-0.032151 0.243648 0.461695
-0.020905 0.225153 0.512390
-0.007718 0.190686 0.556273
-0.002129 0.145845 0.550606
0.009800 0.045028 0.585875
-0.160796 -0.105033 -0.256911
-0.158455 -0.104401 -0.211841
-0.157902 -0.057685 -0.212503
-0.149160 -0.149581 -0.211391
-0.145939 0.157236 -0.110912
-0.155669 0.115628 -0.160150
-0.145955 0.071477 -0.163151
-0.136747 -0.014964 -0.166968
-0.157023 -0.057675 -0.167387
-0.147622 0.152988 -0.063956
-0.125459 0.191171 -0.016973
-0.120451 0.023922 -0.071616
-0.121701 0.017496 -0.024651
-0.091265 -0.220714 -0.076431
-0.090648 -0.221415 -0.031445
-0.092489 0.217226 0.119755
-0.093725 0.217206 0.165236
-0.043567 0.252836 0.358411
0.024982 -0.259976 0.321083
0.021015 -0.258789 0.365170
-0.039443 0.251547 0.409637
0.003205 -0.110234 0.524365
0.051173 -0.145503 0.545399
0.041435 -0.121338 0.522122
0.024239 0.225792 0.513841
0.039437 -0.093242 0.526883
0.054264 -0.073867 0.561178
0.025409 0.074052 0.570629
0.052535 -0.179881 0.555458
0.046002 -0.209831 0.528098
0.019945 -0.025994 0.593858
0.062879 -0.034467 0.582614
-0.166883 -0.106770 -0.347540
-0.163790 -0.105981 -0.302140
-0.162726 -0.059977 -0.303311
-0.157131 -0.151331 -0.301362
-0.160849 -0.151977 -0.346488
-0.152926 -0.150394 -0.256306
-0.159212 -0.058714 -0.257838
-0.160329 0.116703 -0.254469
-0.149373 0.072040 -0.257095
-0.147035 0.071817 -0.210064
-0.156927 0.116515 -0.207360
-0.137654 -0.014968 -0.212939
-0.140138 -0.015676 -0.259180
-0.148253 0.161666 -0.205645
-0.146353 0.160328 -0.158181
-0.127778 -0.189881 -0.211697
-0.125448 -0.189686 -0.166491
-0.122291 0.030705 -0.165780
-0.121546 0.029238 -0.118674
-0.123216 -0.188974 -0.121378
-0.092931 -0.221891 -0.121602
-0.122196 0.197868 -0.110183
-0.122499 0.194191 -0.063313
-0.051057 -0.242627 0.012858
-0.050860 -0.242072 0.057510
-0.089811 0.215960 0.074278
-0.046112 0.244870 0.261505
0.010717 0.258933 0.413794
0.015981 0.248334 0.465069
0.032105 0.101002 0.517535
0.033535 0.142087 0.541127
0.035015 0.189622 0.554138
0.061696 0.016009 0.589446
-0.174738 -0.065434 -0.443938
-0.171494 -0.108193 -0.439536
-0.169656 -0.107417 -0.393232
-0.171960 -0.062868 -0.395580
-0.174314 0.111168 -0.399891
-0.167164 0.066254 -0.400358
-0.160537 0.069679 -0.351875
-0.171784 0.114402 -0.350160
-0.161721 -0.020011 -0.398574
-0.167635 -0.061161 -0.349008
-0.152947 -0.017840 -0.351707
-0.163541 -0.151917 -0.391281
-0.145824 -0.192169 -0.392743
-0.141624 -0.192882 -0.347582
-0.162535 0.160475 -0.349524
-0.156718 0.161573 -0.301024
-0.165752 0.115869 -0.301943
-0.154123 0.071141 -0.304268
-0.137128 -0.191913 -0.302151
-0.151997 0.162006 -0.253175
-0.145650 -0.016589 -0.305407
-0.097804 -0.223551 -0.212716
-0.095193 -0.223051 -0.167039
-0.124656 0.201280 -0.205126
-0.122923 0.200282 -0.157487
-0.124009 0.030580 -0.212837
-0.086772 0.216590 0.028612
0.054522 0.103418 0.499898
0.071199 0.075046 0.550088
0.078884 -0.207323 0.520562
-0.169374 -0.070376 -0.494646
-0.167389 -0.111511 -0.487021
-0.164420 -0.150264 -0.435419
-0.166698 0.018777 -0.448115
-0.170072 -0.023242 -0.446949
-0.146195 -0.187446 -0.436536
-0.173279 0.061456 -0.450800
-0.166332 0.157573 -0.399224
-0.154357 0.023571 -0.401159
-0.143184 0.027225 -0.354092
-0.134249 0.028888 -0.307059
-0.104603 -0.222086 -0.304621
-0.128352 0.030076 -0.259925
-0.100909 -0.222796 -0.258574
-0.132644 -0.191265 -0.256799
-0.131734 0.200512 -0.301018
-0.127685 0.201038 -0.252973
-0.082147 0.220372 -0.064122
-0.084106 0.218611 -0.017600
-0.008882 -0.250250 0.145579
0.035643 -0.254014 0.145368
-0.010965 -0.251267 0.189610
-0.044918 0.246489 0.309670
0.004809 0.259346 0.313963
0.007056 0.260554 0.363089
0.062191 0.241183 0.464495
0.068293 0.221278 0.510181
0.068850 0.139766 0.523410
0.077389 0.183643 0.538379
0.094613 -0.180877 0.534144
0.092056 -0.150578 0.523821
0.104862 -0.035834 0.553691
-0.165546 -0.028158 -0.497650
-0.149762 -0.080570 -0.543346
-0.144619 -0.122912 -0.531856
-0.167611 0.052016 -0.503264
-0.164374 0.098405 -0.503944
-0.173568 0.106434 -0.451498
-0.152396 0.012449 -0.493890
-0.151737 0.141649 -0.501359
-0.137106 0.187459 -0.446672
-0.164481 0.151647 -0.450140
-0.138598 0.194856 -0.398119
-0.110753 -0.215423 -0.396543
-0.135670 0.198467 -0.349375
-0.084562 0.224508 -0.206063
-0.082154 0.223355 -0.158410
-0.057922 -0.242465 -0.213987
-0.055711 -0.242841 -0.167779
-0.081405 0.221859 -0.111061
-0.042174 0.236143 0.074887
-0.007570 -0.249787 0.101408
0.036894 -0.253265 0.101278
-0.045871 0.240741 0.214265
0.003847 0.257080 0.265687
0.056798 0.254297 0.366380
0.059250 0.251675 0.415552
0.055695 -0.244370 0.451593
0.061669 -0.253833 0.409181
0.098632 -0.232466 0.451594
0.093382 0.142175 0.488580
0.071060 0.106130 0.469939
0.089707 -0.076829 0.530046
0.101125 0.019133 0.561043
-0.124835 0.172985 -0.492943
-0.091190 0.222559 -0.301706
-0.087562 0.223484 -0.253883
-0.039317 0.233230 0.028400
-0.036783 0.231164 -0.018486
-0.007098 -0.249436 0.057078
-0.007195 -0.250191 0.012527
0.037365 -0.252040 0.057032
-0.045017 0.237788 0.167701
0.003766 0.255101 0.217895
0.055246 0.256311 0.317900
0.105464 -0.240851 0.409464
0.106832 -0.131784 0.476938
0.125370 -0.156814 0.490185
0.100752 0.210993 0.496631
0.122173 -0.193161 0.494850
0.113527 0.173883 0.506011
-0.107302 -0.092701 -0.574485
-0.135939 0.089757 -0.551089
-0.140675 0.042633 -0.547931
-0.128330 0.005373 -0.534631
-0.146236 -0.034624 -0.546327
-0.094567 0.218642 -0.349230
-0.034387 0.227708 -0.065527
-0.007513 -0.249092 -0.032256
0.036856 -0.251263 -0.032242
0.037356 -0.252599 0.012548
0.054165 0.258199 0.269807
0.104125 0.234036 0.415571
0.103673 0.222927 0.461114
0.124064 -0.030105 0.503453
0.112505 -0.075112 0.486408
0.111676 0.025406 0.510551
-0.114906 0.131456 -0.542162
-0.099017 0.205365 -0.442761
-0.097451 0.212691 -0.396231
-0.113289 -0.207260 -0.441245
-0.073853 -0.215704 -0.444651
-0.070148 -0.225460 -0.399113
-0.035711 0.230289 -0.160404
-0.034217 0.228150 -0.112931
0.010052 0.245295 -0.019115
0.008466 0.247574 0.028514
0.054002 0.259232 0.221890
0.103269 0.240130 0.368307
0.099175 -0.105315 0.388531
0.089304 -0.107837 0.429336
0.132697 -0.131989 0.398146
0.092488 0.112304 0.398531
0.112367 0.070032 0.436920
0.124762 0.072421 0.400506
0.123371 -0.131898 0.438934
0.110570 0.147560 0.448297
0.082685 0.109437 0.434616
0.124067 0.153680 0.407825
0.098824 0.070894 0.474551
0.108014 0.022154 0.465799
0.127191 0.027156 0.421782
0.145261 -0.165173 0.449250
0.132270 0.186493 0.460548
0.134583 -0.206348 0.452888
-0.090597 0.080639 -0.578803
-0.093999 0.036628 -0.566034
-0.066774 -0.231523 -0.353013
-0.023736 -0.235270 -0.353750
-0.020180 -0.240210 -0.307220
-0.042261 0.231816 -0.255334
0.005481 0.250722 0.123251
0.004631 0.251973 0.170482
0.054448 0.259945 0.173773
0.055612 0.257285 0.125584
0.101837 0.245682 0.273246
0.102533 0.243515 0.320813
0.101187 0.117378 0.359548
0.104062 0.069267 0.358292
0.108850 0.123710 0.317627
0.136988 0.199303 0.414679
-0.083175 0.162523 -0.527814
-0.059570 0.215090 -0.439094
-0.054603 0.223181 -0.394896
-0.050270 0.229428 -0.349303
-0.046294 0.233437 -0.302602
0.009332 0.244876 -0.162453
-0.038365 0.230790 -0.207949
0.006756 0.249489 0.075948
0.056456 0.254630 0.077459
0.102131 0.247818 0.225579
0.136228 0.206135 0.368258
0.155803 0.035302 0.383874
-0.069225 0.122026 -0.562940
-0.050806 -0.014197 -0.570499
-0.093637 -0.002585 -0.564286
-0.039603 0.158578 -0.545527
-0.096422 0.189867 -0.488105
-0.062518 0.204824 -0.468008
0.000221 0.237761 -0.304141
0.003449 0.238672 -0.257211
0.058382 0.249584 -0.019248
0.102575 0.249152 0.177592
0.131956 -0.086425 0.232784
0.108833 -0.042560 0.275316
0.103482 -0.085457 0.266962
0.107493 0.076749 0.309094
0.127812 0.087522 0.277923
0.137127 0.210231 0.322304
0.138168 -0.133123 0.355524
0.157445 -0.171254 0.361893
0.132591 -0.130519 0.312320
0.117614 -0.010938 0.338433
0.158026 -0.016241 0.371633
-0.046654 0.031406 -0.564212
-0.030991 0.206331 -0.475618
-0.053598 0.190981 -0.504393
-0.010035 0.226338 -0.394863
-0.004190 0.232352 -0.350066
0.011722 0.241628 -0.114730
0.012168 0.241574 -0.066799
0.058565 0.247594 -0.116496
0.059083 0.247452 -0.067805
0.104935 0.248675 0.079595
0.104064 0.250190 0.128958
0.108435 -0.076256 0.148365
0.126827 -0.127611 0.103242
0.121778 -0.077097 0.105577
0.128601 -0.133099 0.228331
0.168415 -0.165549 0.231785
0.128486 -0.127990 0.188057
0.122746 0.002147 0.220048
0.111664 0.044023 0.230236
0.158510 0.000861 0.256132
0.137495 0.213015 0.275899
0.137789 0.215135 0.228664
0.116709 -0.001753 0.285307
0.144903 -0.046153 0.248666
0.151845 -0.215837 0.321162
0.155852 -0.216308 0.277273
0.166438 -0.168534 0.274797
-0.018487 0.217869 -0.437398
0.006823 0.244128 -0.210174
0.053797 0.236667 -0.211847
0.056508 0.243113 -0.164530
0.057612 0.253234 0.029112
0.135107 -0.128281 0.063380
0.122936 -0.078986 0.068142
0.152750 0.169501 0.231974
0.120325 0.135076 0.232466
0.125931 0.138822 0.184443
0.156057 0.172244 0.183841
0.128196 -0.127336 0.268919
0.148343 0.166069 0.278248
-0.054266 -0.056663 -0.582736
-0.006184 -0.021681 -0.557847
-0.001677 -0.056659 -0.587497
0.047757 0.233404 -0.305744
0.050882 0.233790 -0.258943
0.105684 0.241175 -0.068382
0.105513 0.243584 -0.018985
0.105957 0.247512 0.030271
0.118438 -0.042568 -0.011786
0.112489 -0.083926 0.027763
0.109980 -0.099314 -0.016998
0.115291 0.099296 0.037884
0.122007 0.057698 0.093855
0.138834 0.060024 0.049271
0.157700 0.016371 0.126162
0.129645 0.012435 0.088786
0.138845 0.217683 0.131816
0.149357 0.065311 0.135039
0.121291 0.052646 0.177011
0.135751 0.009667 0.171392
0.170305 -0.165978 0.190071
0.137723 0.216242 0.180663
0.011351 0.203103 -0.479505
-0.010530 0.186841 -0.516147
0.026320 0.215722 -0.439735
0.036207 0.222197 -0.396354
0.042805 0.227367 -0.351422
0.103017 0.234923 -0.165662
0.104778 0.238386 -0.117344
0.120047 -0.107699 -0.060850
0.149680 -0.132267 -0.019412
0.137789 -0.129218 0.022671
0.128137 0.098615 -0.012743
0.136980 0.057119 0.000929
0.098194 0.225921 -0.260550
0.100819 0.230323 -0.213356
0.119142 -0.062845 -0.149722
0.115408 -0.109727 -0.152508
0.117614 -0.109118 -0.199875
0.139826 -0.067495 -0.191785
0.118307 -0.110212 -0.106250
0.160627 -0.129457 -0.108774
0.157817 -0.131742 -0.063392
0.136186 0.047378 -0.056593
0.134862 -0.001327 -0.057615
0.140731 0.214565 -0.017490
0.142344 0.211739 -0.067489
0.140535 0.216639 0.032530
0.158528 0.174739 0.084877
0.159498 0.175203 0.034572
0.056487 0.191657 -0.484996
0.033557 0.174645 -0.523528
0.089487 0.214215 -0.352721
0.082047 0.207580 -0.397693
0.095001 0.220844 -0.307139
0.115732 0.032611 -0.146677
0.118062 -0.017022 -0.149399
0.128918 -0.021515 -0.195814
0.116598 0.024688 -0.199930
0.140248 0.205976 -0.164726
0.141555 0.208495 -0.116704
0.154184 0.038936 -0.105725
0.157831 0.174103 -0.016465
0.017223 0.102726 -0.579066
0.044046 0.133363 -0.558647
0.050905 0.085700 -0.579192
0.077611 0.104603 -0.557021
0.048510 -0.050132 -0.577018
0.035581 -0.023144 -0.538560
0.078761 -0.014427 -0.520737
0.071631 0.201190 -0.442027
0.127629 0.024271 -0.249580
0.147304 -0.020897 -0.240732
0.163090 -0.124832 -0.198562
0.128519 -0.105877 -0.243248
0.139892 0.203581 -0.212073
0.126877 0.125268 -0.161931
0.129606 0.132694 -0.116968
0.129773 0.078777 -0.155405
0.146656 0.088406 -0.112959
0.180330 -0.170514 -0.067848
0.161070 0.165406 -0.115819
0.163530 0.168717 -0.066812
0.087054 -0.050236 -0.542213
0.132467 0.189073 -0.352013
0.137417 0.195582 -0.305675
0.167084 -0.124525 -0.244035
0.128558 -0.104925 -0.289085
0.166892 -0.121689 -0.289918
0.159203 0.162546 -0.163270
0.161361 -0.126529 -0.153676
0.180798 -0.167839 -0.158102
0.180279 -0.169548 -0.113011
0.099444 0.169242 -0.487721
0.075439 0.153695 -0.527530
0.115319 0.177337 -0.442836
0.125781 0.183001 -0.397628
0.127744 0.104471 -0.342865
0.132771 0.113418 -0.297315
0.158705 0.072753 -0.293075
0.131926 0.116141 -0.251982
0.132128 0.070226 -0.252514
0.149857 0.025774 -0.288533
0.151516 -0.019473 -0.287241
0.178925 -0.166107 -0.203297
0.096313 -0.085422 -0.558451
0.110488 -0.079727 -0.501542
0.130110 -0.108727 -0.518829
0.143303 -0.103058 -0.423460
0.134167 -0.104072 -0.379436
0.168184 -0.121145 -0.378591
0.168590 -0.123152 -0.425443
0.158595 0.068976 -0.338940
0.130489 0.102539 -0.388184
0.169647 0.074359 -0.383272
0.124338 -0.105663 -0.335305
0.167696 -0.120519 -0.334532
0.145887 -0.018140 -0.333962
0.131593 -0.060106 -0.334915
0.148004 -0.063332 -0.377954
0.163012 -0.026536 -0.372995
0.159000 0.146005 -0.347535
0.157850 0.142092 -0.392761
0.161464 0.151743 -0.300657
0.177662 -0.163092 -0.294060
0.178947 -0.165846 -0.248740
0.103785 0.082676 -0.507962
0.121714 0.092888 -0.470232
0.148774 0.057979 -0.474017
0.151383 0.140268 -0.438499
0.157469 -0.067925 -0.422399
0.151310 0.024756 -0.336111
0.174624 0.024897 -0.384206
0.169541 -0.026332 -0.423704
0.170198 0.020732 -0.429005
-0.131184 -0.191953 0.282195
-0.093830 -0.222055 0.191404
-0.094522 -0.004327 0.340984
-0.023398 -0.251254 0.364828
-0.054316 -0.241374 0.190295
-0.016434 -0.254012 0.277279
0.016272 -0.255863 0.409081
0.011250 -0.247333 0.451951
-0.052207 -0.240773 0.146163
-0.013845 -0.253940 0.233464
-0.027810 -0.247558 0.408454
0.028272 -0.259341 0.277023
0.049735 -0.231272 0.492150
-0.051114 -0.241177 -0.031920
0.031109 -0.257003 0.233117
0.065568 -0.103034 0.499175
0.077506 -0.130145 0.506444
-0.051469 -0.239359 -0.076878
-0.050831 -0.240808 0.101924
0.033680 -0.255200 0.189286
0.066380 -0.256721 0.365318
0.090880 -0.220689 0.490286
-0.159216 -0.149222 -0.478434
-0.145852 -0.180530 -0.468925
-0.108159 -0.220551 -0.350809
-0.053405 -0.240974 -0.122115
0.073429 -0.254564 0.277007
0.094799 0.075380 0.514961
-0.131181 -0.160072 -0.514209
-0.060571 -0.239949 -0.260329
-0.008339 -0.246558 -0.077287
0.076188 -0.252815 0.233166
0.110238 -0.243678 0.365415
0.085876 -0.109934 0.467510
-0.089115 -0.171088 -0.526491
-0.116328 -0.188506 -0.481743
-0.063394 -0.236072 -0.306696
0.080616 -0.251365 0.145670
0.078657 -0.251461 0.189467
0.070223 -0.256253 0.321120
0.111777 -0.059269 0.392290
0.108295 -0.065927 0.439162
0.140855 -0.212369 0.409257
-0.107262 -0.044975 -0.579611
-0.099328 -0.133654 -0.553164
-0.016985 -0.243808 -0.260724
-0.014227 -0.245962 -0.214331
-0.011956 -0.245079 -0.168258
0.035657 -0.246344 -0.077101
0.081778 -0.250431 0.101665
0.120014 -0.240353 0.233466
0.117501 -0.242442 0.277123
0.114374 -0.243828 0.321156
0.124846 -0.016138 0.405263
0.115328 -0.023443 0.453160
-0.079135 -0.197709 -0.487771
0.034195 -0.242344 -0.122320
0.109018 -0.092278 0.313872
0.113290 0.037854 0.295642
0.117491 0.029976 0.350029
0.116961 -0.103573 0.350957
0.113130 -0.051811 0.324366
0.144808 -0.064371 0.360323
0.146501 -0.215345 0.365194
0.134329 0.157456 0.365688
0.153329 -0.169600 0.405785
-0.049424 -0.138715 -0.560439
-0.043366 -0.174598 -0.530657
-0.036806 -0.201173 -0.490840
0.032098 -0.241118 -0.167961
-0.009805 -0.243742 -0.122550
0.080959 -0.244619 -0.031519
0.081781 -0.247398 0.013089
0.082072 -0.248662 0.057473
0.124477 -0.239481 0.146338
0.122777 -0.240149 0.189960
0.115311 0.132083 0.277426
0.141586 0.161622 0.322267
-0.054254 -0.100490 -0.583324
-0.031951 -0.220025 -0.446961
-0.027692 -0.228288 -0.400235
0.023612 -0.237659 -0.306497
0.026977 -0.240782 -0.260126
0.029781 -0.242154 -0.213923
0.079860 -0.240926 -0.076283
0.125916 -0.239100 0.058543
0.125784 -0.239728 0.102655
0.120432 -0.080425 0.192759
0.103445 0.091042 0.233340
0.108518 0.096620 0.181952
0.162357 -0.215710 0.190653
0.159026 -0.215635 0.233753
0.154672 0.050804 0.264668
0.164028 -0.169565 0.318414
-0.041499 0.071835 -0.581187
0.002757 -0.175335 -0.532169
0.006971 -0.201767 -0.491725
0.019923 -0.233889 -0.353093
0.076586 -0.237885 -0.167100
0.078575 -0.239340 -0.121520
0.124951 -0.236020 0.014322
0.121259 -0.030136 0.154916
0.121303 0.104335 0.136046
0.131534 0.142180 0.135669
0.126954 -0.039087 0.205375
0.163723 -0.215005 0.147234
-0.024253 0.113648 -0.573909
-0.000907 -0.101334 -0.586905
0.000397 -0.139680 -0.563211
0.011251 -0.218456 -0.446676
0.015685 -0.227178 -0.399729
0.071234 -0.235174 -0.258864
0.074136 -0.237351 -0.212906
0.123928 -0.233022 -0.074975
0.124315 -0.233582 -0.030140
0.112525 0.101305 0.088983
0.164484 -0.215565 0.060409
0.164777 -0.214963 0.104080
0.003166 0.149321 -0.554510
-0.004697 0.026000 -0.554214
0.050143 -0.197268 -0.489108
0.067675 -0.231636 -0.304933
0.122599 -0.231804 -0.120194
0.118221 -0.034151 0.033611
0.163835 -0.214873 0.016531
0.132267 -0.032820 0.076698
0.131779 0.012135 0.041060
0.136093 0.139376 0.036101
0.133470 0.139621 0.086253
0.139811 0.217400 0.082295
0.143429 -0.032793 0.116416
0.172270 -0.161782 0.147316
0.173131 -0.162568 0.105166
0.157366 0.175000 0.134644
0.002699 0.063060 -0.580226
0.048909 -0.136108 -0.560828
0.048116 -0.171673 -0.529898
0.058922 -0.221617 -0.397482
0.063582 -0.227229 -0.351105
0.117605 -0.225948 -0.211127
0.120307 -0.228699 -0.165637
0.126306 -0.059561 -0.103579
0.127168 -0.053222 -0.056506
0.132113 0.007620 -0.003833
0.164296 -0.213763 -0.027797
0.136821 0.139386 -0.016019
0.175556 -0.167963 0.062516
0.050410 -0.095375 -0.580408
0.035406 0.024084 -0.537130
0.054166 -0.213274 -0.443974
0.114788 -0.223307 -0.256722
0.110973 -0.219479 -0.302357
0.140050 -0.012225 -0.105924
0.133318 0.135941 -0.066495
0.123190 0.093029 -0.063672
0.163636 -0.211577 -0.072502
0.161258 -0.209195 -0.117490
0.177367 -0.170283 0.020013
0.179292 -0.171558 -0.023373
0.042537 0.058615 -0.560206
0.090487 -0.161420 -0.522550
0.090350 -0.185942 -0.482502
0.106763 -0.215661 -0.348044
0.123246 0.071430 -0.203264
0.126730 0.120337 -0.207135
0.157295 -0.204457 -0.208018
0.158912 -0.206305 -0.162692
0.095897 -0.126732 -0.550295
0.079506 0.066168 -0.537732
0.075067 0.029472 -0.516362
0.100786 -0.209293 -0.393332
0.139834 -0.062445 -0.287582
0.155067 -0.202467 -0.253502
0.151041 -0.198043 -0.298773
0.138946 0.199621 -0.258994
0.147794 -0.065571 -0.240185
0.125934 -0.170557 -0.472289
0.094409 -0.200428 -0.438526
0.131242 -0.183239 -0.432188
0.147365 -0.195717 -0.344101
0.158330 0.159508 -0.209987
0.160684 0.154657 -0.255035
0.127046 -0.146478 -0.505407
0.115751 0.042987 -0.501379
0.135535 -0.105489 -0.470343
0.139813 -0.190611 -0.388631
0.108234 0.121073 -0.525331
0.133481 0.134643 -0.483913
0.154507 -0.127569 -0.473992
0.150491 -0.154155 -0.458820
0.144096 -0.071916 -0.467567
0.160934 -0.157407 -0.424672
0.168937 -0.160447 -0.383025
0.175208 -0.161822 -0.339069
0.123260 -0.001037 -0.505100
0.156372 0.011847 -0.472366
0.121046 -0.041832 -0.503229
0.157214 -0.032965 -0.470381
0.136381 0.101245 -0.431234
0.164462 0.070888 -0.430893
0.123054 -0.128062 0.145725
-0.044506 0.238850 0.121309
-0.007109 0.103647 0.529097
</float_array>
          <technique_common>
            <accessor source="#HotDog-POSITION-array" count="856" stride="3">
              <param name="X" type="float"/>
              <param name="Y" type="float"/>
              <param name="Z" type="float"/>
            </accessor>
          </technique_common>
        </source>
        <source id="HotDog-Normal0">
          <float_array id="HotDog-Normal0-array" count="15372">
-0.707085 0.666804 0.235380
-0.962135 0.090608 0.257074
-0.578085 0.711061 0.400263
-0.962135 0.090608 0.257074
-0.707085 0.666804 0.235380
-0.992177 0.013426 0.124117
-0.743062 0.604313 0.287514
-0.638340 0.743137 0.200674
-0.707085 0.666804 0.235380
-0.707085 0.666804 0.235380
-0.638340 0.743137 0.200674
-0.877350 0.459076 0.139663
-0.578085 0.711061 0.400263
-0.679081 0.644081 0.352149
-0.743062 0.604313 0.287514
-0.743062 0.604313 0.287514
-0.707085 0.666804 0.235380
-0.578085 0.711061 0.400263
-0.707085 0.666804 0.235380
-0.877350 0.459076 0.139663
-0.992177 0.013426 0.124117
-0.992177 0.013426 0.124117
-0.877350 0.459076 0.139663
-0.993973 -0.096538 0.051943
-0.877350 0.459076 0.139663
-0.960514 0.262390 0.092549
-0.993973 -0.096538 0.051943
-0.993973 -0.096538 0.051943
-0.960514 0.262390 0.092549
-0.983790 -0.179266 0.004679
-0.962135 0.090608 0.257074
-0.992177 0.013426 0.124117
-0.934972 -0.321842 0.149150
-0.934972 -0.321842 0.149150
-0.992177 0.013426 0.124117
-0.936354 -0.348720 0.040439
-0.992177 0.013426 0.124117
-0.993973 -0.096538 0.051943
-0.936354 -0.348720 0.040439
-0.936354 -0.348720 0.040439
-0.993973 -0.096538 0.051943
-0.913786 -0.405793 -0.018099
-0.531095 0.612370 0.585612
-0.962135 0.090608 0.257074
-0.889111 -0.012327 0.457527
-0.962135 0.090608 0.257074
-0.531095 0.612370 0.585612
-0.578085 0.711061 0.400263
-0.962135 0.090608 0.257074
-0.859311 -0.404710 0.312721
-0.889111 -0.012327 0.457527
-0.859311 -0.404710 0.312721
-0.962135 0.090608 0.257074
-0.934972 -0.321842 0.149150
-0.768763 -0.607304 0.200465
-0.934972 -0.321842 0.149150
-0.783972 -0.614485 0.088296
-0.934972 -0.321842 0.149150
-0.768763 -0.607304 0.200465
-0.859311 -0.404710 0.312721
-0.934972 -0.321842 0.149150
-0.936354 -0.348720 0.040439
-0.783972 -0.614485 0.088296
-0.783972 -0.614485 0.088296
-0.936354 -0.348720 0.040439
-0.758236 -0.651980 0.000802
-0.889111 -0.012327 0.457527
-0.742347 -0.336815 0.579203
-0.541365 0.344183 0.767112
-0.541365 0.344183 0.767112
-0.531095 0.612370 0.585612
-0.889111 -0.012327 0.457527
-0.742347 -0.336815 0.579203
-0.859311 -0.404710 0.312721
-0.662809 -0.650345 0.371129
-0.859311 -0.404710 0.312721
-0.742347 -0.336815 0.579203
-0.889111 -0.012327 0.457527
-0.768763 -0.607304 0.200465
-0.550866 -0.831624 0.070342
-0.582419 -0.786573 0.205161
-0.550866 -0.831624 0.070342
-0.768763 -0.607304 0.200465
-0.783972 -0.614485 0.088296
-0.768763 -0.607304 0.200465
-0.662809 -0.650345 0.371129
-0.859311 -0.404710 0.312721
-0.662809 -0.650345 0.371129
-0.768763 -0.607304 0.200465
-0.582419 -0.786573 0.205161
-0.913786 -0.405793 -0.018099
-0.993973 -0.096538 0.051943
-0.983790 -0.179266 0.004679
-0.913786 -0.405793 -0.018099
-0.983790 -0.179266 0.004679
-0.889257 -0.455664 -0.039903
-0.950664 0.293104 0.101630
-0.926371 -0.361053 0.107133
-0.818807 -0.547204 0.173561
-0.926371 -0.361053 0.107133
-0.950664 0.293104 0.101630
-0.948424 0.316958 -0.005427
-0.948424 0.316958 -0.005427
-0.748705 0.662131 -0.031983
-0.753874 0.652065 -0.080532
-0.948424 0.316958 -0.005427
-0.753874 0.652065 -0.080532
-0.944767 0.324174 -0.048222
-0.737487 0.669510 0.088710
-0.748705 0.662131 -0.031983
-0.950664 0.293104 0.101630
-0.950664 0.293104 0.101630
-0.748705 0.662131 -0.031983
-0.948424 0.316958 -0.005427
-0.948424 0.316958 -0.005427
-0.944767 0.324174 -0.048222
-0.926371 -0.361053 0.107133
-0.926371 -0.361053 0.107133
-0.944767 0.324174 -0.048222
-0.970674 -0.216749 0.103978
-0.926239 0.257020 0.275721
-0.950664 0.293104 0.101630
-0.723105 -0.594367 0.351918
-0.723105 -0.594367 0.351918
-0.950664 0.293104 0.101630
-0.818807 -0.547204 0.173561
-0.629966 -0.724196 0.280504
-0.818807 -0.547204 0.173561
-0.926371 -0.361053 0.107133
-0.629966 -0.724196 0.280504
-0.926371 -0.361053 0.107133
-0.735554 -0.611106 0.292422
-0.818807 -0.547204 0.173561
-0.507917 -0.795961 0.329342
-0.723105 -0.594367 0.351918
-0.507917 -0.795961 0.329342
-0.818807 -0.547204 0.173561
-0.629966 -0.724196 0.280504
-0.926239 0.257020 0.275721
-0.696486 0.672823 0.249430
-0.737487 0.669510 0.088710
-0.926239 0.257020 0.275721
-0.737487 0.669510 0.088710
-0.950664 0.293104 0.101630
-0.936354 -0.348720 0.040439
-0.913786 -0.405793 -0.018099
-0.758236 -0.651980 0.000802
-0.758236 -0.651980 0.000802
-0.913786 -0.405793 -0.018099
-0.732464 -0.679350 -0.044498
-0.732464 -0.679350 -0.044498
-0.913786 -0.405793 -0.018099
-0.889257 -0.455664 -0.039903
-0.732464 -0.679350 -0.044498
-0.889257 -0.455664 -0.039903
-0.731061 -0.681170 -0.039459
-0.783972 -0.614485 0.088296
-0.758236 -0.651980 0.000802
-0.550866 -0.831624 0.070342
-0.550866 -0.831624 0.070342
-0.758236 -0.651980 0.000802
-0.537432 -0.843244 -0.010279
-0.537432 -0.843244 -0.010279
-0.758236 -0.651980 0.000802
-0.732464 -0.679350 -0.044498
-0.537432 -0.843244 -0.010279
-0.732464 -0.679350 -0.044498
-0.538222 -0.842340 -0.027929
-0.382179 -0.920714 0.078896
-0.550866 -0.831624 0.070342
-0.537432 -0.843244 -0.010279
-0.382179 -0.920714 0.078896
-0.537432 -0.843244 -0.010279
-0.379957 -0.925001 0.002631
-0.621637 0.639676 0.452086
-0.696486 0.672823 0.249430
-0.846763 0.170652 0.503856
-0.846763 0.170652 0.503856
-0.696486 0.672823 0.249430
-0.926239 0.257020 0.275721
-0.846763 0.170652 0.503856
-0.926239 0.257020 0.275721
-0.600145 -0.620204 0.505147
-0.600145 -0.620204 0.505147
-0.926239 0.257020 0.275721
-0.723105 -0.594367 0.351918
-0.723105 -0.594367 0.351918
-0.412595 -0.811061 0.414663
-0.600145 -0.620204 0.505147
-0.412595 -0.811061 0.414663
-0.723105 -0.594367 0.351918
-0.507917 -0.795961 0.329342
-0.679081 0.644081 0.352149
-0.531095 0.612370 0.585612
-0.547664 0.619275 0.562639
-0.531095 0.612370 0.585612
-0.679081 0.644081 0.352149
-0.578085 0.711061 0.400263
-0.436888 -0.613407 0.657921
-0.574341 -0.059903 0.816422
-0.846763 0.170652 0.503856
-0.846763 0.170652 0.503856
-0.600145 -0.620204 0.505147
-0.436888 -0.613407 0.657921
-0.662809 -0.650345 0.371129
-0.400271 -0.892302 0.208760
-0.439255 -0.817639 0.372184
-0.400271 -0.892302 0.208760
-0.662809 -0.650345 0.371129
-0.582419 -0.786573 0.205161
-0.400271 -0.892302 0.208760
-0.582419 -0.786573 0.205161
-0.550866 -0.831624 0.070342
-0.400271 -0.892302 0.208760
-0.550866 -0.831624 0.070342
-0.382179 -0.920714 0.078896
-0.398953 -0.805784 0.437664
-0.600145 -0.620204 0.505147
-0.412595 -0.811061 0.414663
-0.600145 -0.620204 0.505147
-0.398953 -0.805784 0.437664
-0.436888 -0.613407 0.657921
-0.434212 0.364346 0.823840
-0.846763 0.170652 0.503856
-0.574341 -0.059903 0.816422
-0.846763 0.170652 0.503856
-0.434212 0.364346 0.823840
-0.621637 0.639676 0.452086
-0.296098 -0.400911 0.866947
-0.574341 -0.059903 0.816422
-0.436888 -0.613407 0.657921
-0.436888 -0.613407 0.657921
-0.689989 -0.328038 0.645218
-0.296098 -0.400911 0.866947
-0.444536 -0.104334 0.889664
-0.742347 -0.336815 0.579203
-0.503119 -0.628132 0.593567
-0.742347 -0.336815 0.579203
-0.444536 -0.104334 0.889664
-0.541365 0.344183 0.767112
-0.547664 0.619275 0.562639
-0.541365 0.344183 0.767112
-0.250727 0.637041 0.728913
-0.541365 0.344183 0.767112
-0.547664 0.619275 0.562639
-0.531095 0.612370 0.585612
-0.158663 0.514767 0.842521
-0.541365 0.344183 0.767112
-0.444536 -0.104334 0.889664
-0.541365 0.344183 0.767112
-0.158663 0.514767 0.842521
-0.250727 0.637041 0.728913
-0.992414 0.111298 0.052225
-0.999499 0.029529 0.011418
-0.972305 -0.233086 -0.017117
-0.972305 -0.233086 -0.017117
-0.999499 0.029529 0.011418
-0.963702 -0.265804 -0.025025
-0.873497 -0.485030 -0.041824
-0.972305 -0.233086 -0.017117
-0.963702 -0.265804 -0.025025
-0.873497 -0.485030 -0.041824
-0.963702 -0.265804 -0.025025
-0.866765 -0.497166 -0.039296
-0.963702 -0.265804 -0.025025
-0.999499 0.029529 0.011418
-0.999724 0.001818 -0.023409
-0.963702 -0.265804 -0.025025
-0.999724 0.001818 -0.023409
-0.959134 -0.280969 -0.033442
-0.960514 0.262390 0.092549
-0.992414 0.111298 0.052225
-0.983790 -0.179266 0.004679
-0.983790 -0.179266 0.004679
-0.992414 0.111298 0.052225
-0.972305 -0.233086 -0.017117
-0.889257 -0.455664 -0.039903
-0.983790 -0.179266 0.004679
-0.972305 -0.233086 -0.017117
-0.889257 -0.455664 -0.039903
-0.972305 -0.233086 -0.017117
-0.873497 -0.485030 -0.041824
-0.999499 0.029529 0.011418
-0.827326 0.557012 0.072589
-0.862041 0.506749 0.009543
-0.999499 0.029529 0.011418
-0.862041 0.506749 0.009543
-0.999724 0.001818 -0.023409
-0.992414 0.111298 0.052225
-0.782792 0.608207 0.131611
-0.827326 0.557012 0.072589
-0.992414 0.111298 0.052225
-0.827326 0.557012 0.072589
-0.999499 0.029529 0.011418
-0.701273 0.697044 0.149485
-0.782792 0.608207 0.131611
-0.960514 0.262390 0.092549
-0.960514 0.262390 0.092549
-0.782792 0.608207 0.131611
-0.992414 0.111298 0.052225
-0.782792 0.608207 0.131611
-0.972370 0.035320 0.230759
-0.827326 0.557012 0.072589
-0.972370 0.035320 0.230759
-0.782792 0.608207 0.131611
-0.916615 0.234464 0.323795
-0.814628 -0.500594 0.292894
-0.970674 -0.216749 0.103978
-0.991562 -0.084545 0.098267
-0.991562 -0.084545 0.098267
-0.858782 -0.433448 0.273160
-0.814628 -0.500594 0.292894
-0.991562 -0.084545 0.098267
-0.997725 0.032834 0.058887
-0.858782 -0.433448 0.273160
-0.858782 -0.433448 0.273160
-0.997725 0.032834 0.058887
-0.868597 -0.466097 0.168205
-0.858782 -0.433448 0.273160
-0.972370 0.035320 0.230759
-0.916615 0.234464 0.323795
-0.972370 0.035320 0.230759
-0.858782 -0.433448 0.273160
-0.868597 -0.466097 0.168205
-0.735554 -0.611106 0.292422
-0.926371 -0.361053 0.107133
-0.970674 -0.216749 0.103978
-0.970674 -0.216749 0.103978
-0.814628 -0.500594 0.292894
-0.735554 -0.611106 0.292422
-0.944767 0.324174 -0.048222
-0.946021 0.320556 -0.047842
-0.970674 -0.216749 0.103978
-0.970674 -0.216749 0.103978
-0.946021 0.320556 -0.047842
-0.991562 -0.084545 0.098267
-0.914836 0.233681 0.329345
-0.814628 -0.500594 0.292894
-0.858782 -0.433448 0.273160
-0.914836 0.233681 0.329345
-0.858782 -0.433448 0.273160
-0.916615 0.234464 0.323795
-0.638340 0.743137 0.200674
-0.701273 0.697044 0.149485
-0.877350 0.459076 0.139663
-0.877350 0.459076 0.139663
-0.701273 0.697044 0.149485
-0.960514 0.262390 0.092549
-0.873497 -0.485030 -0.041824
-0.866765 -0.497166 -0.039296
-0.744408 -0.666840 -0.034377
-0.744408 -0.666840 -0.034377
-0.866765 -0.497166 -0.039296
-0.750691 -0.659506 -0.038909
-0.731061 -0.681170 -0.039459
-0.889257 -0.455664 -0.039903
-0.873497 -0.485030 -0.041824
-0.731061 -0.681170 -0.039459
-0.873497 -0.485030 -0.041824
-0.744408 -0.666840 -0.034377
-0.916615 0.234464 0.323795
-0.701273 0.697044 0.149485
-0.914836 0.233681 0.329345
-0.701273 0.697044 0.149485
-0.916615 0.234464 0.323795
-0.782792 0.608207 0.131611
-0.915532 0.123552 0.382801
-0.735554 -0.611106 0.292422
-0.814628 -0.500594 0.292894
-0.814628 -0.500594 0.292894
-0.914836 0.233681 0.329345
-0.915532 0.123552 0.382801
-0.629966 -0.724196 0.280504
-0.735554 -0.611106 0.292422
-0.937636 -0.073525 0.339753
-0.937636 -0.073525 0.339753
-0.735554 -0.611106 0.292422
-0.915532 0.123552 0.382801
-0.915532 0.123552 0.382801
-0.914836 0.233681 0.329345
-0.638340 0.743137 0.200674
-0.914836 0.233681 0.329345
-0.701273 0.697044 0.149485
-0.638340 0.743137 0.200674
-0.937636 -0.073525 0.339753
-0.638340 0.743137 0.200674
-0.743062 0.604313 0.287514
-0.638340 0.743137 0.200674
-0.937636 -0.073525 0.339753
-0.915532 0.123552 0.382801
-0.385827 -0.922571 0.000656
-0.538222 -0.842340 -0.027929
-0.558676 -0.829378 0.003687
-0.385827 -0.922571 0.000656
-0.558676 -0.829378 0.003687
-0.380299 -0.924529 0.024870
-0.732464 -0.679350 -0.044498
-0.731061 -0.681170 -0.039459
-0.538222 -0.842340 -0.027929
-0.538222 -0.842340 -0.027929
-0.731061 -0.681170 -0.039459
-0.558676 -0.829378 0.003687
-0.379957 -0.925001 0.002631
-0.537432 -0.843244 -0.010279
-0.538222 -0.842340 -0.027929
-0.379957 -0.925001 0.002631
-0.538222 -0.842340 -0.027929
-0.385827 -0.922571 0.000656
-0.742347 -0.336815 0.579203
-0.439255 -0.817639 0.372184
-0.503119 -0.628132 0.593567
-0.439255 -0.817639 0.372184
-0.742347 -0.336815 0.579203
-0.662809 -0.650345 0.371129
-0.503119 -0.628132 0.593567
-0.240641 -0.889599 0.388208
-0.234815 -0.760448 0.605460
-0.240641 -0.889599 0.388208
-0.503119 -0.628132 0.593567
-0.439255 -0.817639 0.372184
-0.400271 -0.892302 0.208760
-0.240641 -0.889599 0.388208
-0.439255 -0.817639 0.372184
-0.240641 -0.889599 0.388208
-0.400271 -0.892302 0.208760
-0.244543 -0.943614 0.223140
-0.434212 0.364346 0.823840
-0.296098 -0.400911 0.866947
-0.190365 -0.265787 0.945049
-0.296098 -0.400911 0.866947
-0.434212 0.364346 0.823840
-0.574341 -0.059903 0.816422
-0.221893 0.396194 0.890951
-0.320293 0.828106 0.460057
-0.434212 0.364346 0.823840
-0.320293 0.828106 0.460057
-0.621637 0.639676 0.452086
-0.434212 0.364346 0.823840
-0.162222 -0.269434 0.949257
-0.444536 -0.104334 0.889664
-0.503119 -0.628132 0.593567
-0.162222 -0.269434 0.949257
-0.503119 -0.628132 0.593567
-0.234815 -0.760448 0.605460
-0.162222 -0.269434 0.949257
0.001378 0.493470 0.869762
-0.158663 0.514767 0.842521
-0.158663 0.514767 0.842521
-0.444536 -0.104334 0.889664
-0.162222 -0.269434 0.949257
-0.827326 0.557012 0.072589
-0.972370 0.035320 0.230759
-0.999203 -0.028171 0.028293
-0.827326 0.557012 0.072589
-0.999203 -0.028171 0.028293
-0.862041 0.506749 0.009543
-0.862041 0.506749 0.009543
-0.887305 0.460985 0.013536
-0.999724 0.001818 -0.023409
-0.999724 0.001818 -0.023409
-0.887305 0.460985 0.013536
-0.999574 -0.005980 -0.028572
-0.963702 -0.265804 -0.025025
-0.959134 -0.280969 -0.033442
-0.866765 -0.497166 -0.039296
-0.866765 -0.497166 -0.039296
-0.959134 -0.280969 -0.033442
-0.863208 -0.503312 -0.039365
-0.959134 -0.280969 -0.033442
-0.999724 0.001818 -0.023409
-0.999574 -0.005980 -0.028572
-0.959134 -0.280969 -0.033442
-0.999574 -0.005980 -0.028572
-0.959216 -0.280474 -0.035187
-0.863208 -0.503312 -0.039365
-0.959134 -0.280969 -0.033442
-0.959216 -0.280474 -0.035187
-0.863208 -0.503312 -0.039365
-0.959216 -0.280474 -0.035187
-0.861673 -0.506244 -0.035183
-0.954587 0.296004 -0.033854
-0.955808 0.292216 -0.032264
-0.997725 0.032834 0.058887
-0.997725 0.032834 0.058887
-0.955808 0.292216 -0.032264
-0.995872 0.088459 -0.020347
-0.991562 -0.084545 0.098267
-0.946021 0.320556 -0.047842
-0.954587 0.296004 -0.033854
-0.954587 0.296004 -0.033854
-0.997725 0.032834 0.058887
-0.991562 -0.084545 0.098267
-0.753874 0.652065 -0.080532
-0.755674 0.649936 -0.080876
-0.944767 0.324174 -0.048222
-0.944767 0.324174 -0.048222
-0.755674 0.649936 -0.080876
-0.946021 0.320556 -0.047842
-0.946021 0.320556 -0.047842
-0.755674 0.649936 -0.080876
-0.759410 0.648323 -0.054530
-0.946021 0.320556 -0.047842
-0.759410 0.648323 -0.054530
-0.954587 0.296004 -0.033854
-0.320293 0.828106 0.460057
-0.397369 0.878311 0.265836
-0.621637 0.639676 0.452086
-0.621637 0.639676 0.452086
-0.397369 0.878311 0.265836
-0.696486 0.672823 0.249430
-0.547664 0.619275 0.562639
-0.995811 0.063458 0.065830
-0.679081 0.644081 0.352149
-0.995811 0.063458 0.065830
-0.547664 0.619275 0.562639
-0.915367 -0.123076 0.383348
-0.341296 0.120373 0.932216
-0.547664 0.619275 0.562639
-0.250727 0.637041 0.728913
-0.547664 0.619275 0.562639
-0.341296 0.120373 0.932216
-0.915367 -0.123076 0.383348
-0.244543 -0.943614 0.223140
-0.400271 -0.892302 0.208760
-0.382179 -0.920714 0.078896
-0.244543 -0.943614 0.223140
-0.382179 -0.920714 0.078896
-0.241673 -0.965884 0.093069
-0.241673 -0.965884 0.093069
-0.382179 -0.920714 0.078896
-0.379957 -0.925001 0.002631
-0.241673 -0.965884 0.093069
-0.379957 -0.925001 0.002631
-0.242915 -0.969777 0.022915
-0.412595 -0.811061 0.414663
-0.880387 -0.247301 0.404673
-0.398953 -0.805784 0.437664
-0.880387 -0.247301 0.404673
-0.412595 -0.811061 0.414663
-0.914224 -0.230172 0.333491
-0.436888 -0.613407 0.657921
-0.398953 -0.805784 0.437664
-0.689989 -0.328038 0.645218
-0.689989 -0.328038 0.645218
-0.398953 -0.805784 0.437664
-0.880387 -0.247301 0.404673
-0.992882 0.097170 0.068871
-0.995811 0.063458 0.065830
-0.915367 -0.123076 0.383348
-0.992882 0.097170 0.068871
-0.915367 -0.123076 0.383348
-0.874818 -0.365193 0.318319
-0.992882 0.097170 0.068871
-0.874818 -0.365193 0.318319
-0.922646 0.250304 0.293380
-0.922646 0.250304 0.293380
-0.874818 -0.365193 0.318319
-0.767023 -0.295463 0.569541
-0.980833 0.174693 0.086313
-0.992882 0.097170 0.068871
-0.934422 0.281115 0.218702
-0.934422 0.281115 0.218702
-0.992882 0.097170 0.068871
-0.922646 0.250304 0.293380
-0.915367 -0.123076 0.383348
-0.407425 -0.695576 0.591760
-0.874818 -0.365193 0.318319
-0.407425 -0.695576 0.591760
-0.915367 -0.123076 0.383348
-0.341296 0.120373 0.932216
-0.158663 0.514767 0.842521
0.001378 0.493470 0.869762
-0.341296 0.120373 0.932216
-0.341296 0.120373 0.932216
-0.250727 0.637041 0.728913
-0.158663 0.514767 0.842521
-0.999574 -0.005980 -0.028572
-0.963099 -0.266312 -0.038974
-0.959216 -0.280474 -0.035187
-0.963099 -0.266312 -0.038974
-0.999574 -0.005980 -0.028572
-0.999333 -0.008950 -0.035396
-0.999574 -0.005980 -0.028572
-0.887305 0.460985 0.013536
-0.999333 -0.008950 -0.035396
-0.887305 0.460985 0.013536
-0.901264 0.432873 0.018550
-0.999333 -0.008950 -0.035396
-0.959216 -0.280474 -0.035187
-0.963099 -0.266312 -0.038974
-0.861673 -0.506244 -0.035183
-0.861673 -0.506244 -0.035183
-0.963099 -0.266312 -0.038974
-0.866077 -0.499172 -0.027177
-0.999333 -0.008950 -0.035396
-0.969057 -0.239229 -0.060817
-0.963099 -0.266312 -0.038974
-0.969057 -0.239229 -0.060817
-0.999333 -0.008950 -0.035396
-0.995888 0.020745 -0.088191
-0.866077 -0.499172 -0.027177
-0.963099 -0.266312 -0.038974
-0.878953 -0.475579 -0.035585
-0.963099 -0.266312 -0.038974
-0.969057 -0.239229 -0.060817
-0.878953 -0.475579 -0.035585
-0.955808 0.292216 -0.032264
-0.994977 0.092103 -0.039210
-0.995872 0.088459 -0.020347
-0.994977 0.092103 -0.039210
-0.955808 0.292216 -0.032264
-0.952758 0.300880 -0.041507
-0.995872 0.088459 -0.020347
-0.911424 -0.405554 -0.069520
-0.898926 -0.438063 -0.005816
-0.911424 -0.405554 -0.069520
-0.995872 0.088459 -0.020347
-0.994977 0.092103 -0.039210
-0.952758 0.300880 -0.041507
-0.993944 0.104194 -0.034909
-0.994977 0.092103 -0.039210
-0.993944 0.104194 -0.034909
-0.952758 0.300880 -0.041507
-0.947305 0.317041 -0.045813
-0.994977 0.092103 -0.039210
-0.901705 -0.418637 -0.108034
-0.911424 -0.405554 -0.069520
-0.901705 -0.418637 -0.108034
-0.994977 0.092103 -0.039210
-0.993944 0.104194 -0.034909
-0.997725 0.032834 0.058887
-0.898926 -0.438063 -0.005816
-0.868597 -0.466097 0.168205
-0.898926 -0.438063 -0.005816
-0.997725 0.032834 0.058887
-0.995872 0.088459 -0.020347
-0.759410 0.648323 -0.054530
-0.758027 0.651394 -0.032867
-0.954587 0.296004 -0.033854
-0.954587 0.296004 -0.033854
-0.758027 0.651394 -0.032867
-0.955808 0.292216 -0.032264
-0.955808 0.292216 -0.032264
-0.756663 0.652546 -0.040555
-0.952758 0.300880 -0.041507
-0.756663 0.652546 -0.040555
-0.955808 0.292216 -0.032264
-0.758027 0.651394 -0.032867
-0.750098 -0.660474 -0.033578
-0.861673 -0.506244 -0.035183
-0.866077 -0.499172 -0.027177
-0.750098 -0.660474 -0.033578
-0.866077 -0.499172 -0.027177
-0.757775 -0.652431 -0.010552
-0.750691 -0.659506 -0.038909
-0.866765 -0.497166 -0.039296
-0.863208 -0.503312 -0.039365
-0.750691 -0.659506 -0.038909
-0.863208 -0.503312 -0.039365
-0.749698 -0.660437 -0.042141
-0.749698 -0.660437 -0.042141
-0.863208 -0.503312 -0.039365
-0.861673 -0.506244 -0.035183
-0.749698 -0.660437 -0.042141
-0.861673 -0.506244 -0.035183
-0.750098 -0.660474 -0.033578
-0.972370 0.035320 0.230759
-0.868597 -0.466097 0.168205
-0.999203 -0.028171 0.028293
-0.868597 -0.466097 0.168205
-0.898926 -0.438063 -0.005816
-0.999203 -0.028171 0.028293
-0.999203 -0.028171 0.028293
-0.898926 -0.438063 -0.005816
-0.911424 -0.405554 -0.069520
-0.999203 -0.028171 0.028293
-0.911424 -0.405554 -0.069520
-0.999749 0.005827 -0.021631
-0.999749 0.005827 -0.021631
-0.901705 -0.418637 -0.108034
-0.997417 -0.015123 -0.070221
-0.901705 -0.418637 -0.108034
-0.999749 0.005827 -0.021631
-0.911424 -0.405554 -0.069520
-0.999203 -0.028171 0.028293
-0.999749 0.005827 -0.021631
-0.862041 0.506749 0.009543
-0.862041 0.506749 0.009543
-0.999749 0.005827 -0.021631
-0.887305 0.460985 0.013536
-0.502765 0.861090 -0.075842
-0.504016 0.863184 -0.029681
-0.759410 0.648323 -0.054530
-0.759410 0.648323 -0.054530
-0.504016 0.863184 -0.029681
-0.758027 0.651394 -0.032867
-0.744408 -0.666840 -0.034377
-0.750691 -0.659506 -0.038909
-0.571747 -0.820285 -0.015454
-0.571747 -0.820285 -0.015454
-0.750691 -0.659506 -0.038909
-0.566309 -0.823391 -0.036351
-0.566309 -0.823391 -0.036351
-0.750691 -0.659506 -0.038909
-0.749698 -0.660437 -0.042141
-0.566309 -0.823391 -0.036351
-0.749698 -0.660437 -0.042141
-0.563923 -0.825047 -0.035898
-0.558676 -0.829378 0.003687
-0.731061 -0.681170 -0.039459
-0.744408 -0.666840 -0.034377
-0.558676 -0.829378 0.003687
-0.744408 -0.666840 -0.034377
-0.571747 -0.820285 -0.015454
-0.737487 0.669510 0.088710
-0.438971 0.893169 0.097747
-0.456927 0.888656 -0.038833
-0.737487 0.669510 0.088710
-0.456927 0.888656 -0.038833
-0.748705 0.662131 -0.031983
-0.748705 0.662131 -0.031983
-0.456927 0.888656 -0.038833
-0.472357 0.876954 -0.088484
-0.748705 0.662131 -0.031983
-0.472357 0.876954 -0.088484
-0.753874 0.652065 -0.080532
-0.397369 0.878311 0.265836
-0.438971 0.893169 0.097747
-0.696486 0.672823 0.249430
-0.696486 0.672823 0.249430
-0.438971 0.893169 0.097747
-0.737487 0.669510 0.088710
-0.242915 -0.969777 0.022915
-0.379957 -0.925001 0.002631
-0.385827 -0.922571 0.000656
-0.242915 -0.969777 0.022915
-0.385827 -0.922571 0.000656
-0.235514 -0.971830 0.008928
-0.938853 -0.230652 0.255644
-0.507917 -0.795961 0.329342
-0.629966 -0.724196 0.280504
-0.629966 -0.724196 0.280504
-0.937636 -0.073525 0.339753
-0.938853 -0.230652 0.255644
-0.412595 -0.811061 0.414663
-0.507917 -0.795961 0.329342
-0.914224 -0.230172 0.333491
-0.507917 -0.795961 0.329342
-0.938853 -0.230652 0.255644
-0.914224 -0.230172 0.333491
-0.987768 0.119559 0.100099
-0.743062 0.604313 0.287514
-0.679081 0.644081 0.352149
-0.679081 0.644081 0.352149
-0.995811 0.063458 0.065830
-0.987768 0.119559 0.100099
-0.700127 0.308373 0.643994
-0.922646 0.250304 0.293380
-0.604410 -0.053142 0.794899
-0.922646 0.250304 0.293380
-0.767023 -0.295463 0.569541
-0.604410 -0.053142 0.794899
-0.934422 0.281115 0.218702
-0.922646 0.250304 0.293380
-0.742203 0.419593 0.522568
-0.742203 0.419593 0.522568
-0.922646 0.250304 0.293380
-0.700127 0.308373 0.643994
-0.279887 -0.653181 0.703575
-0.269537 -0.320728 0.908010
-0.604410 -0.053142 0.794899
-0.279887 -0.653181 0.703575
-0.604410 -0.053142 0.794899
-0.767023 -0.295463 0.569541
-0.279887 -0.653181 0.703575
-0.767023 -0.295463 0.569541
-0.407425 -0.695576 0.591760
-0.767023 -0.295463 0.569541
-0.874818 -0.365193 0.318319
-0.407425 -0.695576 0.591760
-0.162222 -0.269434 0.949257
0.158682 0.507395 0.846977
0.001378 0.493470 0.869762
0.158682 0.507395 0.846977
-0.162222 -0.269434 0.949257
0.070512 -0.241768 0.967769
0.070512 -0.241768 0.967769
-0.162222 -0.269434 0.949257
-0.234815 -0.760448 0.605460
0.070512 -0.241768 0.967769
-0.234815 -0.760448 0.605460
-0.023322 -0.783173 0.621367
-0.999333 -0.008950 -0.035396
-0.901264 0.432873 0.018550
-0.995888 0.020745 -0.088191
-0.901264 0.432873 0.018550
-0.893436 0.444361 -0.065691
-0.995888 0.020745 -0.088191
-0.995888 0.020745 -0.088191
-0.976649 -0.204595 -0.065562
-0.969057 -0.239229 -0.060817
-0.976649 -0.204595 -0.065562
-0.995888 0.020745 -0.088191
-0.989562 0.094524 -0.108777
-0.995888 0.020745 -0.088191
-0.893436 0.444361 -0.065691
-0.989562 0.094524 -0.108777
-0.893436 0.444361 -0.065691
-0.894493 0.435843 -0.099618
-0.989562 0.094524 -0.108777
-0.887305 0.460985 0.013536
-0.997417 -0.015123 -0.070221
-0.901264 0.432873 0.018550
-0.997417 -0.015123 -0.070221
-0.887305 0.460985 0.013536
-0.999749 0.005827 -0.021631
-0.901264 0.432873 0.018550
-0.973642 -0.075269 -0.215304
-0.893436 0.444361 -0.065691
-0.973642 -0.075269 -0.215304
-0.901264 0.432873 0.018550
-0.997417 -0.015123 -0.070221
-0.947305 0.317041 -0.045813
-0.989845 0.130050 -0.057401
-0.993944 0.104194 -0.034909
-0.989845 0.130050 -0.057401
-0.947305 0.317041 -0.045813
-0.937933 0.343975 -0.044304
-0.993944 0.104194 -0.034909
-0.885843 -0.426133 -0.183558
-0.901705 -0.418637 -0.108034
-0.885843 -0.426133 -0.183558
-0.993944 0.104194 -0.034909
-0.989845 0.130050 -0.057401
-0.952758 0.300880 -0.041507
-0.755643 0.653983 -0.036186
-0.947305 0.317041 -0.045813
-0.755643 0.653983 -0.036186
-0.952758 0.300880 -0.041507
-0.756663 0.652546 -0.040555
-0.573987 -0.818626 -0.019763
-0.750098 -0.660474 -0.033578
-0.757775 -0.652431 -0.010552
-0.573987 -0.818626 -0.019763
-0.757775 -0.652431 -0.010552
-0.588518 -0.808436 0.008761
-0.563923 -0.825047 -0.035898
-0.749698 -0.660437 -0.042141
-0.750098 -0.660474 -0.033578
-0.563923 -0.825047 -0.035898
-0.750098 -0.660474 -0.033578
-0.573987 -0.818626 -0.019763
-0.753874 0.652065 -0.080532
-0.472357 0.876954 -0.088484
-0.491885 0.865524 -0.094431
-0.753874 0.652065 -0.080532
-0.491885 0.865524 -0.094431
-0.755674 0.649936 -0.080876
-0.755674 0.649936 -0.080876
-0.491885 0.865524 -0.094431
-0.502765 0.861090 -0.075842
-0.755674 0.649936 -0.080876
-0.502765 0.861090 -0.075842
-0.759410 0.648323 -0.054530
-0.380299 -0.924529 0.024870
-0.558676 -0.829378 0.003687
-0.571747 -0.820285 -0.015454
-0.380299 -0.924529 0.024870
-0.571747 -0.820285 -0.015454
-0.359049 -0.933109 -0.019810
-0.385827 -0.922571 0.000656
-0.380299 -0.924529 0.024870
-0.235514 -0.971830 0.008928
-0.235514 -0.971830 0.008928
-0.380299 -0.924529 0.024870
-0.204089 -0.978948 0.003016
-0.937636 -0.073525 0.339753
-0.987768 0.119559 0.100099
-0.938853 -0.230652 0.255644
-0.987768 0.119559 0.100099
-0.937636 -0.073525 0.339753
-0.743062 0.604313 0.287514
-0.914224 -0.230172 0.333491
-0.938853 -0.230652 0.255644
-0.980833 0.174693 0.086313
-0.938853 -0.230652 0.255644
-0.987768 0.119559 0.100099
-0.980833 0.174693 0.086313
-0.880387 -0.247301 0.404673
-0.914224 -0.230172 0.333491
-0.980833 0.174693 0.086313
-0.880387 -0.247301 0.404673
-0.980833 0.174693 0.086313
-0.934422 0.281115 0.218702
-0.995811 0.063458 0.065830
-0.980833 0.174693 0.086313
-0.987768 0.119559 0.100099
-0.980833 0.174693 0.086313
-0.995811 0.063458 0.065830
-0.992882 0.097170 0.068871
-0.934422 0.281115 0.218702
-0.689989 -0.328038 0.645218
-0.880387 -0.247301 0.404673
-0.689989 -0.328038 0.645218
-0.934422 0.281115 0.218702
-0.742203 0.419593 0.522568
0.001378 0.493470 0.869762
0.158682 0.507395 0.846977
0.094104 0.163528 0.982040
0.094104 0.163528 0.982040
-0.341296 0.120373 0.932216
0.001378 0.493470 0.869762
-0.689989 -0.328038 0.645218
-0.190365 -0.265787 0.945049
-0.296098 -0.400911 0.866947
-0.190365 -0.265787 0.945049
-0.689989 -0.328038 0.645218
-0.189765 0.521405 0.831941
-0.189765 0.521405 0.831941
-0.689989 -0.328038 0.645218
-0.742203 0.419593 0.522568
-0.189765 0.521405 0.831941
-0.742203 0.419593 0.522568
-0.354150 0.520091 0.777228
-0.126059 0.853456 0.505690
-0.187007 0.940435 0.283919
-0.320293 0.828106 0.460057
-0.320293 0.828106 0.460057
-0.187007 0.940435 0.283919
-0.397369 0.878311 0.265836
-0.063288 -0.176614 0.982244
-0.434212 0.364346 0.823840
-0.190365 -0.265787 0.945049
-0.434212 0.364346 0.823840
-0.063288 -0.176614 0.982244
-0.221893 0.396194 0.890951
-0.013918 0.374180 0.927252
-0.126059 0.853456 0.505690
-0.221893 0.396194 0.890951
-0.221893 0.396194 0.890951
-0.126059 0.853456 0.505690
-0.320293 0.828106 0.460057
0.108186 -0.298766 0.948174
-0.190365 -0.265787 0.945049
0.278045 0.263446 0.923735
-0.190365 -0.265787 0.945049
0.108186 -0.298766 0.948174
-0.063288 -0.176614 0.982244
-0.013918 0.374180 0.927252
-0.221893 0.396194 0.890951
-0.063288 -0.176614 0.982244
-0.013918 0.374180 0.927252
-0.063288 -0.176614 0.982244
0.108186 -0.298766 0.948174
-0.604410 -0.053142 0.794899
-0.351654 0.253461 0.901164
-0.700127 0.308373 0.643994
-0.351654 0.253461 0.901164
-0.604410 -0.053142 0.794899
-0.269537 -0.320728 0.908010
0.062843 -0.418690 0.905952
-0.269537 -0.320728 0.908010
-0.040267 -0.676816 0.735051
-0.269537 -0.320728 0.908010
-0.279887 -0.653181 0.703575
-0.040267 -0.676816 0.735051
-0.351654 0.253461 0.901164
-0.269537 -0.320728 0.908010
0.078783 0.091903 0.992647
0.078783 0.091903 0.992647
-0.269537 -0.320728 0.908010
0.062843 -0.418690 0.905952
-0.354150 0.520091 0.777228
-0.742203 0.419593 0.522568
-0.700127 0.308373 0.643994
-0.354150 0.520091 0.777228
-0.700127 0.308373 0.643994
-0.351654 0.253461 0.901164
-0.354150 0.520091 0.777228
-0.351654 0.253461 0.901164
-0.030891 0.565257 0.824336
-0.030891 0.565257 0.824336
-0.351654 0.253461 0.901164
0.078783 0.091903 0.992647
-0.989845 0.130050 -0.057401
-0.890667 -0.406405 -0.203830
-0.885843 -0.426133 -0.183558
-0.890667 -0.406405 -0.203830
-0.989845 0.130050 -0.057401
-0.987671 0.131598 -0.084782
-0.989845 0.130050 -0.057401
-0.937933 0.343975 -0.044304
-0.987671 0.131598 -0.084782
-0.937933 0.343975 -0.044304
-0.932664 0.359179 -0.033598
-0.987671 0.131598 -0.084782
-0.890667 -0.406405 -0.203830
-0.987671 0.131598 -0.084782
-0.906458 -0.389262 -0.163732
-0.987671 0.131598 -0.084782
-0.993230 0.089424 -0.074147
-0.906458 -0.389262 -0.163732
-0.885843 -0.426133 -0.183558
-0.997417 -0.015123 -0.070221
-0.901705 -0.418637 -0.108034
-0.997417 -0.015123 -0.070221
-0.885843 -0.426133 -0.183558
-0.973642 -0.075269 -0.215304
-0.890667 -0.406405 -0.203830
-0.973642 -0.075269 -0.215304
-0.885843 -0.426133 -0.183558
-0.973642 -0.075269 -0.215304
-0.890667 -0.406405 -0.203830
-0.962391 -0.161051 -0.218786
-0.969057 -0.239229 -0.060817
-0.897424 -0.439902 -0.033401
-0.878953 -0.475579 -0.035585
-0.897424 -0.439902 -0.033401
-0.969057 -0.239229 -0.060817
-0.976649 -0.204595 -0.065562
-0.755643 0.653983 -0.036186
-0.937933 0.343975 -0.044304
-0.947305 0.317041 -0.045813
-0.937933 0.343975 -0.044304
-0.755643 0.653983 -0.036186
-0.742974 0.669087 -0.017661
-0.486619 0.872731 -0.039266
-0.742974 0.669087 -0.017661
-0.755643 0.653983 -0.036186
-0.742974 0.669087 -0.017661
-0.486619 0.872731 -0.039266
-0.450799 0.892486 -0.015789
-0.866077 -0.499172 -0.027177
-0.770668 -0.637154 -0.010347
-0.757775 -0.652431 -0.010552
-0.770668 -0.637154 -0.010347
-0.866077 -0.499172 -0.027177
-0.878953 -0.475579 -0.035585
-0.758027 0.651394 -0.032867
-0.502643 0.863909 -0.031793
-0.756663 0.652546 -0.040555
-0.502643 0.863909 -0.031793
-0.758027 0.651394 -0.032867
-0.504016 0.863184 -0.029681
-0.335415 -0.941211 -0.040240
-0.566309 -0.823391 -0.036351
-0.563923 -0.825047 -0.035898
-0.335415 -0.941211 -0.040240
-0.563923 -0.825047 -0.035898
-0.326872 -0.944748 -0.024595
-0.571747 -0.820285 -0.015454
-0.566309 -0.823391 -0.036351
-0.359049 -0.933109 -0.019810
-0.359049 -0.933109 -0.019810
-0.566309 -0.823391 -0.036351
-0.335415 -0.941211 -0.040240
-0.204089 -0.978948 0.003016
-0.380299 -0.924529 0.024870
-0.359049 -0.933109 -0.019810
-0.204089 -0.978948 0.003016
-0.359049 -0.933109 -0.019810
-0.169564 -0.984809 -0.037407
-0.187007 0.940435 0.283919
-0.211468 0.971325 0.108674
-0.397369 0.878311 0.265836
-0.397369 0.878311 0.265836
-0.211468 0.971325 0.108674
-0.438971 0.893169 0.097747
-0.438971 0.893169 0.097747
-0.211468 0.971325 0.108674
-0.229745 0.972901 -0.026075
-0.438971 0.893169 0.097747
-0.229745 0.972901 -0.026075
-0.456927 0.888656 -0.038833
0.173906 0.670923 0.720846
-0.189765 0.521405 0.831941
-0.354150 0.520091 0.777228
0.173906 0.670923 0.720846
-0.354150 0.520091 0.777228
-0.030891 0.565257 0.824336
-0.894493 0.435843 -0.099618
-0.983234 0.173283 -0.056786
-0.989562 0.094524 -0.108777
-0.983234 0.173283 -0.056786
-0.894493 0.435843 -0.099618
-0.907874 0.418141 -0.030373
-0.907874 0.418141 -0.030373
-0.979191 0.201789 -0.021577
-0.983234 0.173283 -0.056786
-0.979191 0.201789 -0.021577
-0.907874 0.418141 -0.030373
-0.921981 0.387211 -0.004266
-0.989562 0.094524 -0.108777
-0.985292 -0.165718 -0.041679
-0.976649 -0.204595 -0.065562
-0.985292 -0.165718 -0.041679
-0.989562 0.094524 -0.108777
-0.983234 0.173283 -0.056786
-0.893436 0.444361 -0.065691
-0.962391 -0.161051 -0.218786
-0.894493 0.435843 -0.099618
-0.962391 -0.161051 -0.218786
-0.893436 0.444361 -0.065691
-0.973642 -0.075269 -0.215304
-0.962391 -0.161051 -0.218786
-0.907874 0.418141 -0.030373
-0.894493 0.435843 -0.099618
-0.907874 0.418141 -0.030373
-0.962391 -0.161051 -0.218786
-0.979276 -0.164335 -0.118373
-0.976649 -0.204595 -0.065562
-0.915250 -0.402692 -0.012512
-0.897424 -0.439902 -0.033401
-0.915250 -0.402692 -0.012512
-0.976649 -0.204595 -0.065562
-0.985292 -0.165718 -0.041679
-0.985292 -0.165718 -0.041679
-0.929028 -0.369925 0.007921
-0.915250 -0.402692 -0.012512
-0.929028 -0.369925 0.007921
-0.985292 -0.165718 -0.041679
-0.990693 -0.135211 -0.015662
-0.985292 -0.165718 -0.041679
-0.983234 0.173283 -0.056786
-0.990693 -0.135211 -0.015662
-0.983234 0.173283 -0.056786
-0.979191 0.201789 -0.021577
-0.990693 -0.135211 -0.015662
-0.878953 -0.475579 -0.035585
-0.782141 -0.623049 -0.008133
-0.770668 -0.637154 -0.010347
-0.782141 -0.623049 -0.008133
-0.878953 -0.475579 -0.035585
-0.897424 -0.439902 -0.033401
-0.782141 -0.623049 -0.008133
-0.897424 -0.439902 -0.033401
-0.792896 -0.609262 0.010741
-0.897424 -0.439902 -0.033401
-0.915250 -0.402692 -0.012512
-0.792896 -0.609262 0.010741
-0.588518 -0.808436 0.008761
-0.757775 -0.652431 -0.010552
-0.770668 -0.637154 -0.010347
-0.588518 -0.808436 0.008761
-0.770668 -0.637154 -0.010347
-0.596448 -0.802652 -0.000574
-0.596448 -0.802652 -0.000574
-0.770668 -0.637154 -0.010347
-0.592944 -0.805172 -0.010797
-0.770668 -0.637154 -0.010347
-0.782141 -0.623049 -0.008133
-0.592944 -0.805172 -0.010797
-0.756663 0.652546 -0.040555
-0.502643 0.863909 -0.031793
-0.755643 0.653983 -0.036186
-0.502643 0.863909 -0.031793
-0.486619 0.872731 -0.039266
-0.755643 0.653983 -0.036186
-0.563923 -0.825047 -0.035898
-0.573987 -0.818626 -0.019763
-0.326872 -0.944748 -0.024595
-0.326872 -0.944748 -0.024595
-0.573987 -0.818626 -0.019763
-0.327844 -0.944722 -0.004342
-0.229745 0.972901 -0.026075
-0.258377 0.963507 -0.069973
-0.456927 0.888656 -0.038833
-0.456927 0.888656 -0.038833
-0.258377 0.963507 -0.069973
-0.472357 0.876954 -0.088484
-0.472357 0.876954 -0.088484
-0.258377 0.963507 -0.069973
-0.295196 0.952963 -0.068711
-0.472357 0.876954 -0.088484
-0.295196 0.952963 -0.068711
-0.491885 0.865524 -0.094431
-0.059206 -0.997529 0.037822
-0.242915 -0.969777 0.022915
-0.235514 -0.971830 0.008928
-0.059206 -0.997529 0.037822
-0.235514 -0.971830 0.008928
-0.038974 -0.999239 0.001842
-0.038974 -0.999239 0.001842
-0.235514 -0.971830 0.008928
-0.204089 -0.978948 0.003016
-0.038974 -0.999239 0.001842
-0.204089 -0.978948 0.003016
-0.010740 -0.999681 -0.022868
-0.244543 -0.943614 0.223140
-0.043495 -0.909597 0.413208
-0.240641 -0.889599 0.388208
-0.043495 -0.909597 0.413208
-0.244543 -0.943614 0.223140
-0.048345 -0.966720 0.251227
-0.244543 -0.943614 0.223140
-0.241673 -0.965884 0.093069
-0.048345 -0.966720 0.251227
-0.048345 -0.966720 0.251227
-0.241673 -0.965884 0.093069
-0.058610 -0.990656 0.123147
-0.023322 -0.783173 0.621367
-0.043495 -0.909597 0.413208
0.155971 -0.765593 0.624132
0.155971 -0.765593 0.624132
-0.043495 -0.909597 0.413208
0.143611 -0.898150 0.415575
0.143611 -0.898150 0.415575
-0.043495 -0.909597 0.413208
-0.048345 -0.966720 0.251227
0.143611 -0.898150 0.415575
-0.048345 -0.966720 0.251227
0.158459 -0.948106 0.275654
-0.234815 -0.760448 0.605460
-0.240641 -0.889599 0.388208
-0.023322 -0.783173 0.621367
-0.023322 -0.783173 0.621367
-0.240641 -0.889599 0.388208
-0.043495 -0.909597 0.413208
0.070512 -0.241768 0.967769
0.155971 -0.765593 0.624132
0.299849 -0.220713 0.928104
0.155971 -0.765593 0.624132
0.070512 -0.241768 0.967769
-0.023322 -0.783173 0.621367
0.282247 -0.383810 0.879219
0.108186 -0.298766 0.948174
0.278045 0.263446 0.923735
0.282247 -0.383810 0.879219
0.278045 0.263446 0.923735
0.426067 0.307396 0.850867
0.521705 0.658380 0.542549
0.426067 0.307396 0.850867
0.173906 0.670923 0.720846
0.426067 0.307396 0.850867
0.278045 0.263446 0.923735
0.173906 0.670923 0.720846
-0.040267 -0.676816 0.735051
-0.279887 -0.653181 0.703575
-0.095636 -0.692634 0.714921
-0.279887 -0.653181 0.703575
-0.407425 -0.695576 0.591760
-0.095636 -0.692634 0.714921
-0.095636 -0.692634 0.714921
-0.407425 -0.695576 0.591760
-0.341296 0.120373 0.932216
-0.095636 -0.692634 0.714921
-0.341296 0.120373 0.932216
0.094104 0.163528 0.982040
0.236370 -0.602101 0.762630
0.220562 -0.706356 0.672617
-0.095636 -0.692634 0.714921
0.220562 -0.706356 0.672617
-0.040267 -0.676816 0.735051
-0.095636 -0.692634 0.714921
0.351123 0.509503 0.785569
0.158682 0.507395 0.846977
0.070512 -0.241768 0.967769
0.351123 0.509503 0.785569
0.070512 -0.241768 0.967769
0.299849 -0.220713 0.928104
0.062843 -0.418690 0.905952
0.451169 0.171265 0.875851
0.078783 0.091903 0.992647
0.451169 0.171265 0.875851
0.062843 -0.418690 0.905952
0.403340 -0.368723 0.837473
-0.979191 0.201789 -0.021577
-0.993341 -0.113354 0.020612
-0.990693 -0.135211 -0.015662
-0.993341 -0.113354 0.020612
-0.979191 0.201789 -0.021577
-0.976564 0.215066 0.008361
-0.976564 0.215066 0.008361
-0.994547 -0.092160 0.048824
-0.993341 -0.113354 0.020612
-0.994547 -0.092160 0.048824
-0.976564 0.215066 0.008361
-0.974194 0.223595 0.030839
-0.937316 -0.346760 0.034577
-0.993341 -0.113354 0.020612
-0.941104 -0.331304 0.067536
-0.993341 -0.113354 0.020612
-0.994547 -0.092160 0.048824
-0.941104 -0.331304 0.067536
-0.929028 -0.369925 0.007921
-0.990693 -0.135211 -0.015662
-0.937316 -0.346760 0.034577
-0.990693 -0.135211 -0.015662
-0.993341 -0.113354 0.020612
-0.937316 -0.346760 0.034577
-0.815165 -0.577551 0.044060
-0.941104 -0.331304 0.067536
-0.815584 -0.574936 0.065363
-0.941104 -0.331304 0.067536
-0.815165 -0.577551 0.044060
-0.937316 -0.346760 0.034577
-0.805005 -0.592407 0.031955
-0.929028 -0.369925 0.007921
-0.815165 -0.577551 0.044060
-0.929028 -0.369925 0.007921
-0.937316 -0.346760 0.034577
-0.815165 -0.577551 0.044060
-0.792896 -0.609262 0.010741
-0.915250 -0.402692 -0.012512
-0.805005 -0.592407 0.031955
-0.915250 -0.402692 -0.012512
-0.929028 -0.369925 0.007921
-0.805005 -0.592407 0.031955
-0.993230 0.089424 -0.074147
-0.924440 -0.371408 -0.086411
-0.906458 -0.389262 -0.163732
-0.924440 -0.371408 -0.086411
-0.993230 0.089424 -0.074147
-0.998716 0.038330 -0.033136
-0.998716 0.038330 -0.033136
-0.932017 -0.362158 -0.013616
-0.924440 -0.371408 -0.086411
-0.932017 -0.362158 -0.013616
-0.998716 0.038330 -0.033136
-0.999960 0.004824 0.007521
-0.906458 -0.389262 -0.163732
-0.987507 -0.148809 -0.051819
-0.979276 -0.164335 -0.118373
-0.987507 -0.148809 -0.051819
-0.906458 -0.389262 -0.163732
-0.924440 -0.371408 -0.086411
-0.924440 -0.371408 -0.086411
-0.992752 -0.120175 0.001407
-0.987507 -0.148809 -0.051819
-0.992752 -0.120175 0.001407
-0.924440 -0.371408 -0.086411
-0.932017 -0.362158 -0.013616
-0.962391 -0.161051 -0.218786
-0.906458 -0.389262 -0.163732
-0.979276 -0.164335 -0.118373
-0.906458 -0.389262 -0.163732
-0.962391 -0.161051 -0.218786
-0.890667 -0.406405 -0.203830
-0.932664 0.359179 -0.033598
-0.993230 0.089424 -0.074147
-0.987671 0.131598 -0.084782
-0.993230 0.089424 -0.074147
-0.932664 0.359179 -0.033598
-0.930750 0.365578 -0.007583
-0.930750 0.365578 -0.007583
-0.998716 0.038330 -0.033136
-0.993230 0.089424 -0.074147
-0.998716 0.038330 -0.033136
-0.930750 0.365578 -0.007583
-0.931022 0.364462 0.019119
-0.979191 0.201789 -0.021577
-0.921981 0.387211 -0.004266
-0.976564 0.215066 0.008361
-0.921981 0.387211 -0.004266
-0.929896 0.367681 0.010222
-0.976564 0.215066 0.008361
-0.907874 0.418141 -0.030373
-0.979276 -0.164335 -0.118373
-0.921981 0.387211 -0.004266
-0.979276 -0.164335 -0.118373
-0.987507 -0.148809 -0.051819
-0.921981 0.387211 -0.004266
-0.987507 -0.148809 -0.051819
-0.992752 -0.120175 0.001407
-0.921981 0.387211 -0.004266
-0.921981 0.387211 -0.004266
-0.992752 -0.120175 0.001407
-0.929896 0.367681 0.010222
-0.782141 -0.623049 -0.008133
-0.588552 -0.808311 0.015479
-0.592944 -0.805172 -0.010797
-0.588552 -0.808311 0.015479
-0.782141 -0.623049 -0.008133
-0.792896 -0.609262 0.010741
-0.588552 -0.808311 0.015479
-0.805005 -0.592407 0.031955
-0.593060 -0.803854 0.045816
-0.805005 -0.592407 0.031955
-0.588552 -0.808311 0.015479
-0.792896 -0.609262 0.010741
-0.742974 0.669087 -0.017661
-0.932664 0.359179 -0.033598
-0.937933 0.343975 -0.044304
-0.932664 0.359179 -0.033598
-0.742974 0.669087 -0.017661
-0.730008 0.683435 -0.002168
-0.325469 -0.945431 0.015176
-0.588518 -0.808436 0.008761
-0.596448 -0.802652 -0.000574
-0.325469 -0.945431 0.015176
-0.596448 -0.802652 -0.000574
-0.320134 -0.947367 -0.003245
-0.596448 -0.802652 -0.000574
-0.592944 -0.805172 -0.010797
-0.320134 -0.947367 -0.003245
-0.320134 -0.947367 -0.003245
-0.592944 -0.805172 -0.010797
-0.312417 -0.949525 -0.028244
-0.573987 -0.818626 -0.019763
-0.588518 -0.808436 0.008761
-0.327844 -0.944722 -0.004342
-0.327844 -0.944722 -0.004342
-0.588518 -0.808436 0.008761
-0.325469 -0.945431 0.015176
-0.295196 0.952963 -0.068711
-0.322651 0.943634 -0.073836
-0.491885 0.865524 -0.094431
-0.491885 0.865524 -0.094431
-0.322651 0.943634 -0.073836
-0.502765 0.861090 -0.075842
-0.322651 0.943634 -0.073836
-0.329590 0.943554 -0.032816
-0.502765 0.861090 -0.075842
-0.502765 0.861090 -0.075842
-0.329590 0.943554 -0.032816
-0.504016 0.863184 -0.029681
-0.187007 0.940435 0.283919
0.018484 0.955317 0.295005
-0.002584 0.993278 0.115721
-0.187007 0.940435 0.283919
-0.002584 0.993278 0.115721
-0.211468 0.971325 0.108674
-0.126059 0.853456 0.505690
0.076696 0.840540 0.536293
0.018484 0.955317 0.295005
0.018484 0.955317 0.295005
-0.187007 0.940435 0.283919
-0.126059 0.853456 0.505690
-0.013918 0.374180 0.927252
0.212954 0.285368 0.934460
0.076696 0.840540 0.536293
0.076696 0.840540 0.536293
-0.126059 0.853456 0.505690
-0.013918 0.374180 0.927252
-0.013918 0.374180 0.927252
0.108186 -0.298766 0.948174
0.212954 0.285368 0.934460
0.212954 0.285368 0.934460
0.108186 -0.298766 0.948174
0.282247 -0.383810 0.879219
-0.030891 0.565257 0.824336
0.078783 0.091903 0.992647
0.451169 0.171265 0.875851
-0.030891 0.565257 0.824336
0.451169 0.171265 0.875851
0.173906 0.670923 0.720846
-0.973958 0.219549 0.056613
-0.994547 -0.092160 0.048824
-0.974194 0.223595 0.030839
-0.994547 -0.092160 0.048824
-0.973958 0.219549 0.056613
-0.995226 -0.072101 0.065782
-0.941104 -0.331304 0.067536
-0.995226 -0.072101 0.065782
-0.945749 -0.313276 0.086122
-0.995226 -0.072101 0.065782
-0.941104 -0.331304 0.067536
-0.994547 -0.092160 0.048824
-0.995226 -0.072101 0.065782
-0.976460 0.196066 0.089916
-0.994754 -0.064579 0.079339
-0.976460 0.196066 0.089916
-0.995226 -0.072101 0.065782
-0.973958 0.219549 0.056613
-0.945749 -0.313276 0.086122
-0.994754 -0.064579 0.079339
-0.951277 -0.296044 0.086202
-0.994754 -0.064579 0.079339
-0.945749 -0.313276 0.086122
-0.995226 -0.072101 0.065782
-0.931022 0.364462 0.019119
-0.999960 0.004824 0.007521
-0.998716 0.038330 -0.033136
-0.999960 0.004824 0.007521
-0.931022 0.364462 0.019119
-0.931952 0.360852 0.035383
-0.932017 -0.362158 -0.013616
-0.999960 0.004824 0.007521
-0.998648 -0.017053 0.049107
-0.932017 -0.362158 -0.013616
-0.998648 -0.017053 0.049107
-0.932985 -0.357394 0.042523
-0.932017 -0.362158 -0.013616
-0.932985 -0.357394 0.042523
-0.992752 -0.120175 0.001407
-0.992752 -0.120175 0.001407
-0.932985 -0.357394 0.042523
-0.992773 -0.109377 0.049383
-0.929896 0.367681 0.010222
-0.974194 0.223595 0.030839
-0.976564 0.215066 0.008361
-0.974194 0.223595 0.030839
-0.929896 0.367681 0.010222
-0.935185 0.352375 0.035511
-0.730008 0.683435 -0.002168
-0.930750 0.365578 -0.007583
-0.932664 0.359179 -0.033598
-0.930750 0.365578 -0.007583
-0.730008 0.683435 -0.002168
-0.717123 0.696670 0.019627
-0.717123 0.696670 0.019627
-0.931022 0.364462 0.019119
-0.930750 0.365578 -0.007583
-0.931022 0.364462 0.019119
-0.717123 0.696670 0.019627
-0.706439 0.706717 0.038650
-0.450799 0.892486 -0.015789
-0.730008 0.683435 -0.002168
-0.742974 0.669087 -0.017661
-0.730008 0.683435 -0.002168
-0.450799 0.892486 -0.015789
-0.406919 0.913447 -0.005589
-0.406919 0.913447 -0.005589
-0.717123 0.696670 0.019627
-0.730008 0.683435 -0.002168
-0.717123 0.696670 0.019627
-0.406919 0.913447 -0.005589
-0.360964 0.932509 0.011539
-0.312417 -0.949525 -0.028244
-0.588552 -0.808311 0.015479
-0.290609 -0.956812 -0.007608
-0.588552 -0.808311 0.015479
-0.312417 -0.949525 -0.028244
-0.592944 -0.805172 -0.010797
-0.329590 0.943554 -0.032816
-0.325618 0.945070 -0.028572
-0.504016 0.863184 -0.029681
-0.504016 0.863184 -0.029681
-0.325618 0.945070 -0.028572
-0.502643 0.863909 -0.031793
-0.211468 0.971325 0.108674
-0.002584 0.993278 0.115721
-0.031260 0.999502 0.004330
-0.211468 0.971325 0.108674
-0.031260 0.999502 0.004330
-0.229745 0.972901 -0.026075
-0.229745 0.972901 -0.026075
-0.031260 0.999502 0.004330
-0.083201 0.996175 -0.026719
-0.229745 0.972901 -0.026075
-0.083201 0.996175 -0.026719
-0.258377 0.963507 -0.069973
-0.059206 -0.997529 0.037822
-0.038974 -0.999239 0.001842
0.169179 -0.984305 0.050216
0.169179 -0.984305 0.050216
-0.038974 -0.999239 0.001842
0.177514 -0.984118 0.000483
0.177514 -0.984118 0.000483
-0.038974 -0.999239 0.001842
-0.010740 -0.999681 -0.022868
0.177514 -0.984118 0.000483
-0.010740 -0.999681 -0.022868
0.183455 -0.982706 -0.025156
-0.058610 -0.990656 0.123147
-0.059206 -0.997529 0.037822
0.163759 -0.974405 0.154009
0.163759 -0.974405 0.154009
-0.059206 -0.997529 0.037822
0.169179 -0.984305 0.050216
-0.058610 -0.990656 0.123147
-0.241673 -0.965884 0.093069
-0.242915 -0.969777 0.022915
-0.058610 -0.990656 0.123147
-0.242915 -0.969777 0.022915
-0.059206 -0.997529 0.037822
0.414134 0.414401 0.810410
0.158682 0.507395 0.846977
0.351123 0.509503 0.785569
0.158682 0.507395 0.846977
0.414134 0.414401 0.810410
0.094104 0.163528 0.982040
0.236370 -0.602101 0.762630
-0.095636 -0.692634 0.714921
0.094104 0.163528 0.982040
0.236370 -0.602101 0.762630
0.094104 0.163528 0.982040
0.414134 0.414401 0.810410
0.584439 0.477631 0.655972
0.299849 -0.220713 0.928104
0.594347 -0.198139 0.779418
0.299849 -0.220713 0.928104
0.584439 0.477631 0.655972
0.351123 0.509503 0.785569
0.559745 0.611800 0.558915
0.351123 0.509503 0.785569
0.584439 0.477631 0.655972
0.351123 0.509503 0.785569
0.559745 0.611800 0.558915
0.414134 0.414401 0.810410
0.076696 0.840540 0.536293
0.343498 0.770008 0.537678
0.264972 0.922797 0.279707
0.264972 0.922797 0.279707
0.018484 0.955317 0.295005
0.076696 0.840540 0.536293
0.236370 -0.602101 0.762630
0.414134 0.414401 0.810410
0.684139 -0.277473 0.674509
0.684139 -0.277473 0.674509
0.414134 0.414401 0.810410
0.559745 0.611800 0.558915
0.403340 -0.368723 0.837473
0.062843 -0.418690 0.905952
-0.040267 -0.676816 0.735051
0.403340 -0.368723 0.837473
-0.040267 -0.676816 0.735051
0.220562 -0.706356 0.672617
0.403340 -0.368723 0.837473
0.572595 -0.665077 0.479383
0.790127 -0.229857 0.568212
0.572595 -0.665077 0.479383
0.403340 -0.368723 0.837473
0.220562 -0.706356 0.672617
0.572595 -0.665077 0.479383
0.236370 -0.602101 0.762630
0.684139 -0.277473 0.674509
0.236370 -0.602101 0.762630
0.572595 -0.665077 0.479383
0.220562 -0.706356 0.672617
0.594347 -0.198139 0.779418
0.299849 -0.220713 0.928104
0.352028 -0.723391 0.593955
0.299849 -0.220713 0.928104
0.155971 -0.765593 0.624132
0.352028 -0.723391 0.593955
-0.976460 0.196066 0.089916
-0.994428 -0.073471 0.075603
-0.994754 -0.064579 0.079339
-0.994428 -0.073471 0.075603
-0.976460 0.196066 0.089916
-0.982803 0.154137 0.101682
-0.951277 -0.296044 0.086202
-0.994754 -0.064579 0.079339
-0.956226 -0.283134 0.073938
-0.994754 -0.064579 0.079339
-0.994428 -0.073471 0.075603
-0.956226 -0.283134 0.073938
-0.994428 -0.073471 0.075603
-0.958476 -0.283016 0.034997
-0.956226 -0.283134 0.073938
-0.958476 -0.283016 0.034997
-0.994428 -0.073471 0.075603
-0.994226 -0.092554 0.054307
-0.940940 0.330659 0.072785
-0.976460 0.196066 0.089916
-0.973958 0.219549 0.056613
-0.976460 0.196066 0.089916
-0.940940 0.330659 0.072785
-0.945427 0.304007 0.117249
-0.945427 0.304007 0.117249
-0.982803 0.154137 0.101682
-0.976460 0.196066 0.089916
-0.982803 0.154137 0.101682
-0.945427 0.304007 0.117249
-0.952912 0.264952 0.147510
-0.951277 -0.296044 0.086202
-0.956226 -0.283134 0.073938
-0.797717 -0.598289 0.075486
-0.797717 -0.598289 0.075486
-0.956226 -0.283134 0.073938
-0.783796 -0.618878 0.051518
-0.815584 -0.574936 0.065363
-0.945749 -0.313276 0.086122
-0.807253 -0.584669 0.080652
-0.945749 -0.313276 0.086122
-0.815584 -0.574936 0.065363
-0.941104 -0.331304 0.067536
-0.807253 -0.584669 0.080652
-0.951277 -0.296044 0.086202
-0.797717 -0.598289 0.075486
-0.951277 -0.296044 0.086202
-0.807253 -0.584669 0.080652
-0.945749 -0.313276 0.086122
-0.935185 0.352375 0.035511
-0.973958 0.219549 0.056613
-0.974194 0.223595 0.030839
-0.973958 0.219549 0.056613
-0.935185 0.352375 0.035511
-0.940940 0.330659 0.072785
-0.932985 -0.357394 0.042523
-0.998648 -0.017053 0.049107
-0.995773 -0.027468 0.087640
-0.932985 -0.357394 0.042523
-0.995773 -0.027468 0.087640
-0.932810 -0.349990 0.085862
-0.932052 0.358070 0.055358
-0.928914 0.361874 0.078527
-0.998648 -0.017053 0.049107
-0.998648 -0.017053 0.049107
-0.928914 0.361874 0.078527
-0.995773 -0.027468 0.087640
-0.995773 -0.027468 0.087640
-0.928914 0.361874 0.078527
-0.922614 0.375169 0.089617
-0.995773 -0.027468 0.087640
-0.922614 0.375169 0.089617
-0.992674 -0.030822 0.116826
-0.932810 -0.349990 0.085862
-0.995773 -0.027468 0.087640
-0.992674 -0.030822 0.116826
-0.932810 -0.349990 0.085862
-0.992674 -0.030822 0.116826
-0.932352 -0.338119 0.128045
-0.992773 -0.109377 0.049383
-0.932985 -0.357394 0.042523
-0.932810 -0.349990 0.085862
-0.992773 -0.109377 0.049383
-0.932810 -0.349990 0.085862
-0.989776 -0.106764 0.094573
-0.999960 0.004824 0.007521
-0.931952 0.360852 0.035383
-0.932052 0.358070 0.055358
-0.999960 0.004824 0.007521
-0.932052 0.358070 0.055358
-0.998648 -0.017053 0.049107
-0.992752 -0.120175 0.001407
-0.992773 -0.109377 0.049383
-0.929896 0.367681 0.010222
-0.929896 0.367681 0.010222
-0.992773 -0.109377 0.049383
-0.935185 0.352375 0.035511
-0.935185 0.352375 0.035511
-0.992773 -0.109377 0.049383
-0.989776 -0.106764 0.094573
-0.935185 0.352375 0.035511
-0.989776 -0.106764 0.094573
-0.940940 0.330659 0.072785
-0.989776 -0.106764 0.094573
-0.945427 0.304007 0.117249
-0.940940 0.330659 0.072785
-0.945427 0.304007 0.117249
-0.989776 -0.106764 0.094573
-0.984856 -0.097291 0.143503
-0.932052 0.358070 0.055358
-0.696531 0.716243 0.042907
-0.689101 0.723218 0.045779
-0.932052 0.358070 0.055358
-0.689101 0.723218 0.045779
-0.928914 0.361874 0.078527
-0.706439 0.706717 0.038650
-0.931952 0.360852 0.035383
-0.931022 0.364462 0.019119
-0.931952 0.360852 0.035383
-0.706439 0.706717 0.038650
-0.700704 0.712099 0.043920
-0.700704 0.712099 0.043920
-0.932052 0.358070 0.055358
-0.931952 0.360852 0.035383
-0.932052 0.358070 0.055358
-0.700704 0.712099 0.043920
-0.696531 0.716243 0.042907
-0.593060 -0.803854 0.045816
-0.815165 -0.577551 0.044060
-0.599451 -0.799221 0.043630
-0.815165 -0.577551 0.044060
-0.593060 -0.803854 0.045816
-0.805005 -0.592407 0.031955
-0.599451 -0.799221 0.043630
-0.815584 -0.574936 0.065363
-0.588435 -0.807872 0.032968
-0.815584 -0.574936 0.065363
-0.599451 -0.799221 0.043630
-0.815165 -0.577551 0.044060
-0.290609 -0.956812 -0.007608
-0.588552 -0.808311 0.015479
-0.263799 -0.964041 0.032182
-0.588552 -0.808311 0.015479
-0.593060 -0.803854 0.045816
-0.263799 -0.964041 0.032182
-0.330418 0.943121 0.036696
-0.700704 0.712099 0.043920
-0.706439 0.706717 0.038650
-0.700704 0.712099 0.043920
-0.330418 0.943121 0.036696
-0.321977 0.945975 0.038244
-0.360964 0.932509 0.011539
-0.706439 0.706717 0.038650
-0.717123 0.696670 0.019627
-0.706439 0.706717 0.038650
-0.360964 0.932509 0.011539
-0.330418 0.943121 0.036696
-0.325469 -0.945431 0.015176
-0.320134 -0.947367 -0.003245
-0.119208 -0.992856 0.005158
-0.119208 -0.992856 0.005158
-0.320134 -0.947367 -0.003245
-0.112479 -0.993635 -0.006109
-0.135465 -0.990741 -0.009049
-0.327844 -0.944722 -0.004342
-0.325469 -0.945431 0.015176
-0.135465 -0.990741 -0.009049
-0.325469 -0.945431 0.015176
-0.119208 -0.992856 0.005158
-0.502643 0.863909 -0.031793
-0.325618 0.945070 -0.028572
-0.486619 0.872731 -0.039266
-0.325618 0.945070 -0.028572
-0.320360 0.945694 -0.055064
-0.486619 0.872731 -0.039266
0.264972 0.922797 0.279707
0.247121 0.960771 0.125899
0.018484 0.955317 0.295005
0.018484 0.955317 0.295005
0.247121 0.960771 0.125899
-0.002584 0.993278 0.115721
-0.002584 0.993278 0.115721
0.247121 0.960771 0.125899
0.207137 0.977487 0.040171
-0.002584 0.993278 0.115721
0.207137 0.977487 0.040171
-0.031260 0.999502 0.004330
0.282247 -0.383810 0.879219
0.776007 0.192727 0.600558
0.541066 -0.493464 0.680986
0.776007 0.192727 0.600558
0.282247 -0.383810 0.879219
0.426067 0.307396 0.850867
0.212954 0.285368 0.934460
0.518541 0.123491 0.846088
0.343498 0.770008 0.537678
0.343498 0.770008 0.537678
0.076696 0.840540 0.536293
0.212954 0.285368 0.934460
0.212954 0.285368 0.934460
0.541066 -0.493464 0.680986
0.518541 0.123491 0.846088
0.541066 -0.493464 0.680986
0.212954 0.285368 0.934460
0.282247 -0.383810 0.879219
0.173906 0.670923 0.720846
0.451169 0.171265 0.875851
0.521705 0.658380 0.542549
0.521705 0.658380 0.542549
0.451169 0.171265 0.875851
0.779115 0.226502 0.584532
0.779115 0.226502 0.584532
0.451169 0.171265 0.875851
0.403340 -0.368723 0.837473
0.779115 0.226502 0.584532
0.403340 -0.368723 0.837473
0.790127 -0.229857 0.568212
-0.991528 0.094626 0.088980
-0.992349 -0.120672 -0.026125
-0.994226 -0.092554 0.054307
-0.992349 -0.120672 -0.026125
-0.991528 0.094626 0.088980
-0.999299 0.035718 -0.011194
-0.992349 -0.120672 -0.026125
-0.999299 0.035718 -0.011194
-0.947125 -0.204015 -0.247653
-0.999299 0.035718 -0.011194
-0.969402 -0.021800 -0.244508
-0.947125 -0.204015 -0.247653
-0.958476 -0.283016 0.034997
-0.994226 -0.092554 0.054307
-0.952991 -0.299406 -0.046523
-0.994226 -0.092554 0.054307
-0.992349 -0.120672 -0.026125
-0.952991 -0.299406 -0.046523
-0.982803 0.154137 0.101682
-0.994226 -0.092554 0.054307
-0.994428 -0.073471 0.075603
-0.994226 -0.092554 0.054307
-0.982803 0.154137 0.101682
-0.991528 0.094626 0.088980
-0.967987 0.197758 0.154574
-0.999299 0.035718 -0.011194
-0.991528 0.094626 0.088980
-0.999299 0.035718 -0.011194
-0.967987 0.197758 0.154574
-0.988217 0.152914 -0.006756
-0.942865 -0.298569 0.147860
-0.994598 -0.018395 0.102158
-0.998888 0.020458 0.042466
-0.942865 -0.298569 0.147860
-0.998888 0.020458 0.042466
-0.967908 -0.208301 0.140585
-0.918593 0.390121 0.063191
-0.915866 0.400875 -0.022114
-0.994598 -0.018395 0.102158
-0.994598 -0.018395 0.102158
-0.915866 0.400875 -0.022114
-0.998888 0.020458 0.042466
-0.998888 0.020458 0.042466
-0.990844 0.095681 -0.095254
-0.967908 -0.208301 0.140585
-0.967908 -0.208301 0.140585
-0.990844 0.095681 -0.095254
-0.991369 -0.130773 -0.009299
-0.915866 0.400875 -0.022114
-0.884712 0.426499 -0.188107
-0.998888 0.020458 0.042466
-0.998888 0.020458 0.042466
-0.884712 0.426499 -0.188107
-0.990844 0.095681 -0.095254
-0.942865 -0.298569 0.147860
-0.967908 -0.208301 0.140585
-0.979132 -0.084226 0.184948
-0.979132 -0.084226 0.184948
-0.967908 -0.208301 0.140585
-0.977604 -0.056375 0.202764
-0.932352 -0.338119 0.128045
-0.992674 -0.030822 0.116826
-0.994598 -0.018395 0.102158
-0.932352 -0.338119 0.128045
-0.994598 -0.018395 0.102158
-0.942865 -0.298569 0.147860
-0.992674 -0.030822 0.116826
-0.922614 0.375169 0.089617
-0.918593 0.390121 0.063191
-0.992674 -0.030822 0.116826
-0.918593 0.390121 0.063191
-0.994598 -0.018395 0.102158
-0.952912 0.264952 0.147510
-0.991528 0.094626 0.088980
-0.982803 0.154137 0.101682
-0.991528 0.094626 0.088980
-0.952912 0.264952 0.147510
-0.967987 0.197758 0.154574
-0.967987 0.197758 0.154574
-0.977604 -0.056375 0.202764
-0.998843 -0.046058 0.013858
-0.967987 0.197758 0.154574
-0.998843 -0.046058 0.013858
-0.988217 0.152914 -0.006756
-0.952912 0.264952 0.147510
-0.979132 -0.084226 0.184948
-0.977604 -0.056375 0.202764
-0.952912 0.264952 0.147510
-0.977604 -0.056375 0.202764
-0.967987 0.197758 0.154574
-0.984856 -0.097291 0.143503
-0.952912 0.264952 0.147510
-0.945427 0.304007 0.117249
-0.952912 0.264952 0.147510
-0.984856 -0.097291 0.143503
-0.979132 -0.084226 0.184948
-0.783796 -0.618878 0.051518
-0.958476 -0.283016 0.034997
-0.765929 -0.642736 -0.015584
-0.958476 -0.283016 0.034997
-0.783796 -0.618878 0.051518
-0.956226 -0.283134 0.073938
-0.958476 -0.283016 0.034997
-0.732306 -0.667844 -0.133085
-0.765929 -0.642736 -0.015584
-0.732306 -0.667844 -0.133085
-0.958476 -0.283016 0.034997
-0.952991 -0.299406 -0.046523
-0.458221 -0.888491 -0.024852
-0.765929 -0.642736 -0.015584
-0.412513 -0.905642 -0.098216
-0.765929 -0.642736 -0.015584
-0.458221 -0.888491 -0.024852
-0.783796 -0.618878 0.051518
-0.509052 -0.860636 0.013110
-0.797717 -0.598289 0.075486
-0.458221 -0.888491 -0.024852
-0.797717 -0.598289 0.075486
-0.783796 -0.618878 0.051518
-0.458221 -0.888491 -0.024852
-0.922614 0.375169 0.089617
-0.673663 0.738157 0.036090
-0.649575 0.760297 -0.000948
-0.922614 0.375169 0.089617
-0.649575 0.760297 -0.000948
-0.918593 0.390121 0.063191
-0.932352 -0.338119 0.128045
-0.942865 -0.298569 0.147860
-0.984856 -0.097291 0.143503
-0.984856 -0.097291 0.143503
-0.942865 -0.298569 0.147860
-0.979132 -0.084226 0.184948
-0.989776 -0.106764 0.094573
-0.932810 -0.349990 0.085862
-0.932352 -0.338119 0.128045
-0.989776 -0.106764 0.094573
-0.932352 -0.338119 0.128045
-0.984856 -0.097291 0.143503
-0.807253 -0.584669 0.080652
-0.509052 -0.860636 0.013110
-0.555689 -0.830994 0.025655
-0.509052 -0.860636 0.013110
-0.807253 -0.584669 0.080652
-0.797717 -0.598289 0.075486
-0.928914 0.361874 0.078527
-0.689101 0.723218 0.045779
-0.673663 0.738157 0.036090
-0.928914 0.361874 0.078527
-0.673663 0.738157 0.036090
-0.922614 0.375169 0.089617
-0.588435 -0.807872 0.032968
-0.807253 -0.584669 0.080652
-0.555689 -0.830994 0.025655
-0.807253 -0.584669 0.080652
-0.588435 -0.807872 0.032968
-0.815584 -0.574936 0.065363
-0.599451 -0.799221 0.043630
-0.252750 -0.967518 -0.005171
-0.254443 -0.966587 0.031118
-0.252750 -0.967518 -0.005171
-0.599451 -0.799221 0.043630
-0.588435 -0.807872 0.032968
-0.593060 -0.803854 0.045816
-0.254443 -0.966587 0.031118
-0.263799 -0.964041 0.032182
-0.254443 -0.966587 0.031118
-0.593060 -0.803854 0.045816
-0.599451 -0.799221 0.043630
-0.700704 0.712099 0.043920
-0.321977 0.945975 0.038244
-0.326065 0.945026 0.024641
-0.700704 0.712099 0.043920
-0.326065 0.945026 0.024641
-0.696531 0.716243 0.042907
-0.696531 0.716243 0.042907
-0.326065 0.945026 0.024641
-0.339902 0.940241 0.020358
-0.696531 0.716243 0.042907
-0.339902 0.940241 0.020358
-0.689101 0.723218 0.045779
-0.320360 0.945694 -0.055064
-0.450799 0.892486 -0.015789
-0.486619 0.872731 -0.039266
-0.450799 0.892486 -0.015789
-0.320360 0.945694 -0.055064
-0.304004 0.951586 -0.045442
0.521705 0.658380 0.542549
0.790966 0.559332 0.248035
0.776007 0.192727 0.600558
0.521705 0.658380 0.542549
0.776007 0.192727 0.600558
0.426067 0.307396 0.850867
0.937391 0.052651 0.344277
0.732620 -0.573637 0.366345
0.776007 0.192727 0.600558
0.541066 -0.493464 0.680986
0.776007 0.192727 0.600558
0.732620 -0.573637 0.366345
0.521705 0.658380 0.542549
0.958890 0.239803 0.151740
0.790966 0.559332 0.248035
0.958890 0.239803 0.151740
0.521705 0.658380 0.542549
0.779115 0.226502 0.584532
0.594347 -0.198139 0.779418
0.404380 -0.804625 0.434806
0.773028 -0.364839 0.518961
0.404380 -0.804625 0.434806
0.594347 -0.198139 0.779418
0.352028 -0.723391 0.593955
0.352028 -0.723391 0.593955
0.155971 -0.765593 0.624132
0.143611 -0.898150 0.415575
0.143611 -0.898150 0.415575
0.404380 -0.804625 0.434806
0.352028 -0.723391 0.593955
-0.936163 0.191034 -0.295136
-0.999299 0.035718 -0.011194
-0.988217 0.152914 -0.006756
-0.999299 0.035718 -0.011194
-0.936163 0.191034 -0.295136
-0.969402 -0.021800 -0.244508
-0.952991 -0.299406 -0.046523
-0.992349 -0.120672 -0.026125
-0.868414 -0.407656 -0.282265
-0.992349 -0.120672 -0.026125
-0.947125 -0.204015 -0.247653
-0.868414 -0.407656 -0.282265
-0.788124 -0.135083 -0.600511
-0.947125 -0.204015 -0.247653
-0.969402 -0.021800 -0.244508
-0.947125 -0.204015 -0.247653
-0.788124 -0.135083 -0.600511
-0.711828 -0.380872 -0.590117
-0.732306 -0.667844 -0.133085
-0.952991 -0.299406 -0.046523
-0.688690 -0.657899 -0.304755
-0.952991 -0.299406 -0.046523
-0.868414 -0.407656 -0.282265
-0.688690 -0.657899 -0.304755
-0.945154 -0.032344 -0.325020
-0.988217 0.152914 -0.006756
-0.998843 -0.046058 0.013858
-0.988217 0.152914 -0.006756
-0.945154 -0.032344 -0.325020
-0.936163 0.191034 -0.295136
-0.412513 -0.905642 -0.098216
-0.732306 -0.667844 -0.133085
-0.373252 -0.897387 -0.235330
-0.732306 -0.667844 -0.133085
-0.412513 -0.905642 -0.098216
-0.765929 -0.642736 -0.015584
-0.732306 -0.667844 -0.133085
-0.688690 -0.657899 -0.304755
-0.373252 -0.897387 -0.235330
-0.405953 -0.809213 -0.424708
-0.373252 -0.897387 -0.235330
-0.688690 -0.657899 -0.304755
-0.967908 -0.208301 0.140585
-0.991369 -0.130773 -0.009299
-0.977604 -0.056375 0.202764
-0.977604 -0.056375 0.202764
-0.991369 -0.130773 -0.009299
-0.998843 -0.046058 0.013858
-0.991369 -0.130773 -0.009299
-0.990844 0.095681 -0.095254
-0.903599 0.176769 -0.390208
-0.903599 0.176769 -0.390208
-0.933970 -0.150031 -0.324332
-0.991369 -0.130773 -0.009299
-0.998843 -0.046058 0.013858
-0.991369 -0.130773 -0.009299
-0.933970 -0.150031 -0.324332
-0.998843 -0.046058 0.013858
-0.933970 -0.150031 -0.324332
-0.945154 -0.032344 -0.325020
-0.915866 0.400875 -0.022114
-0.626798 0.775546 -0.075183
-0.598536 0.765907 -0.234820
-0.915866 0.400875 -0.022114
-0.598536 0.765907 -0.234820
-0.884712 0.426499 -0.188107
-0.918593 0.390121 0.063191
-0.649575 0.760297 -0.000948
-0.626798 0.775546 -0.075183
-0.918593 0.390121 0.063191
-0.626798 0.775546 -0.075183
-0.915866 0.400875 -0.022114
-0.238965 -0.970306 -0.037456
-0.555689 -0.830994 0.025655
-0.209750 -0.976015 -0.058305
-0.555689 -0.830994 0.025655
-0.509052 -0.860636 0.013110
-0.209750 -0.976015 -0.058305
-0.252750 -0.967518 -0.005171
-0.588435 -0.807872 0.032968
-0.238965 -0.970306 -0.037456
-0.588435 -0.807872 0.032968
-0.555689 -0.830994 0.025655
-0.238965 -0.970306 -0.037456
-0.689101 0.723218 0.045779
-0.339902 0.940241 0.020358
-0.349622 0.936848 -0.009009
-0.689101 0.723218 0.045779
-0.349622 0.936848 -0.009009
-0.673663 0.738157 0.036090
-0.304004 0.951586 -0.045442
-0.406919 0.913447 -0.005589
-0.450799 0.892486 -0.015789
-0.406919 0.913447 -0.005589
-0.304004 0.951586 -0.045442
-0.268434 0.962165 -0.046704
-0.406919 0.913447 -0.005589
-0.268434 0.962165 -0.046704
-0.360964 0.932509 0.011539
-0.268434 0.962165 -0.046704
-0.230097 0.972906 -0.022579
-0.360964 0.932509 0.011539
-0.008460 -0.999795 -0.018385
-0.148502 -0.988687 -0.021080
-0.135465 -0.990741 -0.009049
-0.008460 -0.999795 -0.018385
-0.135465 -0.990741 -0.009049
-0.004330 -0.999764 -0.021279
-0.154861 -0.986986 -0.043329
-0.335415 -0.941211 -0.040240
-0.326872 -0.944748 -0.024595
-0.154861 -0.986986 -0.043329
-0.326872 -0.944748 -0.024595
-0.148502 -0.988687 -0.021080
-0.148502 -0.988687 -0.021080
-0.326872 -0.944748 -0.024595
-0.327844 -0.944722 -0.004342
-0.148502 -0.988687 -0.021080
-0.327844 -0.944722 -0.004342
-0.135465 -0.990741 -0.009049
-0.000985 -0.999497 -0.031712
-0.154861 -0.986986 -0.043329
-0.148502 -0.988687 -0.021080
-0.000985 -0.999497 -0.031712
-0.148502 -0.988687 -0.021080
-0.008460 -0.999795 -0.018385
-0.004330 -0.999764 -0.021279
0.160077 -0.987081 -0.006844
-0.008460 -0.999795 -0.018385
0.160077 -0.987081 -0.006844
-0.004330 -0.999764 -0.021279
0.152285 -0.988150 -0.019205
-0.258377 0.963507 -0.069973
-0.083201 0.996175 -0.026719
-0.133951 0.990606 -0.027505
-0.258377 0.963507 -0.069973
-0.133951 0.990606 -0.027505
-0.295196 0.952963 -0.068711
-0.083201 0.996175 -0.026719
0.161683 0.986617 0.021100
0.116817 0.993059 0.013692
-0.083201 0.996175 -0.026719
0.116817 0.993059 0.013692
-0.133951 0.990606 -0.027505
0.207137 0.977487 0.040171
0.161683 0.986617 0.021100
-0.031260 0.999502 0.004330
-0.031260 0.999502 0.004330
0.161683 0.986617 0.021100
-0.083201 0.996175 -0.026719
0.621482 0.631991 0.462977
0.264972 0.922797 0.279707
0.343498 0.770008 0.537678
0.264972 0.922797 0.279707
0.621482 0.631991 0.462977
0.599693 0.750970 0.276428
0.599693 0.750970 0.276428
0.247121 0.960771 0.125899
0.264972 0.922797 0.279707
0.247121 0.960771 0.125899
0.599693 0.750970 0.276428
0.556878 0.818114 0.143448
0.621482 0.631991 0.462977
0.343498 0.770008 0.537678
0.518541 0.123491 0.846088
0.518541 0.123491 0.846088
0.831662 -0.090993 0.547776
0.621482 0.631991 0.462977
0.541066 -0.493464 0.680986
0.831662 -0.090993 0.547776
0.518541 0.123491 0.846088
0.541066 -0.493464 0.680986
0.732620 -0.573637 0.366345
0.831662 -0.090993 0.547776
0.584439 0.477631 0.655972
0.641356 0.688135 0.339311
0.559745 0.611800 0.558915
0.641356 0.688135 0.339311
0.584439 0.477631 0.655972
0.811402 0.351775 0.466778
0.811402 0.351775 0.466778
0.584439 0.477631 0.655972
0.594347 -0.198139 0.779418
0.594347 -0.198139 0.779418
0.773028 -0.364839 0.518961
0.811402 0.351775 0.466778
0.790127 -0.229857 0.568212
0.958890 0.239803 0.151740
0.779115 0.226502 0.584532
0.958890 0.239803 0.151740
0.790127 -0.229857 0.568212
0.991955 -0.043901 0.118738
-0.754902 0.220580 -0.617631
-0.969402 -0.021800 -0.244508
-0.936163 0.191034 -0.295136
-0.969402 -0.021800 -0.244508
-0.754902 0.220580 -0.617631
-0.788124 -0.135083 -0.600511
-0.330249 -0.525133 -0.784328
-0.711828 -0.380872 -0.590117
-0.387663 -0.249571 -0.887373
-0.711828 -0.380872 -0.590117
-0.788124 -0.135083 -0.600511
-0.387663 -0.249571 -0.887373
-0.947125 -0.204015 -0.247653
-0.559379 -0.604514 -0.567149
-0.868414 -0.407656 -0.282265
-0.559379 -0.604514 -0.567149
-0.947125 -0.204015 -0.247653
-0.711828 -0.380872 -0.590117
-0.933970 -0.150031 -0.324332
-0.903599 0.176769 -0.390208
-0.636248 0.187288 -0.748406
-0.636248 0.187288 -0.748406
-0.702622 -0.191533 -0.685301
-0.933970 -0.150031 -0.324332
-0.990844 0.095681 -0.095254
-0.884712 0.426499 -0.188107
-0.744596 0.476331 -0.467638
-0.744596 0.476331 -0.467638
-0.903599 0.176769 -0.390208
-0.990844 0.095681 -0.095254
-0.933970 -0.150031 -0.324332
-0.738968 0.048353 -0.672003
-0.945154 -0.032344 -0.325020
-0.738968 0.048353 -0.672003
-0.933970 -0.150031 -0.324332
-0.702622 -0.191533 -0.685301
-0.936163 0.191034 -0.295136
-0.945154 -0.032344 -0.325020
-0.738968 0.048353 -0.672003
-0.936163 0.191034 -0.295136
-0.738968 0.048353 -0.672003
-0.754902 0.220580 -0.617631
-0.598536 0.765907 -0.234820
-0.491717 0.724378 -0.483209
-0.884712 0.426499 -0.188107
-0.491717 0.724378 -0.483209
-0.744596 0.476331 -0.467638
-0.884712 0.426499 -0.188107
-0.744596 0.476331 -0.467638
-0.458295 0.513205 -0.725662
-0.903599 0.176769 -0.390208
-0.903599 0.176769 -0.390208
-0.458295 0.513205 -0.725662
-0.636248 0.187288 -0.748406
-0.339477 0.938388 -0.064681
-0.321737 0.939839 -0.114839
-0.649575 0.760297 -0.000948
-0.649575 0.760297 -0.000948
-0.321737 0.939839 -0.114839
-0.626798 0.775546 -0.075183
-0.626798 0.775546 -0.075183
-0.321737 0.939839 -0.114839
-0.311618 0.920029 -0.237572
-0.626798 0.775546 -0.075183
-0.311618 0.920029 -0.237572
-0.598536 0.765907 -0.234820
-0.164351 -0.975193 -0.148283
-0.373252 -0.897387 -0.235330
-0.171093 -0.945278 -0.277807
-0.373252 -0.897387 -0.235330
-0.164351 -0.975193 -0.148283
-0.412513 -0.905642 -0.098216
-0.349622 0.936848 -0.009009
-0.339477 0.938388 -0.064681
-0.673663 0.738157 0.036090
-0.673663 0.738157 0.036090
-0.339477 0.938388 -0.064681
-0.649575 0.760297 -0.000948
-0.203247 0.979115 0.005022
-0.321977 0.945975 0.038244
-0.217661 0.975340 0.036540
-0.321977 0.945975 0.038244
-0.203247 0.979115 0.005022
-0.326065 0.945026 0.024641
0.004275 -0.999864 -0.015906
-0.252750 -0.967518 -0.005171
-0.008396 -0.998170 -0.059883
-0.252750 -0.967518 -0.005171
-0.238965 -0.970306 -0.037456
-0.008396 -0.998170 -0.059883
-0.254443 -0.966587 0.031118
0.004275 -0.999864 -0.015906
0.006966 -0.999853 0.015690
0.004275 -0.999864 -0.015906
-0.254443 -0.966587 0.031118
-0.252750 -0.967518 -0.005171
-0.230097 0.972906 -0.022579
-0.330418 0.943121 0.036696
-0.360964 0.932509 0.011539
-0.330418 0.943121 0.036696
-0.230097 0.972906 -0.022579
-0.214833 0.976099 0.032827
-0.330418 0.943121 0.036696
-0.214833 0.976099 0.032827
-0.321977 0.945975 0.038244
-0.214833 0.976099 0.032827
-0.217661 0.975340 0.036540
-0.321977 0.945975 0.038244
-0.186196 0.981316 -0.048480
-0.304004 0.951586 -0.045442
-0.320360 0.945694 -0.055064
-0.304004 0.951586 -0.045442
-0.186196 0.981316 -0.048480
-0.193460 0.979549 -0.055286
-0.004330 -0.999764 -0.021279
-0.135465 -0.990741 -0.009049
-0.119208 -0.992856 0.005158
-0.004330 -0.999764 -0.021279
-0.119208 -0.992856 0.005158
0.010504 -0.999881 -0.011284
-0.133951 0.990606 -0.027505
-0.175222 0.983633 -0.041988
-0.295196 0.952963 -0.068711
-0.295196 0.952963 -0.068711
-0.175222 0.983633 -0.041988
-0.322651 0.943634 -0.073836
0.116817 0.993059 0.013692
0.074325 0.997223 0.004794
-0.133951 0.990606 -0.027505
-0.133951 0.990606 -0.027505
0.074325 0.997223 0.004794
-0.175222 0.983633 -0.041988
0.247121 0.960771 0.125899
0.556878 0.818114 0.143448
0.520073 0.851451 0.067492
0.247121 0.960771 0.125899
0.520073 0.851451 0.067492
0.207137 0.977487 0.040171
0.520073 0.851451 0.067492
0.493257 0.868683 0.045681
0.207137 0.977487 0.040171
0.207137 0.977487 0.040171
0.493257 0.868683 0.045681
0.161683 0.986617 0.021100
0.158459 -0.948106 0.275654
0.163759 -0.974405 0.154009
0.424549 -0.856914 0.292331
0.424549 -0.856914 0.292331
0.163759 -0.974405 0.154009
0.447284 -0.877996 0.170472
-0.048345 -0.966720 0.251227
-0.058610 -0.990656 0.123147
0.158459 -0.948106 0.275654
0.158459 -0.948106 0.275654
-0.058610 -0.990656 0.123147
0.163759 -0.974405 0.154009
0.447284 -0.877996 0.170472
0.163759 -0.974405 0.154009
0.169179 -0.984305 0.050216
0.447284 -0.877996 0.170472
0.169179 -0.984305 0.050216
0.453461 -0.887834 0.078251
0.424549 -0.856914 0.292331
0.773028 -0.364839 0.518961
0.404380 -0.804625 0.434806
0.773028 -0.364839 0.518961
0.424549 -0.856914 0.292331
0.802641 -0.510742 0.308076
0.404380 -0.804625 0.434806
0.143611 -0.898150 0.415575
0.158459 -0.948106 0.275654
0.158459 -0.948106 0.275654
0.424549 -0.856914 0.292331
0.404380 -0.804625 0.434806
0.732620 -0.573637 0.366345
0.963816 0.044989 0.262746
0.831662 -0.090993 0.547776
0.963816 0.044989 0.262746
0.732620 -0.573637 0.366345
0.814974 -0.551916 0.176652
0.955825 -0.011481 0.293711
0.814974 -0.551916 0.176652
0.937391 0.052651 0.344277
0.732620 -0.573637 0.366345
0.937391 0.052651 0.344277
0.814974 -0.551916 0.176652
0.937391 0.052651 0.344277
0.776007 0.192727 0.600558
0.790966 0.559332 0.248035
0.790966 0.559332 0.248035
0.870529 0.436671 0.226930
0.937391 0.052651 0.344277
0.790127 -0.229857 0.568212
0.572595 -0.665077 0.479383
0.991955 -0.043901 0.118738
0.572595 -0.665077 0.479383
0.867252 -0.481451 0.126799
0.991955 -0.043901 0.118738
0.684139 -0.277473 0.674509
0.945563 0.110760 0.306011
0.867252 -0.481451 0.126799
0.867252 -0.481451 0.126799
0.572595 -0.665077 0.479383
0.684139 -0.277473 0.674509
-0.458295 0.513205 -0.725662
-0.744596 0.476331 -0.467638
-0.491717 0.724378 -0.483209
-0.458295 0.513205 -0.725662
-0.491717 0.724378 -0.483209
-0.281880 0.677394 -0.679471
-0.311618 0.920029 -0.237572
-0.491717 0.724378 -0.483209
-0.598536 0.765907 -0.234820
-0.491717 0.724378 -0.483209
-0.311618 0.920029 -0.237572
-0.290723 0.841726 -0.454947
-0.160425 0.986618 -0.029146
-0.339902 0.940241 0.020358
-0.174896 0.984569 0.005964
-0.339902 0.940241 0.020358
-0.160425 0.986618 -0.029146
-0.349622 0.936848 -0.009009
-0.326065 0.945026 0.024641
-0.203247 0.979115 0.005022
-0.174896 0.984569 0.005964
-0.326065 0.945026 0.024641
-0.174896 0.984569 0.005964
-0.339902 0.940241 0.020358
-0.193460 0.979549 -0.055286
-0.268434 0.962165 -0.046704
-0.304004 0.951586 -0.045442
-0.268434 0.962165 -0.046704
-0.193460 0.979549 -0.055286
-0.196838 0.978081 -0.067919
0.010504 -0.999881 -0.011284
-0.119208 -0.992856 0.005158
0.030820 -0.999379 -0.017110
-0.119208 -0.992856 0.005158
-0.112479 -0.993635 -0.006109
0.030820 -0.999379 -0.017110
0.030820 -0.999379 -0.017110
-0.112479 -0.993635 -0.006109
0.049528 -0.996725 -0.063919
-0.112479 -0.993635 -0.006109
-0.104764 -0.993452 -0.045583
0.049528 -0.996725 -0.063919
-0.112479 -0.993635 -0.006109
-0.312417 -0.949525 -0.028244
-0.104764 -0.993452 -0.045583
-0.312417 -0.949525 -0.028244
-0.112479 -0.993635 -0.006109
-0.320134 -0.947367 -0.003245
0.152285 -0.988150 -0.019205
-0.004330 -0.999764 -0.021279
0.157227 -0.987118 -0.029638
-0.004330 -0.999764 -0.021279
0.010504 -0.999881 -0.011284
0.157227 -0.987118 -0.029638
-0.175222 0.983633 -0.041988
-0.197001 0.979725 -0.036460
-0.322651 0.943634 -0.073836
-0.322651 0.943634 -0.073836
-0.197001 0.979725 -0.036460
-0.329590 0.943554 -0.032816
0.493257 0.868683 0.045681
0.476145 0.878600 0.036707
0.161683 0.986617 0.021100
0.161683 0.986617 0.021100
0.476145 0.878600 0.036707
0.116817 0.993059 0.013692
0.447284 -0.877996 0.170472
0.802641 -0.510742 0.308076
0.424549 -0.856914 0.292331
0.802641 -0.510742 0.308076
0.447284 -0.877996 0.170472
0.820652 -0.545149 0.171298
0.641356 0.688135 0.339311
0.696466 0.692197 0.189207
0.945563 0.110760 0.306011
0.945563 0.110760 0.306011
0.696466 0.692197 0.189207
0.962686 0.242189 0.120746
0.641356 0.688135 0.339311
0.942283 0.197261 0.270539
0.696466 0.692197 0.189207
0.942283 0.197261 0.270539
0.641356 0.688135 0.339311
0.811402 0.351775 0.466778
0.621482 0.631991 0.462977
0.831662 -0.090993 0.547776
0.963816 0.044989 0.262746
0.963816 0.044989 0.262746
0.599693 0.750970 0.276428
0.621482 0.631991 0.462977
0.811402 0.351775 0.466778
0.773028 -0.364839 0.518961
0.942283 0.197261 0.270539
0.773028 -0.364839 0.518961
0.802641 -0.510742 0.308076
0.942283 0.197261 0.270539
-0.387663 -0.249571 -0.887373
-0.788124 -0.135083 -0.600511
-0.355256 0.168974 -0.919370
-0.788124 -0.135083 -0.600511
-0.754902 0.220580 -0.617631
-0.355256 0.168974 -0.919370
-0.387663 -0.249571 -0.887373
-0.032707 0.175730 -0.983895
-0.120379 -0.284695 -0.951030
-0.032707 0.175730 -0.983895
-0.387663 -0.249571 -0.887373
-0.355256 0.168974 -0.919370
-0.112327 -0.577438 -0.808670
-0.330249 -0.525133 -0.784328
-0.120379 -0.284695 -0.951030
-0.330249 -0.525133 -0.784328
-0.387663 -0.249571 -0.887373
-0.120379 -0.284695 -0.951030
-0.702622 -0.191533 -0.685301
-0.262834 0.077734 -0.961705
-0.287582 -0.170960 -0.942375
-0.262834 0.077734 -0.961705
-0.702622 -0.191533 -0.685301
-0.636248 0.187288 -0.748406
-0.738968 0.048353 -0.672003
-0.287582 -0.170960 -0.942375
-0.284168 0.163406 -0.944747
-0.287582 -0.170960 -0.942375
-0.738968 0.048353 -0.672003
-0.702622 -0.191533 -0.685301
-0.738968 0.048353 -0.672003
-0.355256 0.168974 -0.919370
-0.754902 0.220580 -0.617631
-0.355256 0.168974 -0.919370
-0.738968 0.048353 -0.672003
-0.284168 0.163406 -0.944747
-0.154484 0.983111 -0.098120
-0.349622 0.936848 -0.009009
-0.160425 0.986618 -0.029146
-0.349622 0.936848 -0.009009
-0.154484 0.983111 -0.098120
-0.339477 0.938388 -0.064681
-0.268434 0.962165 -0.046704
-0.196838 0.978081 -0.067919
-0.230097 0.972906 -0.022579
-0.196838 0.978081 -0.067919
-0.200526 0.979061 -0.035051
-0.230097 0.972906 -0.022579
-0.230097 0.972906 -0.022579
-0.200526 0.979061 -0.035051
-0.214833 0.976099 0.032827
-0.200526 0.979061 -0.035051
-0.186813 0.982262 0.016209
-0.214833 0.976099 0.032827
-0.104764 -0.993452 -0.045583
0.057025 -0.995158 -0.080053
0.049528 -0.996725 -0.063919
0.057025 -0.995158 -0.080053
-0.104764 -0.993452 -0.045583
-0.072287 -0.995955 -0.053371
0.179552 -0.982855 -0.041909
0.030820 -0.999379 -0.017110
0.183683 -0.980906 -0.063909
0.030820 -0.999379 -0.017110
0.049528 -0.996725 -0.063919
0.183683 -0.980906 -0.063909
0.010504 -0.999881 -0.011284
0.179552 -0.982855 -0.041909
0.157227 -0.987118 -0.029638
0.179552 -0.982855 -0.041909
0.010504 -0.999881 -0.011284
0.030820 -0.999379 -0.017110
0.116817 0.993059 0.013692
0.476145 0.878600 0.036707
0.468359 0.883052 0.029311
0.116817 0.993059 0.013692
0.468359 0.883052 0.029311
0.074325 0.997223 0.004794
0.556878 0.818114 0.143448
0.961435 0.235914 0.141374
0.930784 0.354849 0.087887
0.556878 0.818114 0.143448
0.930784 0.354849 0.087887
0.520073 0.851451 0.067492
0.963816 0.044989 0.262746
0.961435 0.235914 0.141374
0.599693 0.750970 0.276428
0.961435 0.235914 0.141374
0.556878 0.818114 0.143448
0.599693 0.750970 0.276428
0.958890 0.239803 0.151740
0.991955 -0.043901 0.118738
0.972170 0.149677 0.180226
0.991955 -0.043901 0.118738
0.997359 -0.049621 0.053043
0.972170 0.149677 0.180226
0.867252 -0.481451 0.126799
0.997359 -0.049621 0.053043
0.991955 -0.043901 0.118738
0.997359 -0.049621 0.053043
0.867252 -0.481451 0.126799
0.947294 -0.320355 -0.002775
0.945563 0.110760 0.306011
0.962686 0.242189 0.120746
0.947294 -0.320355 -0.002775
0.945563 0.110760 0.306011
0.947294 -0.320355 -0.002775
0.867252 -0.481451 0.126799
-0.458295 0.513205 -0.725662
-0.262834 0.077734 -0.961705
-0.636248 0.187288 -0.748406
-0.262834 0.077734 -0.961705
-0.458295 0.513205 -0.725662
-0.197920 0.461040 -0.865026
-0.281880 0.677394 -0.679471
-0.197920 0.461040 -0.865026
-0.458295 0.513205 -0.725662
-0.197920 0.461040 -0.865026
-0.281880 0.677394 -0.679471
-0.112110 0.647575 -0.753709
-0.321737 0.939839 -0.114839
-0.148519 0.978865 -0.140591
-0.146680 0.961765 -0.231287
-0.321737 0.939839 -0.114839
-0.146680 0.961765 -0.231287
-0.311618 0.920029 -0.237572
-0.154484 0.983111 -0.098120
-0.148519 0.978865 -0.140591
-0.339477 0.938388 -0.064681
-0.339477 0.938388 -0.064681
-0.148519 0.978865 -0.140591
-0.321737 0.939839 -0.114839
-0.171093 -0.945278 -0.277807
-0.405953 -0.809213 -0.424708
-0.194394 -0.869984 -0.453143
-0.405953 -0.809213 -0.424708
-0.171093 -0.945278 -0.277807
-0.373252 -0.897387 -0.235330
-0.023833 -0.992659 -0.118579
-0.179488 -0.979379 -0.092746
-0.026480 -0.986496 -0.161630
-0.179488 -0.979379 -0.092746
-0.164351 -0.975193 -0.148283
-0.026480 -0.986496 -0.161630
-0.179488 -0.979379 -0.092746
-0.458221 -0.888491 -0.024852
-0.164351 -0.975193 -0.148283
-0.458221 -0.888491 -0.024852
-0.412513 -0.905642 -0.098216
-0.164351 -0.975193 -0.148283
-0.026480 -0.986496 -0.161630
-0.164351 -0.975193 -0.148283
-0.039957 -0.958936 -0.280794
-0.164351 -0.975193 -0.148283
-0.171093 -0.945278 -0.277807
-0.039957 -0.958936 -0.280794
-0.186813 0.982262 0.016209
-0.217661 0.975340 0.036540
-0.214833 0.976099 0.032827
-0.217661 0.975340 0.036540
-0.186813 0.982262 0.016209
-0.135613 0.990756 -0.003272
0.011238 0.997975 -0.062604
-0.200526 0.979061 -0.035051
-0.196838 0.978081 -0.067919
-0.200526 0.979061 -0.035051
0.011238 0.997975 -0.062604
0.016452 0.999296 -0.033724
0.008182 0.999312 -0.036186
-0.193460 0.979549 -0.055286
-0.186196 0.981316 -0.048480
-0.193460 0.979549 -0.055286
0.008182 0.999312 -0.036186
0.008939 0.998679 -0.050595
0.008939 0.998679 -0.050595
-0.196838 0.978081 -0.067919
-0.193460 0.979549 -0.055286
-0.196838 0.978081 -0.067919
0.008939 0.998679 -0.050595
0.011238 0.997975 -0.062604
-0.175222 0.983633 -0.041988
0.074325 0.997223 0.004794
0.036024 0.999235 -0.015227
-0.175222 0.983633 -0.041988
0.036024 0.999235 -0.015227
-0.197001 0.979725 -0.036460
0.074325 0.997223 0.004794
0.468359 0.883052 0.029311
0.456998 0.889276 0.018455
0.074325 0.997223 0.004794
0.456998 0.889276 0.018455
0.036024 0.999235 -0.015227
0.922464 0.220875 0.316661
0.955309 -0.295217 -0.015208
0.845027 -0.368536 0.387441
0.955309 -0.295217 -0.015208
0.922464 0.220875 0.316661
0.972205 0.227256 0.056319
0.751511 0.643221 0.146622
0.962686 0.242189 0.120746
0.696466 0.692197 0.189207
0.962686 0.242189 0.120746
0.751511 0.643221 0.146622
0.922464 0.220875 0.316661
0.962686 0.242189 0.120746
0.845027 -0.368536 0.387441
0.947294 -0.320355 -0.002775
0.845027 -0.368536 0.387441
0.962686 0.242189 0.120746
0.922464 0.220875 0.316661
0.942283 0.197261 0.270539
0.980813 0.131287 0.144118
0.696466 0.692197 0.189207
0.696466 0.692197 0.189207
0.980813 0.131287 0.144118
0.751511 0.643221 0.146622
0.980813 0.131287 0.144118
0.985375 0.137378 0.100810
0.751511 0.643221 0.146622
0.751511 0.643221 0.146622
0.985375 0.137378 0.100810
0.811617 0.579595 0.073123
0.972205 0.227256 0.056319
0.922464 0.220875 0.316661
0.751511 0.643221 0.146622
0.751511 0.643221 0.146622
0.811617 0.579595 0.073123
0.972205 0.227256 0.056319
0.955825 -0.011481 0.293711
0.871783 0.484314 0.073722
0.988319 -0.077228 0.131380
0.871783 0.484314 0.073722
0.955825 -0.011481 0.293711
0.841247 0.403546 0.359798
0.871783 0.484314 0.073722
0.934981 0.318245 -0.156624
0.988319 -0.077228 0.131380
0.988319 -0.077228 0.131380
0.934981 0.318245 -0.156624
0.964503 -0.259384 0.049536
0.972170 0.149677 0.180226
0.841247 0.403546 0.359798
0.870529 0.436671 0.226930
0.841247 0.403546 0.359798
0.972170 0.149677 0.180226
0.887168 0.053567 0.458327
0.963730 0.259817 -0.060992
0.871783 0.484314 0.073722
0.887168 0.053567 0.458327
0.841247 0.403546 0.359798
0.887168 0.053567 0.458327
0.871783 0.484314 0.073722
0.963730 0.259817 -0.060992
0.934981 0.318245 -0.156624
0.871783 0.484314 0.073722
0.934981 0.318245 -0.156624
0.963730 0.259817 -0.060992
0.877209 0.288525 -0.383742
0.955825 -0.011481 0.293711
0.879779 -0.460702 0.117233
0.814974 -0.551916 0.176652
0.879779 -0.460702 0.117233
0.955825 -0.011481 0.293711
0.988319 -0.077228 0.131380
0.937391 0.052651 0.344277
0.841247 0.403546 0.359798
0.955825 -0.011481 0.293711
0.841247 0.403546 0.359798
0.937391 0.052651 0.344277
0.870529 0.436671 0.226930
0.814974 -0.551916 0.176652
0.961435 0.235914 0.141374
0.963816 0.044989 0.262746
0.961435 0.235914 0.141374
0.814974 -0.551916 0.176652
0.879779 -0.460702 0.117233
0.988319 -0.077228 0.131380
0.923318 -0.373489 0.089381
0.879779 -0.460702 0.117233
0.923318 -0.373489 0.089381
0.988319 -0.077228 0.131380
0.964503 -0.259384 0.049536
0.923318 -0.373489 0.089381
0.961435 0.235914 0.141374
0.879779 -0.460702 0.117233
0.961435 0.235914 0.141374
0.923318 -0.373489 0.089381
0.930784 0.354849 0.087887
0.790966 0.559332 0.248035
0.958890 0.239803 0.151740
0.870529 0.436671 0.226930
0.958890 0.239803 0.151740
0.972170 0.149677 0.180226
0.870529 0.436671 0.226930
0.972170 0.149677 0.180226
0.997359 -0.049621 0.053043
0.887168 0.053567 0.458327
0.997359 -0.049621 0.053043
0.862755 -0.229144 0.450719
0.887168 0.053567 0.458327
0.802641 -0.510742 0.308076
0.980813 0.131287 0.144118
0.942283 0.197261 0.270539
0.980813 0.131287 0.144118
0.802641 -0.510742 0.308076
0.820652 -0.545149 0.171298
-0.287582 -0.170960 -0.942375
-0.035960 -0.096105 -0.994721
0.052237 -0.180094 -0.982261
-0.035960 -0.096105 -0.994721
-0.287582 -0.170960 -0.942375
-0.262834 0.077734 -0.961705
0.082315 0.244433 -0.966166
-0.284168 0.163406 -0.944747
0.052237 -0.180094 -0.982261
-0.284168 0.163406 -0.944747
-0.287582 -0.170960 -0.942375
0.052237 -0.180094 -0.982261
-0.209750 -0.976015 -0.058305
-0.023833 -0.992659 -0.118579
-0.018557 -0.996155 -0.085616
-0.023833 -0.992659 -0.118579
-0.209750 -0.976015 -0.058305
-0.179488 -0.979379 -0.092746
-0.018557 -0.996155 -0.085616
0.092340 -0.988222 -0.122027
0.098042 -0.991244 -0.088447
0.092340 -0.988222 -0.122027
-0.018557 -0.996155 -0.085616
-0.023833 -0.992659 -0.118579
-0.023833 -0.992659 -0.118579
0.084702 -0.982397 -0.166496
0.092340 -0.988222 -0.122027
0.084702 -0.982397 -0.166496
-0.023833 -0.992659 -0.118579
-0.026480 -0.986496 -0.161630
-0.238965 -0.970306 -0.037456
-0.018557 -0.996155 -0.085616
-0.008396 -0.998170 -0.059883
-0.018557 -0.996155 -0.085616
-0.238965 -0.970306 -0.037456
-0.209750 -0.976015 -0.058305
-0.174896 0.984569 0.005964
-0.030251 0.999017 -0.032418
-0.002161 0.998326 -0.057805
-0.174896 0.984569 0.005964
-0.002161 0.998326 -0.057805
-0.160425 0.986618 -0.029146
0.036024 0.999235 -0.015227
0.015604 0.999264 -0.035056
-0.197001 0.979725 -0.036460
-0.197001 0.979725 -0.036460
0.015604 0.999264 -0.035056
-0.189023 0.981331 -0.035498
-0.329590 0.943554 -0.032816
-0.197001 0.979725 -0.036460
-0.189023 0.981331 -0.035498
-0.329590 0.943554 -0.032816
-0.189023 0.981331 -0.035498
-0.325618 0.945070 -0.028572
0.036024 0.999235 -0.015227
0.456998 0.889276 0.018455
0.436935 0.899484 -0.004117
0.036024 0.999235 -0.015227
0.436935 0.899484 -0.004117
0.015604 0.999264 -0.035056
0.015604 0.999264 -0.035056
0.008182 0.999312 -0.036186
-0.189023 0.981331 -0.035498
-0.189023 0.981331 -0.035498
0.008182 0.999312 -0.036186
-0.186196 0.981316 -0.048480
0.015604 0.999264 -0.035056
0.436935 0.899484 -0.004117
0.418803 0.907908 -0.017550
0.015604 0.999264 -0.035056
0.418803 0.907908 -0.017550
0.008182 0.999312 -0.036186
0.896924 0.435946 0.074022
0.863774 0.500392 0.059174
0.493257 0.868683 0.045681
0.493257 0.868683 0.045681
0.863774 0.500392 0.059174
0.476145 0.878600 0.036707
0.520073 0.851451 0.067492
0.930784 0.354849 0.087887
0.896924 0.435946 0.074022
0.520073 0.851451 0.067492
0.896924 0.435946 0.074022
0.493257 0.868683 0.045681
0.964503 -0.259384 0.049536
0.947225 -0.313417 0.067339
0.923318 -0.373489 0.089381
0.947225 -0.313417 0.067339
0.964503 -0.259384 0.049536
0.930749 -0.331670 0.153950
0.945834 0.101546 0.308360
0.964503 -0.259384 0.049536
0.934981 0.318245 -0.156624
0.964503 -0.259384 0.049536
0.945834 0.101546 0.308360
0.930749 -0.331670 0.153950
0.980438 0.151870 0.125206
0.930749 -0.331670 0.153950
0.945834 0.101546 0.308360
0.930749 -0.331670 0.153950
0.980438 0.151870 0.125206
0.921825 -0.385434 0.040989
0.921825 -0.385434 0.040989
0.947225 -0.313417 0.067339
0.930749 -0.331670 0.153950
0.947225 -0.313417 0.067339
0.921825 -0.385434 0.040989
0.963674 -0.261176 0.055861
-0.148135 0.838354 -0.524613
-0.281880 0.677394 -0.679471
-0.290723 0.841726 -0.454947
-0.281880 0.677394 -0.679471
-0.491717 0.724378 -0.483209
-0.290723 0.841726 -0.454947
-0.146680 0.961765 -0.231287
-0.154375 0.928839 -0.336787
-0.311618 0.920029 -0.237572
-0.290723 0.841726 -0.454947
-0.311618 0.920029 -0.237572
-0.154375 0.928839 -0.336787
-0.148519 0.978865 -0.140591
0.005904 0.987761 -0.155863
-0.009763 0.970922 -0.239196
-0.148519 0.978865 -0.140591
-0.009763 0.970922 -0.239196
-0.146680 0.961765 -0.231287
0.010274 0.992443 -0.122280
-0.160425 0.986618 -0.029146
-0.002161 0.998326 -0.057805
-0.160425 0.986618 -0.029146
0.010274 0.992443 -0.122280
-0.154484 0.983111 -0.098120
-0.154484 0.983111 -0.098120
0.010274 0.992443 -0.122280
0.005904 0.987761 -0.155863
-0.154484 0.983111 -0.098120
0.005904 0.987761 -0.155863
-0.148519 0.978865 -0.140591
-0.073588 0.996088 -0.048923
-0.217661 0.975340 0.036540
-0.135613 0.990756 -0.003272
-0.217661 0.975340 0.036540
-0.073588 0.996088 -0.048923
-0.203247 0.979115 0.005022
-0.135613 0.990756 -0.003272
0.095572 0.992546 -0.075628
0.128717 0.987062 -0.095609
-0.135613 0.990756 -0.003272
0.128717 0.987062 -0.095609
-0.073588 0.996088 -0.048923
-0.203247 0.979115 0.005022
-0.073588 0.996088 -0.048923
-0.030251 0.999017 -0.032418
-0.203247 0.979115 0.005022
-0.030251 0.999017 -0.032418
-0.174896 0.984569 0.005964
-0.325618 0.945070 -0.028572
-0.189023 0.981331 -0.035498
-0.320360 0.945694 -0.055064
-0.189023 0.981331 -0.035498
-0.186196 0.981316 -0.048480
-0.320360 0.945694 -0.055064
0.476145 0.878600 0.036707
0.863774 0.500392 0.059174
0.838151 0.543706 0.043441
0.476145 0.878600 0.036707
0.838151 0.543706 0.043441
0.468359 0.883052 0.029311
0.838151 0.543706 0.043441
0.822715 0.567288 0.036395
0.468359 0.883052 0.029311
0.468359 0.883052 0.029311
0.822715 0.567288 0.036395
0.456998 0.889276 0.018455
0.898742 0.057442 -0.434698
0.963730 0.259817 -0.060992
0.993173 -0.103512 -0.053781
0.963730 0.259817 -0.060992
0.898742 0.057442 -0.434698
0.877209 0.288525 -0.383742
0.993173 -0.103512 -0.053781
0.963730 0.259817 -0.060992
0.862755 -0.229144 0.450719
0.862755 -0.229144 0.450719
0.963730 0.259817 -0.060992
0.887168 0.053567 0.458327
-0.262834 0.077734 -0.961705
-0.197920 0.461040 -0.865026
-0.035960 -0.096105 -0.994721
-0.197920 0.461040 -0.865026
-0.041242 0.354963 -0.933970
-0.035960 -0.096105 -0.994721
0.246995 0.377508 -0.892458
0.082315 0.244433 -0.966166
0.271831 -0.248121 -0.929809
0.082315 0.244433 -0.966166
0.052237 -0.180094 -0.982261
0.271831 -0.248121 -0.929809
-0.284168 0.163406 -0.944747
0.082315 0.244433 -0.966166
-0.355256 0.168974 -0.919370
-0.032707 0.175730 -0.983895
-0.355256 0.168974 -0.919370
0.082315 0.244433 -0.966166
0.019902 0.821639 -0.569660
-0.112110 0.647575 -0.753709
-0.148135 0.838354 -0.524613
-0.112110 0.647575 -0.753709
-0.281880 0.677394 -0.679471
-0.148135 0.838354 -0.524613
0.202612 0.767306 -0.608432
0.058972 0.606327 -0.793025
0.019902 0.821639 -0.569660
0.058972 0.606327 -0.793025
-0.112110 0.647575 -0.753709
0.019902 0.821639 -0.569660
-0.112110 0.647575 -0.753709
-0.041242 0.354963 -0.933970
-0.197920 0.461040 -0.865026
-0.041242 0.354963 -0.933970
-0.112110 0.647575 -0.753709
0.058972 0.606327 -0.793025
-0.148135 0.838354 -0.524613
-0.154375 0.928839 -0.336787
-0.042724 0.931699 -0.360710
-0.148135 0.838354 -0.524613
-0.290723 0.841726 -0.454947
-0.154375 0.928839 -0.336787
-0.009763 0.970922 -0.239196
-0.042724 0.931699 -0.360710
-0.146680 0.961765 -0.231287
-0.146680 0.961765 -0.231287
-0.042724 0.931699 -0.360710
-0.154375 0.928839 -0.336787
0.164977 0.981548 -0.096674
-0.030251 0.999017 -0.032418
0.144682 0.987113 -0.068369
-0.030251 0.999017 -0.032418
0.164977 0.981548 -0.096674
-0.002161 0.998326 -0.057805
0.144682 0.987113 -0.068369
-0.073588 0.996088 -0.048923
0.128717 0.987062 -0.095609
-0.073588 0.996088 -0.048923
0.144682 0.987113 -0.068369
-0.030251 0.999017 -0.032418
0.400143 0.914996 -0.051654
0.016452 0.999296 -0.033724
0.011238 0.997975 -0.062604
0.016452 0.999296 -0.033724
0.400143 0.914996 -0.051654
0.403908 0.913837 -0.041960
0.898008 -0.240219 0.368615
0.991665 -0.042629 0.121590
0.949687 -0.225988 0.216851
0.991665 -0.042629 0.121590
0.898008 -0.240219 0.368615
0.961971 0.052255 0.268108
0.961971 0.052255 0.268108
0.838805 0.538025 0.083277
0.991665 -0.042629 0.121590
0.838805 0.538025 0.083277
0.866173 0.496377 0.057923
0.991665 -0.042629 0.121590
0.960227 -0.096657 -0.261958
0.991665 -0.042629 0.121590
0.976299 0.003055 -0.216403
0.991665 -0.042629 0.121590
0.960227 -0.096657 -0.261958
0.949687 -0.225988 0.216851
0.888852 -0.142725 0.435399
0.925963 -0.095813 -0.365256
0.898008 -0.240219 0.368615
0.925963 -0.095813 -0.365256
0.888852 -0.142725 0.435399
0.898742 0.057442 -0.434698
0.995388 -0.027625 0.091867
0.888852 -0.142725 0.435399
0.949687 -0.225988 0.216851
0.888852 -0.142725 0.435399
0.898008 -0.240219 0.368615
0.949687 -0.225988 0.216851
0.961011 0.192196 -0.198795
0.961971 0.052255 0.268108
0.898008 -0.240219 0.368615
0.961011 0.192196 -0.198795
0.898008 -0.240219 0.368615
0.925963 -0.095813 -0.365256
0.877209 0.288525 -0.383742
0.903745 0.054040 0.424646
0.945834 0.101546 0.308360
0.877209 0.288525 -0.383742
0.945834 0.101546 0.308360
0.934981 0.318245 -0.156624
0.945834 0.101546 0.308360
0.974697 0.220679 0.035584
0.980438 0.151870 0.125206
0.974697 0.220679 0.035584
0.945834 0.101546 0.308360
0.903745 0.054040 0.424646
0.974697 0.220679 0.035584
0.985431 0.061370 -0.158617
0.980438 0.151870 0.125206
0.985431 0.061370 -0.158617
0.974697 0.220679 0.035584
0.907563 0.312853 -0.280093
0.947225 -0.313417 0.067339
0.963674 -0.261176 0.055861
0.896924 0.435946 0.074022
0.896924 0.435946 0.074022
0.963674 -0.261176 0.055861
0.863774 0.500392 0.059174
0.930784 0.354849 0.087887
0.923318 -0.373489 0.089381
0.947225 -0.313417 0.067339
0.930784 0.354849 0.087887
0.947225 -0.313417 0.067339
0.896924 0.435946 0.074022
0.985375 0.137378 0.100810
0.976776 0.203102 0.068254
0.811617 0.579595 0.073123
0.811617 0.579595 0.073123
0.976776 0.203102 0.068254
0.818261 0.574780 -0.008806
0.976776 0.203102 0.068254
0.964005 0.263277 0.037145
0.818261 0.574780 -0.008806
0.818261 0.574780 -0.008806
0.964005 0.263277 0.037145
0.838805 0.538025 0.083277
0.972205 0.227256 0.056319
0.811617 0.579595 0.073123
0.818261 0.574780 -0.008806
0.818261 0.574780 -0.008806
0.961011 0.192196 -0.198795
0.972205 0.227256 0.056319
0.898742 0.057442 -0.434698
0.888852 -0.142725 0.435399
0.903745 0.054040 0.424646
0.898742 0.057442 -0.434698
0.903745 0.054040 0.424646
0.877209 0.288525 -0.383742
0.925963 -0.095813 -0.365256
0.993173 -0.103512 -0.053781
0.955309 -0.295217 -0.015208
0.993173 -0.103512 -0.053781
0.925963 -0.095813 -0.365256
0.898742 0.057442 -0.434698
0.862755 -0.229144 0.450719
0.955309 -0.295217 -0.015208
0.993173 -0.103512 -0.053781
0.955309 -0.295217 -0.015208
0.862755 -0.229144 0.450719
0.845027 -0.368536 0.387441
0.019902 0.821639 -0.569660
-0.042724 0.931699 -0.360710
0.111513 0.914111 -0.389829
-0.042724 0.931699 -0.360710
0.019902 0.821639 -0.569660
-0.148135 0.838354 -0.524613
0.005904 0.987761 -0.155863
0.184910 0.967281 -0.173712
0.159417 0.953034 -0.257512
0.159417 0.953034 -0.257512
-0.009763 0.970922 -0.239196
0.005904 0.987761 -0.155863
0.182394 0.971659 -0.150369
-0.002161 0.998326 -0.057805
0.164977 0.981548 -0.096674
-0.002161 0.998326 -0.057805
0.182394 0.971659 -0.150369
0.010274 0.992443 -0.122280
0.010274 0.992443 -0.122280
0.182394 0.971659 -0.150369
0.184910 0.967281 -0.173712
0.010274 0.992443 -0.122280
0.184910 0.967281 -0.173712
0.005904 0.987761 -0.155863
-0.186813 0.982262 0.016209
0.045567 0.998457 -0.031734
0.095572 0.992546 -0.075628
-0.186813 0.982262 0.016209
0.095572 0.992546 -0.075628
-0.135613 0.990756 -0.003272
0.016452 0.999296 -0.033724
-0.186813 0.982262 0.016209
-0.200526 0.979061 -0.035051
-0.186813 0.982262 0.016209
0.016452 0.999296 -0.033724
0.045567 0.998457 -0.031734
0.045567 0.998457 -0.031734
0.397086 0.913262 -0.090969
0.095572 0.992546 -0.075628
0.397086 0.913262 -0.090969
0.045567 0.998457 -0.031734
0.412690 0.908694 -0.062945
0.016452 0.999296 -0.033724
0.403908 0.913837 -0.041960
0.045567 0.998457 -0.031734
0.403908 0.913837 -0.041960
0.412690 0.908694 -0.062945
0.045567 0.998457 -0.031734
0.418803 0.907908 -0.017550
0.409123 0.911637 -0.039210
0.008182 0.999312 -0.036186
0.008182 0.999312 -0.036186
0.409123 0.911637 -0.039210
0.008939 0.998679 -0.050595
0.814457 0.579734 0.023830
0.810082 0.586273 0.007193
0.436935 0.899484 -0.004117
0.436935 0.899484 -0.004117
0.810082 0.586273 0.007193
0.418803 0.907908 -0.017550
0.822715 0.567288 0.036395
0.814457 0.579734 0.023830
0.456998 0.889276 0.018455
0.456998 0.889276 0.018455
0.814457 0.579734 0.023830
0.436935 0.899484 -0.004117
0.848382 0.529119 0.016780
0.985543 -0.097612 0.138478
0.996667 -0.053909 0.061231
0.985543 -0.097612 0.138478
0.848382 0.529119 0.016780
0.857497 0.504927 0.098731
0.976299 0.003055 -0.216403
0.996667 -0.053909 0.061231
0.938531 -0.294451 0.180161
0.976299 0.003055 -0.216403
0.938531 -0.294451 0.180161
0.960227 -0.096657 -0.261958
0.985543 -0.097612 0.138478
0.857497 0.504927 0.098731
0.993955 0.032696 -0.104811
0.857497 0.504927 0.098731
0.846346 0.532607 0.005274
0.993955 0.032696 -0.104811
0.920971 0.388674 0.027310
0.857497 0.504927 0.098731
0.848382 0.529119 0.016780
0.857497 0.504927 0.098731
0.920971 0.388674 0.027310
0.927245 0.372878 0.034339
0.938531 -0.294451 0.180161
0.996667 -0.053909 0.061231
0.957994 -0.283129 0.045670
0.996667 -0.053909 0.061231
0.985543 -0.097612 0.138478
0.957994 -0.283129 0.045670
0.991665 -0.042629 0.121590
0.866173 0.496377 0.057923
0.868170 0.491459 -0.068916
0.991665 -0.042629 0.121590
0.868170 0.491459 -0.068916
0.976299 0.003055 -0.216403
0.942362 0.331378 0.046283
0.940822 0.335695 0.046518
0.866173 0.496377 0.057923
0.866173 0.496377 0.057923
0.940822 0.335695 0.046518
0.868170 0.491459 -0.068916
0.826898 -0.560555 0.044912
0.829032 -0.557548 0.042975
0.964005 0.263277 0.037145
0.964005 0.263277 0.037145
0.829032 -0.557548 0.042975
0.942362 0.331378 0.046283
0.964005 0.263277 0.037145
0.942362 0.331378 0.046283
0.838805 0.538025 0.083277
0.838805 0.538025 0.083277
0.942362 0.331378 0.046283
0.866173 0.496377 0.057923
0.829032 -0.557548 0.042975
0.831433 -0.554449 0.036143
0.942362 0.331378 0.046283
0.942362 0.331378 0.046283
0.831433 -0.554449 0.036143
0.940822 0.335695 0.046518
0.940822 0.335695 0.046518
0.920971 0.388674 0.027310
0.868170 0.491459 -0.068916
0.868170 0.491459 -0.068916
0.920971 0.388674 0.027310
0.848382 0.529119 0.016780
0.960227 -0.096657 -0.261958
0.949692 0.123461 -0.287823
0.949687 -0.225988 0.216851
0.995388 -0.027625 0.091867
0.949687 -0.225988 0.216851
0.949692 0.123461 -0.287823
0.949692 0.123461 -0.287823
0.974697 0.220679 0.035584
0.995388 -0.027625 0.091867
0.974697 0.220679 0.035584
0.949692 0.123461 -0.287823
0.907563 0.312853 -0.280093
0.949692 0.123461 -0.287823
0.946682 -0.041347 0.319505
0.905338 0.239419 0.350772
0.949692 0.123461 -0.287823
0.905338 0.239419 0.350772
0.907563 0.312853 -0.280093
0.903745 0.054040 0.424646
0.995388 -0.027625 0.091867
0.974697 0.220679 0.035584
0.995388 -0.027625 0.091867
0.903745 0.054040 0.424646
0.888852 -0.142725 0.435399
0.963674 -0.261176 0.055861
0.975604 -0.214578 0.046407
0.863774 0.500392 0.059174
0.863774 0.500392 0.059174
0.975604 -0.214578 0.046407
0.838151 0.543706 0.043441
0.976776 0.203102 0.068254
0.830477 -0.550968 0.082112
0.826898 -0.560555 0.044912
0.976776 0.203102 0.068254
0.826898 -0.560555 0.044912
0.964005 0.263277 0.037145
0.828654 -0.547622 0.115944
0.453461 -0.887834 0.078251
0.440791 -0.897121 0.029619
0.828654 -0.547622 0.115944
0.440791 -0.897121 0.029619
0.830477 -0.550968 0.082112
0.826898 -0.560555 0.044912
0.423283 -0.905995 0.002190
0.407681 -0.913113 0.004569
0.826898 -0.560555 0.044912
0.407681 -0.913113 0.004569
0.829032 -0.557548 0.042975
0.440791 -0.897121 0.029619
0.423283 -0.905995 0.002190
0.830477 -0.550968 0.082112
0.830477 -0.550968 0.082112
0.423283 -0.905995 0.002190
0.826898 -0.560555 0.044912
-0.009763 0.970922 -0.239196
0.159417 0.953034 -0.257512
0.111513 0.914111 -0.389829
0.111513 0.914111 -0.389829
-0.042724 0.931699 -0.360710
-0.009763 0.970922 -0.239196
0.369682 0.924118 -0.096648
0.095572 0.992546 -0.075628
0.397086 0.913262 -0.090969
0.095572 0.992546 -0.075628
0.369682 0.924118 -0.096648
0.128717 0.987062 -0.095609
0.128717 0.987062 -0.095609
0.369682 0.924118 -0.096648
0.365889 0.926119 -0.091813
0.128717 0.987062 -0.095609
0.365889 0.926119 -0.091813
0.144682 0.987113 -0.068369
0.008939 0.998679 -0.050595
0.400143 0.914996 -0.051654
0.011238 0.997975 -0.062604
0.400143 0.914996 -0.051654
0.008939 0.998679 -0.050595
0.409123 0.911637 -0.039210
0.993955 0.032696 -0.104811
0.846346 0.532607 0.005274
0.980253 0.169538 -0.101787
0.846346 0.532607 0.005274
0.794721 0.606609 -0.021058
0.980253 0.169538 -0.101787
0.857497 0.504927 0.098731
0.927245 0.372878 0.034339
0.846346 0.532607 0.005274
0.927245 0.372878 0.034339
0.959339 0.280902 0.027619
0.846346 0.532607 0.005274
0.846346 0.532607 0.005274
0.959339 0.280902 0.027619
0.794721 0.606609 -0.021058
0.959339 0.280902 0.027619
0.974700 0.219357 0.042930
0.794721 0.606609 -0.021058
0.963955 -0.138390 -0.227245
0.993955 0.032696 -0.104811
0.982557 -0.163622 -0.088369
0.993955 0.032696 -0.104811
0.980253 0.169538 -0.101787
0.982557 -0.163622 -0.088369
0.985543 -0.097612 0.138478
0.963955 -0.138390 -0.227245
0.957994 -0.283129 0.045670
0.963955 -0.138390 -0.227245
0.985543 -0.097612 0.138478
0.993955 0.032696 -0.104811
0.879640 -0.475187 -0.020764
0.854916 -0.514925 0.063013
0.975604 -0.214578 0.046407
0.975604 -0.214578 0.046407
0.854916 -0.514925 0.063013
0.985012 -0.168784 0.035554
0.838151 0.543706 0.043441
0.975604 -0.214578 0.046407
0.985012 -0.168784 0.035554
0.838151 0.543706 0.043441
0.985012 -0.168784 0.035554
0.822715 0.567288 0.036395
0.963674 -0.261176 0.055861
0.921825 -0.385434 0.040989
0.879640 -0.475187 -0.020764
0.963674 -0.261176 0.055861
0.879640 -0.475187 -0.020764
0.975604 -0.214578 0.046407
0.879640 -0.475187 -0.020764
0.985431 0.061370 -0.158617
0.974603 -0.028089 0.222172
0.879640 -0.475187 -0.020764
0.974603 -0.028089 0.222172
0.854916 -0.514925 0.063013
0.998639 -0.008000 0.051532
0.854916 -0.514925 0.063013
0.974603 -0.028089 0.222172
0.854916 -0.514925 0.063013
0.998639 -0.008000 0.051532
0.864402 -0.501406 0.037426
0.985012 -0.168784 0.035554
0.854916 -0.514925 0.063013
0.864402 -0.501406 0.037426
0.985012 -0.168784 0.035554
0.864402 -0.501406 0.037426
0.992149 -0.120495 0.033489
0.838805 0.538025 0.083277
0.961011 0.192196 -0.198795
0.818261 0.574780 -0.008806
0.961011 0.192196 -0.198795
0.838805 0.538025 0.083277
0.961971 0.052255 0.268108
-0.032707 0.175730 -0.983895
0.246995 0.377508 -0.892458
0.093687 0.316471 -0.943964
0.246995 0.377508 -0.892458
-0.032707 0.175730 -0.983895
0.082315 0.244433 -0.966166
0.315678 0.462406 -0.828570
0.246995 0.377508 -0.892458
0.352738 0.441483 -0.825027
0.246995 0.377508 -0.892458
0.315678 0.462406 -0.828570
0.093687 0.316471 -0.943964
0.035942 -0.257917 -0.965498
-0.120379 -0.284695 -0.951030
0.093687 0.316471 -0.943964
-0.120379 -0.284695 -0.951030
-0.032707 0.175730 -0.983895
0.093687 0.316471 -0.943964
0.386047 0.905248 -0.177465
0.164977 0.981548 -0.096674
0.379741 0.915638 -0.131925
0.164977 0.981548 -0.096674
0.386047 0.905248 -0.177465
0.182394 0.971659 -0.150369
0.379741 0.915638 -0.131925
0.144682 0.987113 -0.068369
0.365889 0.926119 -0.091813
0.144682 0.987113 -0.068369
0.379741 0.915638 -0.131925
0.164977 0.981548 -0.096674
0.400143 0.914996 -0.051654
0.789379 0.613235 -0.028696
0.403908 0.913837 -0.041960
0.789379 0.613235 -0.028696
0.400143 0.914996 -0.051654
0.796005 0.605005 -0.018566
0.804999 0.593066 -0.015774
0.796005 0.605005 -0.018566
0.409123 0.911637 -0.039210
0.409123 0.911637 -0.039210
0.796005 0.605005 -0.018566
0.400143 0.914996 -0.051654
0.810082 0.586273 0.007193
0.804999 0.593066 -0.015774
0.418803 0.907908 -0.017550
0.418803 0.907908 -0.017550
0.804999 0.593066 -0.015774
0.409123 0.911637 -0.039210
0.982557 -0.163622 -0.088369
0.980253 0.169538 -0.101787
0.975592 -0.191267 0.107876
0.980253 0.169538 -0.101787
0.943187 0.323133 0.077352
0.975592 -0.191267 0.107876
0.975592 -0.191267 0.107876
0.976677 -0.161987 0.140936
0.984202 -0.169386 0.051534
0.976677 -0.161987 0.140936
0.975592 -0.191267 0.107876
0.975960 -0.179661 0.123386
0.982557 -0.163622 -0.088369
0.984202 -0.169386 0.051534
0.991991 -0.125065 0.017710
0.984202 -0.169386 0.051534
0.982557 -0.163622 -0.088369
0.975592 -0.191267 0.107876
0.980253 0.169538 -0.101787
0.794721 0.606609 -0.021058
0.943187 0.323133 0.077352
0.794721 0.606609 -0.021058
0.737774 0.673039 0.052040
0.943187 0.323133 0.077352
0.975592 -0.191267 0.107876
0.943187 0.323133 0.077352
0.975960 -0.179661 0.123386
0.943187 0.323133 0.077352
0.891725 0.446644 0.073054
0.975960 -0.179661 0.123386
0.998771 -0.015943 -0.046938
0.946868 0.263672 -0.184167
0.976768 0.171437 0.128586
0.998771 -0.015943 -0.046938
0.976768 0.171437 0.128586
0.992623 -0.002938 0.121207
0.992623 -0.002938 0.121207
0.976768 0.171437 0.128586
0.992477 0.121924 0.011114
0.992623 -0.002938 0.121207
0.992477 0.121924 0.011114
0.999914 0.000635 0.013109
0.863105 -0.504545 0.022015
0.998771 -0.015943 -0.046938
0.992623 -0.002938 0.121207
0.863105 -0.504545 0.022015
0.992623 -0.002938 0.121207
0.877700 -0.476242 0.053261
0.877700 -0.476242 0.053261
0.992623 -0.002938 0.121207
0.999914 0.000635 0.013109
0.877700 -0.476242 0.053261
0.999914 0.000635 0.013109
0.900266 -0.434098 0.032866
0.950966 0.308239 0.025545
0.999560 -0.005295 -0.029179
0.946868 0.263672 -0.184167
0.999560 -0.005295 -0.029179
0.965991 0.027446 -0.257114
0.946868 0.263672 -0.184167
0.965991 0.027446 -0.257114
0.976768 0.171437 0.128586
0.946868 0.263672 -0.184167
0.976768 0.171437 0.128586
0.965991 0.027446 -0.257114
0.991991 -0.125065 0.017710
0.976768 0.171437 0.128586
0.991991 -0.125065 0.017710
0.992477 0.121924 0.011114
0.991991 -0.125065 0.017710
0.984202 -0.169386 0.051534
0.992477 0.121924 0.011114
0.999560 -0.005295 -0.029179
0.905338 0.239419 0.350772
0.946682 -0.041347 0.319505
0.905338 0.239419 0.350772
0.999560 -0.005295 -0.029179
0.950966 0.308239 0.025545
0.938531 -0.294451 0.180161
0.999560 -0.005295 -0.029179
0.946682 -0.041347 0.319505
0.999560 -0.005295 -0.029179
0.938531 -0.294451 0.180161
0.957994 -0.283129 0.045670
0.999560 -0.005295 -0.029179
0.957994 -0.283129 0.045670
0.965991 0.027446 -0.257114
0.957994 -0.283129 0.045670
0.963955 -0.138390 -0.227245
0.965991 0.027446 -0.257114
0.965991 0.027446 -0.257114
0.963955 -0.138390 -0.227245
0.991991 -0.125065 0.017710
0.963955 -0.138390 -0.227245
0.982557 -0.163622 -0.088369
0.991991 -0.125065 0.017710
0.950966 0.308239 0.025545
0.974603 -0.028089 0.222172
0.905338 0.239419 0.350772
0.974603 -0.028089 0.222172
0.950966 0.308239 0.025545
0.998639 -0.008000 0.051532
0.950966 0.308239 0.025545
0.998771 -0.015943 -0.046938
0.998639 -0.008000 0.051532
0.998771 -0.015943 -0.046938
0.950966 0.308239 0.025545
0.946868 0.263672 -0.184167
0.905338 0.239419 0.350772
0.985431 0.061370 -0.158617
0.907563 0.312853 -0.280093
0.985431 0.061370 -0.158617
0.905338 0.239419 0.350772
0.974603 -0.028089 0.222172
0.960227 -0.096657 -0.261958
0.938531 -0.294451 0.180161
0.946682 -0.041347 0.319505
0.960227 -0.096657 -0.261958
0.946682 -0.041347 0.319505
0.949692 0.123461 -0.287823
0.940822 0.335695 0.046518
0.831433 -0.554449 0.036143
0.834341 -0.550868 0.020505
0.940822 0.335695 0.046518
0.834341 -0.550868 0.020505
0.920971 0.388674 0.027310
0.985012 -0.168784 0.035554
0.992149 -0.120495 0.033489
0.822715 0.567288 0.036395
0.822715 0.567288 0.036395
0.992149 -0.120495 0.033489
0.814457 0.579734 0.023830
0.202612 0.767306 -0.608432
0.111513 0.914111 -0.389829
0.302144 0.855210 -0.421099
0.111513 0.914111 -0.389829
0.202612 0.767306 -0.608432
0.019902 0.821639 -0.569660
0.159417 0.953034 -0.257512
0.363140 0.891364 -0.271293
0.302144 0.855210 -0.421099
0.302144 0.855210 -0.421099
0.111513 0.914111 -0.389829
0.159417 0.953034 -0.257512
0.386153 0.900653 -0.199272
0.363140 0.891364 -0.271293
0.184910 0.967281 -0.173712
0.184910 0.967281 -0.173712
0.363140 0.891364 -0.271293
0.159417 0.953034 -0.257512
0.386153 0.900653 -0.199272
0.182394 0.971659 -0.150369
0.386047 0.905248 -0.177465
0.182394 0.971659 -0.150369
0.386153 0.900653 -0.199272
0.184910 0.967281 -0.173712
0.397086 0.913262 -0.090969
0.771585 0.633306 -0.059830
0.369682 0.924118 -0.096648
0.771585 0.633306 -0.059830
0.397086 0.913262 -0.090969
0.785732 0.615671 -0.059781
0.403908 0.913837 -0.041960
0.788350 0.612175 -0.061200
0.412690 0.908694 -0.062945
0.788350 0.612175 -0.061200
0.403908 0.913837 -0.041960
0.789379 0.613235 -0.028696
0.412690 0.908694 -0.062945
0.785732 0.615671 -0.059781
0.397086 0.913262 -0.090969
0.785732 0.615671 -0.059781
0.412690 0.908694 -0.062945
0.788350 0.612175 -0.061200
0.737774 0.673039 0.052040
0.891725 0.446644 0.073054
0.943187 0.323133 0.077352
0.891725 0.446644 0.073054
0.737774 0.673039 0.052040
0.719721 0.692396 0.050880
0.719721 0.692396 0.050880
0.870562 0.491240 -0.028369
0.891725 0.446644 0.073054
0.870562 0.491240 -0.028369
0.719721 0.692396 0.050880
0.700653 0.712916 0.028917
0.975960 -0.179661 0.123386
0.891725 0.446644 0.073054
0.984881 -0.150511 -0.085765
0.891725 0.446644 0.073054
0.870562 0.491240 -0.028369
0.984881 -0.150511 -0.085765
0.737774 0.673039 0.052040
0.988660 0.138653 0.057684
0.719721 0.692396 0.050880
0.988660 0.138653 0.057684
0.997132 0.071396 0.025112
0.719721 0.692396 0.050880
0.794721 0.606609 -0.021058
0.974700 0.219357 0.042930
0.737774 0.673039 0.052040
0.974700 0.219357 0.042930
0.988660 0.138653 0.057684
0.737774 0.673039 0.052040
0.984202 -0.169386 0.051534
0.987704 0.070850 0.139356
0.992477 0.121924 0.011114
0.987704 0.070850 0.139356
0.984202 -0.169386 0.051534
0.976677 -0.161987 0.140936
0.992477 0.121924 0.011114
0.987704 0.070850 0.139356
0.999914 0.000635 0.013109
0.999914 0.000635 0.013109
0.987704 0.070850 0.139356
0.990975 0.087959 0.101157
0.365889 0.926119 -0.091813
0.749305 0.658491 -0.070230
0.722050 0.681415 -0.119657
0.365889 0.926119 -0.091813
0.722050 0.681415 -0.119657
0.379741 0.915638 -0.131925
0.771585 0.633306 -0.059830
0.749305 0.658491 -0.070230
0.369682 0.924118 -0.096648
0.369682 0.924118 -0.096648
0.749305 0.658491 -0.070230
0.365889 0.926119 -0.091813
0.993939 -0.099617 0.046491
0.879053 0.471032 0.073453
0.956685 -0.135273 0.257788
0.879053 0.471032 0.073453
0.900464 0.390337 0.191837
0.956685 -0.135273 0.257788
0.870562 0.491240 -0.028369
0.993939 -0.099617 0.046491
0.984881 -0.150511 -0.085765
0.993939 -0.099617 0.046491
0.870562 0.491240 -0.028369
0.879053 0.471032 0.073453
0.975528 -0.151115 -0.159720
0.984881 -0.150511 -0.085765
0.992957 0.020815 -0.116632
0.984881 -0.150511 -0.085765
0.993939 -0.099617 0.046491
0.992957 0.020815 -0.116632
0.682458 0.730287 0.030519
0.900464 0.390337 0.191837
0.879053 0.471032 0.073453
0.900464 0.390337 0.191837
0.682458 0.730287 0.030519
0.701701 0.710463 0.053456
0.992957 0.020815 -0.116632
0.993939 -0.099617 0.046491
0.949341 0.194866 0.246535
0.993939 -0.099617 0.046491
0.956685 -0.135273 0.257788
0.949341 0.194866 0.246535
0.956685 -0.135273 0.257788
0.976222 -0.201686 0.079453
0.949341 0.194866 0.246535
0.949341 0.194866 0.246535
0.976222 -0.201686 0.079453
0.967471 0.153061 0.201426
0.900464 0.390337 0.191837
0.976222 -0.201686 0.079453
0.956685 -0.135273 0.257788
0.976222 -0.201686 0.079453
0.900464 0.390337 0.191837
0.925423 0.371841 0.072980
0.700653 0.712916 0.028917
0.879053 0.471032 0.073453
0.870562 0.491240 -0.028369
0.879053 0.471032 0.073453
0.700653 0.712916 0.028917
0.682458 0.730287 0.030519
0.997132 0.071396 0.025112
0.700653 0.712916 0.028917
0.719721 0.692396 0.050880
0.700653 0.712916 0.028917
0.997132 0.071396 0.025112
0.999966 0.008194 -0.001036
0.999966 0.008194 -0.001036
0.682458 0.730287 0.030519
0.700653 0.712916 0.028917
0.682458 0.730287 0.030519
0.999966 0.008194 -0.001036
0.999305 -0.034955 -0.012936
0.976677 -0.161987 0.140936
0.993417 -0.036548 -0.108566
0.987704 0.070850 0.139356
0.993417 -0.036548 -0.108566
0.976677 -0.161987 0.140936
0.975528 -0.151115 -0.159720
0.996659 -0.078888 0.021150
0.789379 0.613235 -0.028696
0.796005 0.605005 -0.018566
0.789379 0.613235 -0.028696
0.996659 -0.078888 0.021150
0.990884 -0.134156 0.012254
0.990884 -0.134156 0.012254
0.788350 0.612175 -0.061200
0.789379 0.613235 -0.028696
0.788350 0.612175 -0.061200
0.990884 -0.134156 0.012254
0.986734 -0.160755 -0.022661
0.810082 0.586273 0.007193
0.994255 -0.102962 0.029264
0.997138 -0.075489 0.004156
0.810082 0.586273 0.007193
0.997138 -0.075489 0.004156
0.804999 0.593066 -0.015774
0.997138 -0.075489 0.004156
0.996659 -0.078888 0.021150
0.804999 0.593066 -0.015774
0.804999 0.593066 -0.015774
0.996659 -0.078888 0.021150
0.796005 0.605005 -0.018566
0.863105 -0.504545 0.022015
0.877700 -0.476242 0.053261
0.994255 -0.102962 0.029264
0.994255 -0.102962 0.029264
0.877700 -0.476242 0.053261
0.997138 -0.075489 0.004156
0.597942 0.751109 -0.279822
0.534500 0.713452 -0.453097
0.363140 0.891364 -0.271293
0.363140 0.891364 -0.271293
0.534500 0.713452 -0.453097
0.302144 0.855210 -0.421099
0.202612 0.767306 -0.608432
0.267982 0.527867 -0.805942
0.058972 0.606327 -0.793025
0.202612 0.767306 -0.608432
0.429393 0.627342 -0.649664
0.267982 0.527867 -0.805942
0.534500 0.713452 -0.453097
0.429393 0.627342 -0.649664
0.302144 0.855210 -0.421099
0.302144 0.855210 -0.421099
0.429393 0.627342 -0.649664
0.202612 0.767306 -0.608432
0.690613 0.704406 -0.163911
0.648340 0.737276 -0.189945
0.386047 0.905248 -0.177465
0.386047 0.905248 -0.177465
0.648340 0.737276 -0.189945
0.386153 0.900653 -0.199272
0.648340 0.737276 -0.189945
0.597942 0.751109 -0.279822
0.386153 0.900653 -0.199272
0.386153 0.900653 -0.199272
0.597942 0.751109 -0.279822
0.363140 0.891364 -0.271293
0.379741 0.915638 -0.131925
0.722050 0.681415 -0.119657
0.690613 0.704406 -0.163911
0.379741 0.915638 -0.131925
0.690613 0.704406 -0.163911
0.386047 0.905248 -0.177465
0.954972 -0.082458 -0.285007
0.992957 0.020815 -0.116632
0.988141 0.054222 0.143655
0.992957 0.020815 -0.116632
0.949341 0.194866 0.246535
0.988141 0.054222 0.143655
0.993417 -0.036548 -0.108566
0.971331 -0.055359 -0.231197
0.992325 0.102579 -0.069050
0.971331 -0.055359 -0.231197
0.993417 -0.036548 -0.108566
0.954972 -0.082458 -0.285007
0.993417 -0.036548 -0.108566
0.975528 -0.151115 -0.159720
0.954972 -0.082458 -0.285007
0.975528 -0.151115 -0.159720
0.992957 0.020815 -0.116632
0.954972 -0.082458 -0.285007
0.954972 -0.082458 -0.285007
0.993179 -0.096324 0.065712
0.971331 -0.055359 -0.231197
0.993179 -0.096324 0.065712
0.954972 -0.082458 -0.285007
0.988141 0.054222 0.143655
0.988141 0.054222 0.143655
0.949341 0.194866 0.246535
0.967471 0.153061 0.201426
0.988141 0.054222 0.143655
0.967471 0.153061 0.201426
0.939369 0.105712 0.326207
0.788350 0.612175 -0.061200
0.986734 -0.160755 -0.022661
0.785732 0.615671 -0.059781
0.986734 -0.160755 -0.022661
0.988244 -0.152885 -0.000791
0.785732 0.615671 -0.059781
0.990975 0.087959 0.101157
0.993417 -0.036548 -0.108566
0.992325 0.102579 -0.069050
0.993417 -0.036548 -0.108566
0.990975 0.087959 0.101157
0.987704 0.070850 0.139356
0.877700 -0.476242 0.053261
0.900266 -0.434098 0.032866
0.997138 -0.075489 0.004156
0.997138 -0.075489 0.004156
0.900266 -0.434098 0.032866
0.996659 -0.078888 0.021150
-0.035960 -0.096105 -0.994721
-0.041242 0.354963 -0.933970
0.113482 -0.313079 -0.942923
-0.041242 0.354963 -0.933970
0.123302 0.204801 -0.971006
0.113482 -0.313079 -0.942923
0.058972 0.606327 -0.793025
0.123302 0.204801 -0.971006
-0.041242 0.354963 -0.933970
0.123302 0.204801 -0.971006
0.058972 0.606327 -0.793025
0.267982 0.527867 -0.805942
0.267982 0.527867 -0.805942
0.409870 -0.101808 -0.906445
0.123302 0.204801 -0.971006
0.267982 0.527867 -0.805942
0.619381 0.065797 -0.782329
0.409870 -0.101808 -0.906445
0.123302 0.204801 -0.971006
0.406227 -0.479274 -0.777995
0.113482 -0.313079 -0.942923
0.406227 -0.479274 -0.777995
0.123302 0.204801 -0.971006
0.409870 -0.101808 -0.906445
0.406227 -0.479274 -0.777995
0.409870 -0.101808 -0.906445
0.639873 -0.368697 -0.674259
0.619381 0.065797 -0.782329
0.639873 -0.368697 -0.674259
0.409870 -0.101808 -0.906445
0.429393 0.627342 -0.649664
0.772698 0.127557 -0.621826
0.619381 0.065797 -0.782329
0.429393 0.627342 -0.649664
0.619381 0.065797 -0.782329
0.267982 0.527867 -0.805942
0.315678 0.462406 -0.828570
0.352738 0.441483 -0.825027
0.613391 0.355892 -0.705047
0.352738 0.441483 -0.825027
0.411763 0.290200 -0.863849
0.613391 0.355892 -0.705047
0.035942 -0.257917 -0.965498
0.093687 0.316471 -0.943964
0.303220 -0.132112 -0.943718
0.303220 -0.132112 -0.943718
0.093687 0.316471 -0.943964
0.315678 0.462406 -0.828570
0.246995 0.377508 -0.892458
0.426612 -0.245256 -0.870547
0.352738 0.441483 -0.825027
0.426612 -0.245256 -0.870547
0.246995 0.377508 -0.892458
0.271831 -0.248121 -0.929809
0.411763 0.290200 -0.863849
0.352738 0.441483 -0.825027
0.426612 -0.245256 -0.870547
0.411763 0.290200 -0.863849
0.426612 -0.245256 -0.870547
0.464937 -0.126917 -0.876200
0.546353 0.102712 -0.831233
0.411763 0.290200 -0.863849
0.464937 -0.126917 -0.876200
0.546353 0.102712 -0.831233
0.464937 -0.126917 -0.876200
0.588980 0.095601 -0.802473
0.613391 0.355892 -0.705047
0.411763 0.290200 -0.863849
0.708657 -0.002838 -0.705548
0.708657 -0.002838 -0.705548
0.411763 0.290200 -0.863849
0.546353 0.102712 -0.831233
0.939369 0.105712 0.326207
0.967471 0.153061 0.201426
0.998590 -0.050039 0.017706
0.939369 0.105712 0.326207
0.998590 -0.050039 0.017706
0.975747 -0.014145 0.218442
0.993179 -0.096324 0.065712
0.988141 0.054222 0.143655
0.939369 0.105712 0.326207
0.993179 -0.096324 0.065712
0.939369 0.105712 0.326207
0.952540 0.016220 0.303980
0.701701 0.710463 0.053456
0.925423 0.371841 0.072980
0.900464 0.390337 0.191837
0.925423 0.371841 0.072980
0.701701 0.710463 0.053456
0.755374 0.653430 0.049389
0.682458 0.730287 0.030519
0.999305 -0.034955 -0.012936
0.701701 0.710463 0.053456
0.999305 -0.034955 -0.012936
0.996830 -0.079189 -0.007665
0.701701 0.710463 0.053456
0.925423 0.371841 0.072980
0.964948 -0.240038 -0.106095
0.976222 -0.201686 0.079453
0.964948 -0.240038 -0.106095
0.925423 0.371841 0.072980
0.897090 0.436721 -0.067114
0.988244 -0.152885 -0.000791
0.771585 0.633306 -0.059830
0.785732 0.615671 -0.059781
0.771585 0.633306 -0.059830
0.988244 -0.152885 -0.000791
0.991787 -0.123625 0.032801
0.771585 0.633306 -0.059830
0.991787 -0.123625 0.032801
0.749305 0.658491 -0.070230
0.991787 -0.123625 0.032801
0.993993 -0.104298 0.033165
0.749305 0.658491 -0.070230
0.971331 -0.055359 -0.231197
0.940042 -0.334635 0.065885
0.950004 -0.305206 -0.065894
0.940042 -0.334635 0.065885
0.971331 -0.055359 -0.231197
0.993179 -0.096324 0.065712
0.988244 -0.152885 -0.000791
0.950004 -0.305206 -0.065894
0.991787 -0.123625 0.032801
0.950004 -0.305206 -0.065894
0.940042 -0.334635 0.065885
0.991787 -0.123625 0.032801
0.992325 0.102579 -0.069050
0.950004 -0.305206 -0.065894
0.948851 -0.315684 -0.005117
0.950004 -0.305206 -0.065894
0.992325 0.102579 -0.069050
0.971331 -0.055359 -0.231197
0.923707 -0.379794 0.050222
0.986734 -0.160755 -0.022661
0.990884 -0.134156 0.012254
0.986734 -0.160755 -0.022661
0.923707 -0.379794 0.050222
0.948851 -0.315684 -0.005117
0.986734 -0.160755 -0.022661
0.948851 -0.315684 -0.005117
0.988244 -0.152885 -0.000791
0.948851 -0.315684 -0.005117
0.950004 -0.305206 -0.065894
0.988244 -0.152885 -0.000791
0.990975 0.087959 0.101157
0.948851 -0.315684 -0.005117
0.923707 -0.379794 0.050222
0.948851 -0.315684 -0.005117
0.990975 0.087959 0.101157
0.992325 0.102579 -0.069050
0.996659 -0.078888 0.021150
0.900266 -0.434098 0.032866
0.990884 -0.134156 0.012254
0.900266 -0.434098 0.032866
0.923707 -0.379794 0.050222
0.990884 -0.134156 0.012254
0.843252 0.112077 -0.525705
0.613391 0.355892 -0.705047
0.708657 -0.002838 -0.705548
0.843252 0.112077 -0.525705
0.672008 0.098017 -0.734029
0.613391 0.355892 -0.705047
0.303220 -0.132112 -0.943718
0.613391 0.355892 -0.705047
0.672008 0.098017 -0.734029
0.613391 0.355892 -0.705047
0.303220 -0.132112 -0.943718
0.315678 0.462406 -0.828570
0.690613 0.704406 -0.163911
0.997397 -0.047423 -0.054320
0.996560 0.031010 -0.076860
0.690613 0.704406 -0.163911
0.996560 0.031010 -0.076860
0.648340 0.737276 -0.189945
0.997546 -0.064028 -0.028315
0.690613 0.704406 -0.163911
0.722050 0.681415 -0.119657
0.690613 0.704406 -0.163911
0.997546 -0.064028 -0.028315
0.997397 -0.047423 -0.054320
0.755374 0.653430 0.049389
0.897090 0.436721 -0.067114
0.925423 0.371841 0.072980
0.897090 0.436721 -0.067114
0.755374 0.653430 0.049389
0.756552 0.653916 0.004738
0.996830 -0.079189 -0.007665
0.755374 0.653430 0.049389
0.701701 0.710463 0.053456
0.755374 0.653430 0.049389
0.996830 -0.079189 -0.007665
0.989087 -0.145548 -0.022871
0.989087 -0.145548 -0.022871
0.756552 0.653916 0.004738
0.755374 0.653430 0.049389
0.756552 0.653916 0.004738
0.989087 -0.145548 -0.022871
0.981057 -0.187107 -0.050178
0.897090 0.436721 -0.067114
0.756552 0.653916 0.004738
0.775055 0.631848 -0.007668
0.897090 0.436721 -0.067114
0.775055 0.631848 -0.007668
0.890564 0.450198 0.064945
0.897090 0.436721 -0.067114
0.949912 -0.290366 0.115560
0.964948 -0.240038 -0.106095
0.949912 -0.290366 0.115560
0.897090 0.436721 -0.067114
0.890564 0.450198 0.064945
0.999966 0.008194 -0.001036
0.732074 -0.678846 -0.056881
0.999305 -0.034955 -0.012936
0.732074 -0.678846 -0.056881
0.716536 -0.694630 -0.063760
0.999305 -0.034955 -0.012936
0.999305 -0.034955 -0.012936
0.716536 -0.694630 -0.063760
0.996830 -0.079189 -0.007665
0.716536 -0.694630 -0.063760
0.698522 -0.713243 -0.057892
0.996830 -0.079189 -0.007665
0.745394 -0.665646 -0.036105
0.999966 0.008194 -0.001036
0.997132 0.071396 0.025112
0.999966 0.008194 -0.001036
0.745394 -0.665646 -0.036105
0.732074 -0.678846 -0.056881
0.878140 0.167623 -0.448077
0.429393 0.627342 -0.649664
0.534500 0.713452 -0.453097
0.429393 0.627342 -0.649664
0.878140 0.167623 -0.448077
0.772698 0.127557 -0.621826
0.961744 0.133981 -0.238950
0.534500 0.713452 -0.453097
0.597942 0.751109 -0.279822
0.534500 0.713452 -0.453097
0.961744 0.133981 -0.238950
0.878140 0.167623 -0.448077
0.648340 0.737276 -0.189945
0.996560 0.031010 -0.076860
0.961744 0.133981 -0.238950
0.648340 0.737276 -0.189945
0.961744 0.133981 -0.238950
0.597942 0.751109 -0.279822
0.969453 0.172244 0.174623
0.996556 0.078264 0.027412
0.990433 -0.117715 0.072014
0.996556 0.078264 0.027412
0.969453 0.172244 0.174623
0.960644 0.267425 0.075142
0.996556 0.078264 0.027412
0.988479 0.141760 0.053037
0.997397 -0.047423 -0.054320
0.997397 -0.047423 -0.054320
0.988479 0.141760 0.053037
0.996560 0.031010 -0.076860
0.997546 -0.064028 -0.028315
0.990433 -0.117715 0.072014
0.997397 -0.047423 -0.054320
0.990433 -0.117715 0.072014
0.996556 0.078264 0.027412
0.997397 -0.047423 -0.054320
0.951055 -0.260239 0.166647
0.969453 0.172244 0.174623
0.990433 -0.117715 0.072014
0.969453 0.172244 0.174623
0.951055 -0.260239 0.166647
0.952540 0.016220 0.303980
0.975747 -0.014145 0.218442
0.986289 -0.069707 0.149585
0.969453 0.172244 0.174623
0.969453 0.172244 0.174623
0.986289 -0.069707 0.149585
0.960644 0.267425 0.075142
0.951055 -0.260239 0.166647
0.990433 -0.117715 0.072014
0.993993 -0.104298 0.033165
0.993993 -0.104298 0.033165
0.990433 -0.117715 0.072014
0.997546 -0.064028 -0.028315
0.940042 -0.334635 0.065885
0.993993 -0.104298 0.033165
0.991787 -0.123625 0.032801
0.993993 -0.104298 0.033165
0.940042 -0.334635 0.065885
0.951055 -0.260239 0.166647
0.939369 0.105712 0.326207
0.975747 -0.014145 0.218442
0.952540 0.016220 0.303980
0.952540 0.016220 0.303980
0.975747 -0.014145 0.218442
0.969453 0.172244 0.174623
0.940042 -0.334635 0.065885
0.993179 -0.096324 0.065712
0.951055 -0.260239 0.166647
0.993179 -0.096324 0.065712
0.952540 0.016220 0.303980
0.951055 -0.260239 0.166647
0.998590 -0.050039 0.017706
0.949912 -0.290366 0.115560
0.971228 -0.171500 0.165239
0.949912 -0.290366 0.115560
0.998590 -0.050039 0.017706
0.964948 -0.240038 -0.106095
0.998590 -0.050039 0.017706
0.971228 -0.171500 0.165239
0.975747 -0.014145 0.218442
0.975747 -0.014145 0.218442
0.971228 -0.171500 0.165239
0.986289 -0.069707 0.149585
0.976222 -0.201686 0.079453
0.964948 -0.240038 -0.106095
0.967471 0.153061 0.201426
0.967471 0.153061 0.201426
0.964948 -0.240038 -0.106095
0.998590 -0.050039 0.017706
0.839327 0.086030 -0.536777
0.672008 0.098017 -0.734029
0.843252 0.112077 -0.525705
0.672008 0.098017 -0.734029
0.839327 0.086030 -0.536777
0.562381 -0.312162 -0.765691
0.562381 -0.312162 -0.765691
0.217165 -0.528477 -0.820702
0.303220 -0.132112 -0.943718
0.562381 -0.312162 -0.765691
0.303220 -0.132112 -0.943718
0.672008 0.098017 -0.734029
0.892873 -0.186210 -0.410004
0.901110 0.263194 -0.344570
0.843252 0.112077 -0.525705
0.901110 0.263194 -0.344570
0.839327 0.086030 -0.536777
0.843252 0.112077 -0.525705
0.918590 0.069582 -0.389039
0.839327 0.086030 -0.536777
0.901110 0.263194 -0.344570
0.839327 0.086030 -0.536777
0.918590 0.069582 -0.389039
0.724382 -0.424932 -0.542866
0.846216 0.532670 -0.013448
0.953944 0.296725 -0.044098
0.898622 0.392888 0.195238
0.953944 0.296725 -0.044098
0.846216 0.532670 -0.013448
0.922316 0.356158 -0.149949
0.938678 -0.343888 -0.024991
0.953944 0.296725 -0.044098
0.892873 -0.186210 -0.410004
0.953944 0.296725 -0.044098
0.901110 0.263194 -0.344570
0.892873 -0.186210 -0.410004
0.898622 0.392888 0.195238
0.938678 -0.343888 -0.024991
0.898983 -0.349484 0.263988
0.938678 -0.343888 -0.024991
0.898622 0.392888 0.195238
0.953944 0.296725 -0.044098
0.775055 0.631848 -0.007668
0.898622 0.392888 0.195238
0.890564 0.450198 0.064945
0.898622 0.392888 0.195238
0.775055 0.631848 -0.007668
0.846216 0.532670 -0.013448
0.846216 0.532670 -0.013448
0.924704 -0.353104 -0.142270
0.922316 0.356158 -0.149949
0.924704 -0.353104 -0.142270
0.866321 -0.447259 -0.222366
0.922316 0.356158 -0.149949
0.918590 0.069582 -0.389039
0.953944 0.296725 -0.044098
0.922316 0.356158 -0.149949
0.953944 0.296725 -0.044098
0.918590 0.069582 -0.389039
0.901110 0.263194 -0.344570
0.866321 -0.447259 -0.222366
0.794891 -0.500301 -0.343289
0.922316 0.356158 -0.149949
0.918590 0.069582 -0.389039
0.922316 0.356158 -0.149949
0.794891 -0.500301 -0.343289
0.960644 0.267425 0.075142
0.988479 0.141760 0.053037
0.996556 0.078264 0.027412
0.988479 0.141760 0.053037
0.960644 0.267425 0.075142
0.930840 0.357916 0.073710
0.988479 0.141760 0.053037
0.964994 0.145214 -0.218403
0.996560 0.031010 -0.076860
0.996560 0.031010 -0.076860
0.964994 0.145214 -0.218403
0.961744 0.133981 -0.238950
0.986289 -0.069707 0.149585
0.991697 0.003588 0.128548
0.960644 0.267425 0.075142
0.960644 0.267425 0.075142
0.991697 0.003588 0.128548
0.930840 0.357916 0.073710
0.988479 0.141760 0.053037
0.930840 0.357916 0.073710
0.910652 0.363215 -0.196944
0.988479 0.141760 0.053037
0.910652 0.363215 -0.196944
0.964994 0.145214 -0.218403
0.890564 0.450198 0.064945
0.898983 -0.349484 0.263988
0.949912 -0.290366 0.115560
0.898983 -0.349484 0.263988
0.890564 0.450198 0.064945
0.898622 0.392888 0.195238
0.981057 -0.187107 -0.050178
0.775055 0.631848 -0.007668
0.756552 0.653916 0.004738
0.775055 0.631848 -0.007668
0.981057 -0.187107 -0.050178
0.963903 -0.252213 -0.085318
0.963903 -0.252213 -0.085318
0.846216 0.532670 -0.013448
0.775055 0.631848 -0.007668
0.846216 0.532670 -0.013448
0.963903 -0.252213 -0.085318
0.924704 -0.353104 -0.142270
0.949912 -0.290366 0.115560
0.962896 -0.135535 0.233369
0.971228 -0.171500 0.165239
0.962896 -0.135535 0.233369
0.949912 -0.290366 0.115560
0.898983 -0.349484 0.263988
0.962896 -0.135535 0.233369
0.898983 -0.349484 0.263988
0.990580 -0.104421 -0.088582
0.898983 -0.349484 0.263988
0.938678 -0.343888 -0.024991
0.990580 -0.104421 -0.088582
0.986289 -0.069707 0.149585
0.962896 -0.135535 0.233369
0.991697 0.003588 0.128548
0.962896 -0.135535 0.233369
0.986289 -0.069707 0.149585
0.971228 -0.171500 0.165239
0.991697 0.003588 0.128548
0.962896 -0.135535 0.233369
0.990580 -0.104421 -0.088582
0.991697 0.003588 0.128548
0.990580 -0.104421 -0.088582
0.990212 0.048324 -0.130936
0.749305 0.658491 -0.070230
0.993993 -0.104298 0.033165
0.997546 -0.064028 -0.028315
0.749305 0.658491 -0.070230
0.997546 -0.064028 -0.028315
0.722050 0.681415 -0.119657
0.651861 -0.751703 -0.100095
0.963903 -0.252213 -0.085318
0.981057 -0.187107 -0.050178
0.963903 -0.252213 -0.085318
0.651861 -0.751703 -0.100095
0.625572 -0.768815 -0.132606
0.698522 -0.713243 -0.057892
0.989087 -0.145548 -0.022871
0.996830 -0.079189 -0.007665
0.989087 -0.145548 -0.022871
0.698522 -0.713243 -0.057892
0.674888 -0.733356 -0.081946
0.989087 -0.145548 -0.022871
0.674888 -0.733356 -0.081946
0.981057 -0.187107 -0.050178
0.674888 -0.733356 -0.081946
0.651861 -0.751703 -0.100095
0.981057 -0.187107 -0.050178
0.802895 0.278175 -0.527237
0.781978 -0.137857 -0.607870
0.873827 0.064976 -0.481876
0.781978 -0.137857 -0.607870
0.802895 0.278175 -0.527237
0.588980 0.095601 -0.802473
0.878140 0.167623 -0.448077
0.781978 -0.137857 -0.607870
0.772698 0.127557 -0.621826
0.781978 -0.137857 -0.607870
0.878140 0.167623 -0.448077
0.873827 0.064976 -0.481876
0.910652 0.363215 -0.196944
0.873827 0.064976 -0.481876
0.964994 0.145214 -0.218403
0.873827 0.064976 -0.481876
0.910652 0.363215 -0.196944
0.802895 0.278175 -0.527237
0.546353 0.102712 -0.831233
0.588980 0.095601 -0.802473
0.865722 0.058774 -0.497062
0.802895 0.278175 -0.527237
0.865722 0.058774 -0.497062
0.588980 0.095601 -0.802473
0.990580 -0.104421 -0.088582
0.938678 -0.343888 -0.024991
0.874383 -0.132208 -0.466879
0.938678 -0.343888 -0.024991
0.892873 -0.186210 -0.410004
0.874383 -0.132208 -0.466879
0.930840 0.357916 0.073710
0.991697 0.003588 0.128548
0.910652 0.363215 -0.196944
0.991697 0.003588 0.128548
0.990212 0.048324 -0.130936
0.910652 0.363215 -0.196944
0.990580 -0.104421 -0.088582
0.865722 0.058774 -0.497062
0.990212 0.048324 -0.130936
0.865722 0.058774 -0.497062
0.990580 -0.104421 -0.088582
0.874383 -0.132208 -0.466879
-0.359049 -0.933109 -0.019810
-0.335415 -0.941211 -0.040240
-0.169564 -0.984809 -0.037407
-0.169564 -0.984809 -0.037407
-0.335415 -0.941211 -0.040240
-0.154861 -0.986986 -0.043329
-0.010740 -0.999681 -0.022868
-0.204089 -0.978948 0.003016
-0.169564 -0.984809 -0.037407
-0.010740 -0.999681 -0.022868
-0.169564 -0.984809 -0.037407
0.004233 -0.999173 -0.040451
0.004233 -0.999173 -0.040451
-0.169564 -0.984809 -0.037407
-0.154861 -0.986986 -0.043329
0.004233 -0.999173 -0.040451
-0.154861 -0.986986 -0.043329
-0.000985 -0.999497 -0.031712
-0.312417 -0.949525 -0.028244
-0.072287 -0.995955 -0.053371
-0.104764 -0.993452 -0.045583
-0.072287 -0.995955 -0.053371
-0.312417 -0.949525 -0.028244
-0.290609 -0.956812 -0.007608
-0.010740 -0.999681 -0.022868
0.004233 -0.999173 -0.040451
0.183455 -0.982706 -0.025156
0.183455 -0.982706 -0.025156
0.004233 -0.999173 -0.040451
0.180072 -0.983341 -0.024811
0.684139 -0.277473 0.674509
0.641356 0.688135 0.339311
0.945563 0.110760 0.306011
0.641356 0.688135 0.339311
0.684139 -0.277473 0.674509
0.559745 0.611800 0.558915
-0.290609 -0.956812 -0.007608
-0.022664 -0.999672 -0.011936
-0.072287 -0.995955 -0.053371
-0.022664 -0.999672 -0.011936
-0.290609 -0.956812 -0.007608
-0.263799 -0.964041 0.032182
0.004233 -0.999173 -0.040451
-0.000985 -0.999497 -0.031712
0.180072 -0.983341 -0.024811
0.180072 -0.983341 -0.024811
-0.000985 -0.999497 -0.031712
0.169725 -0.985437 -0.010322
0.169725 -0.985437 -0.010322
-0.000985 -0.999497 -0.031712
-0.008460 -0.999795 -0.018385
0.169725 -0.985437 -0.010322
-0.008460 -0.999795 -0.018385
0.160077 -0.987081 -0.006844
-0.559379 -0.604514 -0.567149
-0.688690 -0.657899 -0.304755
-0.868414 -0.407656 -0.282265
-0.559379 -0.604514 -0.567149
-0.405953 -0.809213 -0.424708
-0.688690 -0.657899 -0.304755
-0.209750 -0.976015 -0.058305
-0.509052 -0.860636 0.013110
-0.179488 -0.979379 -0.092746
-0.509052 -0.860636 0.013110
-0.458221 -0.888491 -0.024852
-0.179488 -0.979379 -0.092746
-0.022664 -0.999672 -0.011936
-0.263799 -0.964041 0.032182
0.006966 -0.999853 0.015690
-0.263799 -0.964041 0.032182
-0.254443 -0.966587 0.031118
0.006966 -0.999853 0.015690
0.440791 -0.897121 0.029619
0.177514 -0.984118 0.000483
0.183455 -0.982706 -0.025156
0.440791 -0.897121 0.029619
0.183455 -0.982706 -0.025156
0.423283 -0.905995 0.002190
-0.559379 -0.604514 -0.567149
-0.330249 -0.525133 -0.784328
-0.248600 -0.719393 -0.648592
-0.330249 -0.525133 -0.784328
-0.559379 -0.604514 -0.567149
-0.711828 -0.380872 -0.590117
-0.072287 -0.995955 -0.053371
0.061047 -0.997173 -0.043806
0.057025 -0.995158 -0.080053
0.061047 -0.997173 -0.043806
-0.072287 -0.995955 -0.053371
-0.022664 -0.999672 -0.011936
0.423283 -0.905995 0.002190
0.183455 -0.982706 -0.025156
0.180072 -0.983341 -0.024811
0.423283 -0.905995 0.002190
0.180072 -0.983341 -0.024811
0.407681 -0.913113 0.004569
0.169179 -0.984305 0.050216
0.177514 -0.984118 0.000483
0.453461 -0.887834 0.078251
0.453461 -0.887834 0.078251
0.177514 -0.984118 0.000483
0.440791 -0.897121 0.029619
0.820652 -0.545149 0.171298
0.447284 -0.877996 0.170472
0.453461 -0.887834 0.078251
0.820652 -0.545149 0.171298
0.453461 -0.887834 0.078251
0.828654 -0.547622 0.115944
-0.194394 -0.869984 -0.453143
-0.405953 -0.809213 -0.424708
-0.248600 -0.719393 -0.648592
-0.405953 -0.809213 -0.424708
-0.559379 -0.604514 -0.567149
-0.248600 -0.719393 -0.648592
-0.248600 -0.719393 -0.648592
-0.112327 -0.577438 -0.808670
-0.083061 -0.745193 -0.661656
-0.112327 -0.577438 -0.808670
-0.248600 -0.719393 -0.648592
-0.330249 -0.525133 -0.784328
-0.194394 -0.869984 -0.453143
-0.083061 -0.745193 -0.661656
-0.059854 -0.884358 -0.462957
-0.083061 -0.745193 -0.661656
-0.194394 -0.869984 -0.453143
-0.248600 -0.719393 -0.648592
0.180072 -0.983341 -0.024811
0.169725 -0.985437 -0.010322
0.407681 -0.913113 0.004569
0.407681 -0.913113 0.004569
0.169725 -0.985437 -0.010322
0.398305 -0.917190 0.010808
0.160077 -0.987081 -0.006844
0.398305 -0.917190 0.010808
0.169725 -0.985437 -0.010322
0.398305 -0.917190 0.010808
0.160077 -0.987081 -0.006844
0.396095 -0.918191 0.005907
0.862755 -0.229144 0.450719
0.947294 -0.320355 -0.002775
0.845027 -0.368536 0.387441
0.947294 -0.320355 -0.002775
0.862755 -0.229144 0.450719
0.997359 -0.049621 0.053043
0.098667 -0.993215 -0.061559
-0.008396 -0.998170 -0.059883
0.098042 -0.991244 -0.088447
-0.008396 -0.998170 -0.059883
-0.018557 -0.996155 -0.085616
0.098042 -0.991244 -0.088447
0.004275 -0.999864 -0.015906
0.098667 -0.993215 -0.061559
0.093862 -0.995427 -0.017730
0.098667 -0.993215 -0.061559
0.004275 -0.999864 -0.015906
-0.008396 -0.998170 -0.059883
0.077264 -0.997003 -0.004053
0.006966 -0.999853 0.015690
0.093862 -0.995427 -0.017730
0.006966 -0.999853 0.015690
0.004275 -0.999864 -0.015906
0.093862 -0.995427 -0.017730
0.183683 -0.980906 -0.063909
0.049528 -0.996725 -0.063919
0.154856 -0.985986 -0.062058
0.049528 -0.996725 -0.063919
0.057025 -0.995158 -0.080053
0.154856 -0.985986 -0.062058
0.154856 -0.985986 -0.062058
0.057025 -0.995158 -0.080053
0.132831 -0.989970 -0.048114
0.057025 -0.995158 -0.080053
0.061047 -0.997173 -0.043806
0.132831 -0.989970 -0.048114
0.396095 -0.918191 0.005907
0.160077 -0.987081 -0.006844
0.152285 -0.988150 -0.019205
0.396095 -0.918191 0.005907
0.152285 -0.988150 -0.019205
0.389587 -0.920986 -0.002724
0.829032 -0.557548 0.042975
0.407681 -0.913113 0.004569
0.398305 -0.917190 0.010808
0.829032 -0.557548 0.042975
0.398305 -0.917190 0.010808
0.831433 -0.554449 0.036143
-0.039957 -0.958936 -0.280794
-0.171093 -0.945278 -0.277807
-0.059854 -0.884358 -0.462957
-0.171093 -0.945278 -0.277807
-0.194394 -0.869984 -0.453143
-0.059854 -0.884358 -0.462957
0.061047 -0.997173 -0.043806
0.146100 -0.988655 -0.034862
0.132831 -0.989970 -0.048114
0.146100 -0.988655 -0.034862
0.061047 -0.997173 -0.043806
0.077264 -0.997003 -0.004053
0.961011 0.192196 -0.198795
0.955309 -0.295217 -0.015208
0.972205 0.227256 0.056319
0.955309 -0.295217 -0.015208
0.961011 0.192196 -0.198795
0.925963 -0.095813 -0.365256
0.820652 -0.545149 0.171298
0.828654 -0.547622 0.115944
0.980813 0.131287 0.144118
0.980813 0.131287 0.144118
0.828654 -0.547622 0.115944
0.985375 0.137378 0.100810
0.828654 -0.547622 0.115944
0.830477 -0.550968 0.082112
0.985375 0.137378 0.100810
0.985375 0.137378 0.100810
0.830477 -0.550968 0.082112
0.976776 0.203102 0.068254
-0.083061 -0.745193 -0.661656
0.025638 -0.580206 -0.814066
0.029849 -0.752236 -0.658217
0.025638 -0.580206 -0.814066
-0.083061 -0.745193 -0.661656
-0.112327 -0.577438 -0.808670
0.025638 -0.580206 -0.814066
-0.112327 -0.577438 -0.808670
0.035942 -0.257917 -0.965498
-0.112327 -0.577438 -0.808670
-0.120379 -0.284695 -0.951030
0.035942 -0.257917 -0.965498
-0.059854 -0.884358 -0.462957
0.029849 -0.752236 -0.658217
0.053667 -0.887937 -0.456824
0.029849 -0.752236 -0.658217
-0.059854 -0.884358 -0.462957
-0.083061 -0.745193 -0.661656
-0.039957 -0.958936 -0.280794
0.053667 -0.887937 -0.456824
0.074861 -0.958562 -0.274872
0.053667 -0.887937 -0.456824
-0.039957 -0.958936 -0.280794
-0.059854 -0.884358 -0.462957
0.061047 -0.997173 -0.043806
-0.022664 -0.999672 -0.011936
0.077264 -0.997003 -0.004053
-0.022664 -0.999672 -0.011936
0.006966 -0.999853 0.015690
0.077264 -0.997003 -0.004053
0.146100 -0.988655 -0.034862
0.077264 -0.997003 -0.004053
0.175601 -0.983658 -0.039770
0.077264 -0.997003 -0.004053
0.093862 -0.995427 -0.017730
0.175601 -0.983658 -0.039770
0.365299 -0.929607 -0.048866
0.179552 -0.982855 -0.041909
0.350325 -0.935536 -0.045219
0.179552 -0.982855 -0.041909
0.183683 -0.980906 -0.063909
0.350325 -0.935536 -0.045219
0.376951 -0.925703 -0.031336
0.157227 -0.987118 -0.029638
0.365299 -0.929607 -0.048866
0.157227 -0.987118 -0.029638
0.179552 -0.982855 -0.041909
0.365299 -0.929607 -0.048866
0.389587 -0.920986 -0.002724
0.152285 -0.988150 -0.019205
0.376951 -0.925703 -0.031336
0.152285 -0.988150 -0.019205
0.157227 -0.987118 -0.029638
0.376951 -0.925703 -0.031336
0.831433 -0.554449 0.036143
0.398305 -0.917190 0.010808
0.396095 -0.918191 0.005907
0.831433 -0.554449 0.036143
0.396095 -0.918191 0.005907
0.834341 -0.550868 0.020505
0.980438 0.151870 0.125206
0.985431 0.061370 -0.158617
0.921825 -0.385434 0.040989
0.921825 -0.385434 0.040989
0.985431 0.061370 -0.158617
0.879640 -0.475187 -0.020764
-0.026480 -0.986496 -0.161630
0.074861 -0.958562 -0.274872
0.084702 -0.982397 -0.166496
0.074861 -0.958562 -0.274872
-0.026480 -0.986496 -0.161630
-0.039957 -0.958936 -0.280794
0.098667 -0.993215 -0.061559
0.205105 -0.973887 -0.097343
0.195980 -0.977870 -0.073231
0.205105 -0.973887 -0.097343
0.098667 -0.993215 -0.061559
0.098042 -0.991244 -0.088447
0.093862 -0.995427 -0.017730
0.195980 -0.977870 -0.073231
0.175601 -0.983658 -0.039770
0.195980 -0.977870 -0.073231
0.093862 -0.995427 -0.017730
0.098667 -0.993215 -0.061559
0.183683 -0.980906 -0.063909
0.340160 -0.939335 -0.044050
0.350325 -0.935536 -0.045219
0.340160 -0.939335 -0.044050
0.183683 -0.980906 -0.063909
0.154856 -0.985986 -0.062058
0.389587 -0.920986 -0.002724
0.807295 -0.590144 0.002275
0.830595 -0.556476 0.021126
0.807295 -0.590144 0.002275
0.389587 -0.920986 -0.002724
0.376951 -0.925703 -0.031336
0.396095 -0.918191 0.005907
0.830595 -0.556476 0.021126
0.834341 -0.550868 0.020505
0.830595 -0.556476 0.021126
0.396095 -0.918191 0.005907
0.389587 -0.920986 -0.002724
0.868170 0.491459 -0.068916
0.996667 -0.053909 0.061231
0.976299 0.003055 -0.216403
0.996667 -0.053909 0.061231
0.868170 0.491459 -0.068916
0.848382 0.529119 0.016780
0.052237 -0.180094 -0.982261
-0.035960 -0.096105 -0.994721
0.113482 -0.313079 -0.942923
0.052237 -0.180094 -0.982261
0.113482 -0.313079 -0.942923
0.271831 -0.248121 -0.929809
0.211096 -0.874002 -0.437675
0.053667 -0.887937 -0.456824
0.192970 -0.742680 -0.641240
0.053667 -0.887937 -0.456824
0.029849 -0.752236 -0.658217
0.192970 -0.742680 -0.641240
0.221280 -0.936431 -0.272273
0.074861 -0.958562 -0.274872
0.211096 -0.874002 -0.437675
0.074861 -0.958562 -0.274872
0.053667 -0.887937 -0.456824
0.211096 -0.874002 -0.437675
0.098042 -0.991244 -0.088447
0.210853 -0.969150 -0.127627
0.205105 -0.973887 -0.097343
0.210853 -0.969150 -0.127627
0.098042 -0.991244 -0.088447
0.092340 -0.988222 -0.122027
0.210853 -0.969150 -0.127627
0.092340 -0.988222 -0.122027
0.217795 -0.959913 -0.176446
0.092340 -0.988222 -0.122027
0.084702 -0.982397 -0.166496
0.217795 -0.959913 -0.176446
0.345456 -0.936596 -0.058725
0.132831 -0.989970 -0.048114
0.358692 -0.931203 -0.064817
0.132831 -0.989970 -0.048114
0.146100 -0.988655 -0.034862
0.358692 -0.931203 -0.064817
0.340160 -0.939335 -0.044050
0.154856 -0.985986 -0.062058
0.345456 -0.936596 -0.058725
0.154856 -0.985986 -0.062058
0.132831 -0.989970 -0.048114
0.345456 -0.936596 -0.058725
0.376951 -0.925703 -0.031336
0.776172 -0.630432 -0.010591
0.807295 -0.590144 0.002275
0.776172 -0.630432 -0.010591
0.376951 -0.925703 -0.031336
0.365299 -0.929607 -0.048866
0.864402 -0.501406 0.037426
0.998639 -0.008000 0.051532
0.863105 -0.504545 0.022015
0.998639 -0.008000 0.051532
0.998771 -0.015943 -0.046938
0.863105 -0.504545 0.022015
0.834341 -0.550868 0.020505
0.927245 0.372878 0.034339
0.920971 0.388674 0.027310
0.927245 0.372878 0.034339
0.834341 -0.550868 0.020505
0.830595 -0.556476 0.021126
0.192970 -0.742680 -0.641240
0.029849 -0.752236 -0.658217
0.025638 -0.580206 -0.814066
0.192970 -0.742680 -0.641240
0.025638 -0.580206 -0.814066
0.217165 -0.528477 -0.820702
0.217165 -0.528477 -0.820702
0.025638 -0.580206 -0.814066
0.035942 -0.257917 -0.965498
0.217165 -0.528477 -0.820702
0.035942 -0.257917 -0.965498
0.303220 -0.132112 -0.943718
0.217795 -0.959913 -0.176446
0.084702 -0.982397 -0.166496
0.221280 -0.936431 -0.272273
0.084702 -0.982397 -0.166496
0.074861 -0.958562 -0.274872
0.221280 -0.936431 -0.272273
0.175601 -0.983658 -0.039770
0.370557 -0.924442 -0.089967
0.366046 -0.928420 -0.063613
0.370557 -0.924442 -0.089967
0.175601 -0.983658 -0.039770
0.195980 -0.977870 -0.073231
0.146100 -0.988655 -0.034862
0.366046 -0.928420 -0.063613
0.358692 -0.931203 -0.064817
0.366046 -0.928420 -0.063613
0.146100 -0.988655 -0.034862
0.175601 -0.983658 -0.039770
0.350325 -0.935536 -0.045219
0.745394 -0.665646 -0.036105
0.754025 -0.656692 -0.014192
0.745394 -0.665646 -0.036105
0.350325 -0.935536 -0.045219
0.340160 -0.939335 -0.044050
0.340160 -0.939335 -0.044050
0.732074 -0.678846 -0.056881
0.745394 -0.665646 -0.036105
0.732074 -0.678846 -0.056881
0.340160 -0.939335 -0.044050
0.345456 -0.936596 -0.058725
0.365299 -0.929607 -0.048866
0.754025 -0.656692 -0.014192
0.776172 -0.630432 -0.010591
0.754025 -0.656692 -0.014192
0.365299 -0.929607 -0.048866
0.350325 -0.935536 -0.045219
0.830595 -0.556476 0.021126
0.959339 0.280902 0.027619
0.927245 0.372878 0.034339
0.959339 0.280902 0.027619
0.830595 -0.556476 0.021126
0.807295 -0.590144 0.002275
0.370557 -0.924442 -0.089967
0.195980 -0.977870 -0.073231
0.370065 -0.922824 -0.106993
0.195980 -0.977870 -0.073231
0.205105 -0.973887 -0.097343
0.370065 -0.922824 -0.106993
0.205105 -0.973887 -0.097343
0.365699 -0.920507 -0.137590
0.370065 -0.922824 -0.106993
0.365699 -0.920507 -0.137590
0.205105 -0.973887 -0.097343
0.210853 -0.969150 -0.127627
0.959339 0.280902 0.027619
0.807295 -0.590144 0.002275
0.974700 0.219357 0.042930
0.807295 -0.590144 0.002275
0.776172 -0.630432 -0.010591
0.974700 0.219357 0.042930
0.992149 -0.120495 0.033489
0.864402 -0.501406 0.037426
0.863105 -0.504545 0.022015
0.992149 -0.120495 0.033489
0.863105 -0.504545 0.022015
0.994255 -0.102962 0.029264
0.814457 0.579734 0.023830
0.992149 -0.120495 0.033489
0.994255 -0.102962 0.029264
0.814457 0.579734 0.023830
0.994255 -0.102962 0.029264
0.810082 0.586273 0.007193
0.113482 -0.313079 -0.942923
0.426612 -0.245256 -0.870547
0.271831 -0.248121 -0.929809
0.426612 -0.245256 -0.870547
0.113482 -0.313079 -0.942923
0.406227 -0.479274 -0.777995
0.192970 -0.742680 -0.641240
0.217165 -0.528477 -0.820702
0.426938 -0.670107 -0.607190
0.426938 -0.670107 -0.607190
0.217165 -0.528477 -0.820702
0.562381 -0.312162 -0.765691
0.211096 -0.874002 -0.437675
0.426938 -0.670107 -0.607190
0.387440 -0.823559 -0.414295
0.426938 -0.670107 -0.607190
0.211096 -0.874002 -0.437675
0.192970 -0.742680 -0.641240
0.365699 -0.920507 -0.137590
0.210853 -0.969150 -0.127627
0.369456 -0.908442 -0.195540
0.210853 -0.969150 -0.127627
0.217795 -0.959913 -0.176446
0.369456 -0.908442 -0.195540
0.366046 -0.928420 -0.063613
0.674888 -0.733356 -0.081946
0.698522 -0.713243 -0.057892
0.674888 -0.733356 -0.081946
0.366046 -0.928420 -0.063613
0.370557 -0.924442 -0.089967
0.345456 -0.936596 -0.058725
0.716536 -0.694630 -0.063760
0.732074 -0.678846 -0.056881
0.716536 -0.694630 -0.063760
0.345456 -0.936596 -0.058725
0.358692 -0.931203 -0.064817
0.716536 -0.694630 -0.063760
0.358692 -0.931203 -0.064817
0.698522 -0.713243 -0.057892
0.358692 -0.931203 -0.064817
0.366046 -0.928420 -0.063613
0.698522 -0.713243 -0.057892
0.976677 -0.161987 0.140936
0.975960 -0.179661 0.123386
0.975528 -0.151115 -0.159720
0.975960 -0.179661 0.123386
0.984881 -0.150511 -0.085765
0.975528 -0.151115 -0.159720
0.974700 0.219357 0.042930
0.776172 -0.630432 -0.010591
0.988660 0.138653 0.057684
0.776172 -0.630432 -0.010591
0.754025 -0.656692 -0.014192
0.988660 0.138653 0.057684
0.900266 -0.434098 0.032866
0.999914 0.000635 0.013109
0.923707 -0.379794 0.050222
0.999914 0.000635 0.013109
0.990975 0.087959 0.101157
0.923707 -0.379794 0.050222
0.464937 -0.126917 -0.876200
0.406227 -0.479274 -0.777995
0.639873 -0.368697 -0.674259
0.406227 -0.479274 -0.777995
0.464937 -0.126917 -0.876200
0.426612 -0.245256 -0.870547
0.378915 -0.883840 -0.274319
0.221280 -0.936431 -0.272273
0.387440 -0.823559 -0.414295
0.221280 -0.936431 -0.272273
0.211096 -0.874002 -0.437675
0.387440 -0.823559 -0.414295
0.369456 -0.908442 -0.195540
0.217795 -0.959913 -0.176446
0.378915 -0.883840 -0.274319
0.217795 -0.959913 -0.176446
0.221280 -0.936431 -0.272273
0.378915 -0.883840 -0.274319
0.674888 -0.733356 -0.081946
0.370557 -0.924442 -0.089967
0.651861 -0.751703 -0.100095
0.370557 -0.924442 -0.089967
0.370065 -0.922824 -0.106993
0.651861 -0.751703 -0.100095
0.370065 -0.922824 -0.106993
0.625572 -0.768815 -0.132606
0.651861 -0.751703 -0.100095
0.625572 -0.768815 -0.132606
0.370065 -0.922824 -0.106993
0.365699 -0.920507 -0.137590
0.988660 0.138653 0.057684
0.754025 -0.656692 -0.014192
0.997132 0.071396 0.025112
0.754025 -0.656692 -0.014192
0.745394 -0.665646 -0.036105
0.997132 0.071396 0.025112
0.582648 -0.710094 -0.395331
0.387440 -0.823559 -0.414295
0.724382 -0.424932 -0.542866
0.387440 -0.823559 -0.414295
0.426938 -0.670107 -0.607190
0.724382 -0.424932 -0.542866
0.562381 -0.312162 -0.765691
0.839327 0.086030 -0.536777
0.724382 -0.424932 -0.542866
0.562381 -0.312162 -0.765691
0.724382 -0.424932 -0.542866
0.426938 -0.670107 -0.607190
0.588980 0.095601 -0.802473
0.639873 -0.368697 -0.674259
0.781978 -0.137857 -0.607870
0.588980 0.095601 -0.802473
0.464937 -0.126917 -0.876200
0.639873 -0.368697 -0.674259
0.781978 -0.137857 -0.607870
0.619381 0.065797 -0.782329
0.772698 0.127557 -0.621826
0.619381 0.065797 -0.782329
0.781978 -0.137857 -0.607870
0.639873 -0.368697 -0.674259
0.365699 -0.920507 -0.137590
0.591813 -0.780461 -0.201587
0.625572 -0.768815 -0.132606
0.591813 -0.780461 -0.201587
0.365699 -0.920507 -0.137590
0.369456 -0.908442 -0.195540
0.561240 -0.783236 -0.267491
0.378915 -0.883840 -0.274319
0.582648 -0.710094 -0.395331
0.378915 -0.883840 -0.274319
0.387440 -0.823559 -0.414295
0.582648 -0.710094 -0.395331
0.918590 0.069582 -0.389039
0.582648 -0.710094 -0.395331
0.724382 -0.424932 -0.542866
0.582648 -0.710094 -0.395331
0.918590 0.069582 -0.389039
0.794891 -0.500301 -0.343289
0.591813 -0.780461 -0.201587
0.369456 -0.908442 -0.195540
0.561240 -0.783236 -0.267491
0.369456 -0.908442 -0.195540
0.378915 -0.883840 -0.274319
0.561240 -0.783236 -0.267491
0.866321 -0.447259 -0.222366
0.561240 -0.783236 -0.267491
0.794891 -0.500301 -0.343289
0.561240 -0.783236 -0.267491
0.582648 -0.710094 -0.395331
0.794891 -0.500301 -0.343289
0.924704 -0.353104 -0.142270
0.591813 -0.780461 -0.201587
0.866321 -0.447259 -0.222366
0.591813 -0.780461 -0.201587
0.561240 -0.783236 -0.267491
0.866321 -0.447259 -0.222366
0.963903 -0.252213 -0.085318
0.625572 -0.768815 -0.132606
0.924704 -0.353104 -0.142270
0.625572 -0.768815 -0.132606
0.591813 -0.780461 -0.201587
0.924704 -0.353104 -0.142270
0.961744 0.133981 -0.238950
0.873827 0.064976 -0.481876
0.878140 0.167623 -0.448077
0.873827 0.064976 -0.481876
0.961744 0.133981 -0.238950
0.964994 0.145214 -0.218403
0.874383 -0.132208 -0.466879
0.892873 -0.186210 -0.410004
0.708657 -0.002838 -0.705548
0.892873 -0.186210 -0.410004
0.843252 0.112077 -0.525705
0.708657 -0.002838 -0.705548
0.874383 -0.132208 -0.466879
0.708657 -0.002838 -0.705548
0.546353 0.102712 -0.831233
0.874383 -0.132208 -0.466879
0.546353 0.102712 -0.831233
0.865722 0.058774 -0.497062
0.910652 0.363215 -0.196944
0.990212 0.048324 -0.130936
0.802895 0.278175 -0.527237
0.990212 0.048324 -0.130936
0.865722 0.058774 -0.497062
0.802895 0.278175 -0.527237
-0.190365 -0.265787 0.945049
-0.189765 0.521405 0.831941
0.278045 0.263446 0.923735
0.278045 0.263446 0.923735
-0.189765 0.521405 0.831941
0.173906 0.670923 0.720846
</float_array>
          <technique_common>
            <accessor source="#HotDog-Normal0-array" count="5124" stride="3">
              <param name="X" type="float"/>
              <param name="Y" type="float"/>
              <param name="Z" type="float"/>
            </accessor>
          </technique_common>
        </source>
        <source id="HotDog-UV0">
          <float_array id="HotDog-UV0-array" count="2464">
0.122817 0.120003
0.104021 0.127399
0.102266 0.098462
0.111056 0.096702
0.943411 0.080302
0.982496 0.081982
0.961882 0.110132
0.934046 0.110507
0.981847 0.054194
0.949484 0.051059
0.125507 0.150068
0.102282 0.156166
0.100893 0.184268
0.123916 0.179667
0.079418 0.106269
0.078969 0.133612
0.076970 0.161004
0.952936 0.023678
0.928376 0.057326
0.933204 0.028608
0.090192 0.069637
0.072626 0.079499
0.056828 0.114247
0.055630 0.095057
0.054308 0.138331
0.077933 0.042426
0.100076 0.058369
0.065708 0.051097
0.049693 0.071086
0.033989 0.115172
0.038617 0.092252
0.075546 0.187970
0.246392 0.146877
0.217563 0.149135
0.213456 0.118846
0.246564 0.117110
0.550470 0.152600
0.523423 0.153128
0.524256 0.124682
0.551944 0.123570
0.525970 0.094918
0.554090 0.093337
0.242892 0.175308
0.216110 0.177325
0.213430 0.089371
0.245257 0.087169
0.184917 0.151284
0.188436 0.125312
0.516903 0.754606
0.488324 0.753783
0.491608 0.727315
0.520043 0.725048
0.558857 0.063060
0.530546 0.065289
0.052121 0.163766
0.050703 0.189630
0.031035 0.139350
0.029273 0.164301
0.009910 0.137698
0.013180 0.112567
0.540637 0.036576
0.566024 0.034232
0.213873 0.063126
0.240682 0.057556
0.491618 0.702836
0.513899 0.696578
0.980787 0.029496
0.210931 0.039860
0.229782 0.030824
0.028158 0.064313
0.019011 0.088213
0.503066 0.669963
0.488324 0.683097
0.557343 0.011409
0.578930 0.007055
0.744997 0.790068
0.723579 0.789561
0.711378 0.756180
0.729182 0.766240
0.041771 0.041414
0.059053 0.025788
0.956920 0.000000
0.981776 0.005609
0.282445 0.795121
0.269729 0.775350
0.289593 0.770005
0.296165 0.774817
0.099180 0.239498
0.099717 0.212012
0.122402 0.208305
0.122763 0.236521
0.073754 0.241397
0.074533 0.214698
0.122361 0.264625
0.098669 0.266957
0.143405 0.232996
0.142677 0.261572
0.139888 0.204456
0.929282 0.139702
0.950715 0.138556
0.943019 0.166686
0.928376 0.168397
0.968123 0.197021
0.940431 0.195194
0.970406 0.169864
0.211331 0.204586
0.177733 0.203463
0.182183 0.177488
0.205513 0.231143
0.172762 0.229308
0.146102 0.231430
0.142432 0.204271
0.239091 0.203041
0.141271 0.176690
0.048285 0.242191
0.049236 0.215862
0.978789 0.143075
0.142647 0.148787
0.149260 0.122817
0.989226 0.116269
1.000000 0.091567
0.027215 0.189771
0.005523 0.188744
0.008387 0.163080
0.022402 0.035459
0.009849 0.059661
0.000000 0.084216
0.764691 0.773862
0.733379 0.750878
0.595930 0.030135
0.600301 0.001982
0.246564 0.743884
0.268778 0.748590
0.247760 0.770822
0.291155 0.750448
0.964468 0.224367
0.940152 0.223919
0.142466 0.290211
0.122079 0.292776
0.073192 0.268269
0.098455 0.294568
0.072942 0.295244
0.203371 0.258138
0.235527 0.230013
0.233889 0.256631
0.522442 0.180848
0.548937 0.180599
0.547172 0.207813
0.520149 0.207650
0.590565 0.060158
0.122981 0.067804
0.109261 0.088783
0.098602 0.064624
0.106025 0.051313
0.195821 0.731576
0.193730 0.720198
0.209235 0.709788
0.209235 0.736818
0.863306 0.079740
0.842804 0.077739
0.845432 0.052307
0.865011 0.055337
0.860903 0.105027
0.840192 0.103627
0.177728 0.052658
0.197279 0.056393
0.196937 0.074818
0.170751 0.072607
0.186933 0.037978
0.115953 0.032827
0.136692 0.045859
0.121144 0.015167
0.143905 0.024972
0.161580 0.685702
0.161580 0.710505
0.143333 0.701552
0.142076 0.679539
0.092982 0.026389
0.078452 0.041037
0.095349 0.718454
0.093192 0.736932
0.075548 0.738136
0.074078 0.721768
0.098655 0.322178
0.122595 0.320933
0.143781 0.319020
0.072891 0.322333
0.123749 0.348565
0.099181 0.349470
0.072996 0.349277
0.203711 0.285421
0.232962 0.283008
0.174189 0.287533
0.173376 0.259021
0.232396 0.309339
0.204846 0.312632
0.175705 0.316676
0.520043 0.234400
0.546628 0.234616
0.547364 0.261324
0.520884 0.261038
0.047141 0.321878
0.047459 0.295214
0.047673 0.268688
0.147876 0.258984
0.148741 0.287137
0.151758 0.315259
0.940325 0.252775
0.962500 0.252499
0.578767 0.206881
0.578336 0.234022
0.024914 0.215808
0.024064 0.241904
0.023208 0.268183
0.586582 0.091106
0.583951 0.121638
0.581814 0.151013
0.857369 0.130686
0.837168 0.129630
0.160890 0.096687
0.192177 0.098724
0.137743 0.085792
0.122174 0.116008
0.128873 0.000000
0.145153 0.006610
0.165375 0.018435
0.158978 0.038000
0.371521 0.732279
0.391224 0.731994
0.396783 0.749321
0.372590 0.753086
0.101800 0.007854
0.273671 0.721913
0.294279 0.726925
0.250260 0.717899
0.146807 0.346953
0.099341 0.376221
0.123901 0.375681
0.142454 0.373446
0.963836 0.281048
0.941314 0.281935
0.970407 0.308042
0.943591 0.310408
0.208102 0.339226
0.233607 0.335271
0.180011 0.344652
0.548338 0.287920
0.522635 0.287746
0.022378 0.320879
0.023111 0.294402
0.580143 0.179290
0.003840 0.214627
0.856081 0.156438
0.834993 0.155665
0.152128 0.060947
0.074078 0.701221
0.092556 0.698242
0.708684 0.738639
0.121010 0.748849
0.123247 0.726220
0.142076 0.721221
0.142076 0.739615
0.622771 0.026879
0.620423 0.057512
0.748059 0.743422
0.768437 0.752228
0.622504 -0.000000
0.714725 0.731529
0.741897 0.727029
0.768928 0.728779
0.375745 0.708765
0.393924 0.715531
0.347140 0.752559
0.348227 0.728891
0.351984 0.705299
0.396783 0.695560
0.381489 0.690625
0.363203 0.690909
0.211801 0.365392
0.185144 0.370672
0.235558 0.362137
0.214660 0.392276
0.188560 0.395949
0.154669 0.341212
0.158386 0.367169
0.073180 0.376031
0.526375 0.314331
0.550954 0.314947
0.581082 0.315574
0.579579 0.288300
0.046944 0.348521
0.578706 0.261175
0.002823 0.266640
0.003415 0.240567
0.854347 0.182467
0.832576 0.181742
0.617834 0.088750
0.615493 0.119361
0.357422 0.674194
0.383914 0.674778
0.936921 0.364890
0.933909 0.337647
0.950773 0.337854
0.956487 0.364734
0.959001 0.391976
0.938201 0.391844
0.100050 0.402947
0.125204 0.402344
0.976386 0.334988
0.978180 0.363154
0.073492 0.402757
0.073678 0.429503
0.100337 0.429531
0.125938 0.428940
0.046948 0.375172
0.046987 0.401939
0.021695 0.347448
0.021724 0.374066
0.002079 0.292835
0.612962 0.148337
0.611598 0.177062
0.814202 0.128389
0.817119 0.102195
0.811267 0.154597
0.822441 0.026016
0.844895 0.027951
0.821977 0.050754
0.820088 0.076139
0.796200 0.004677
0.819719 0.002894
0.797973 0.025870
0.796601 0.049816
0.842815 0.004118
0.277431 0.695203
0.256166 0.693428
0.710332 0.708267
0.737248 0.705917
0.237100 0.737653
0.212209 0.732025
0.209235 0.710174
0.237100 0.709480
0.373325 0.768890
0.347744 0.769690
0.344498 0.787683
0.369709 0.787517
0.478304 0.696464
0.457041 0.685811
0.471274 0.669963
0.487848 0.679499
0.295355 0.700765
0.321754 0.729270
0.329319 0.699900
0.100571 0.456184
0.125905 0.455566
0.125751 0.482416
0.100762 0.482982
0.074046 0.483050
0.073829 0.456236
0.046814 0.482742
0.046693 0.455747
0.046873 0.428803
0.217319 0.419758
0.191230 0.422382
0.218866 0.447753
0.192565 0.449826
0.163879 0.422774
0.161128 0.394862
0.164469 0.450769
0.237685 0.389392
0.239142 0.417097
0.959592 0.419308
0.938662 0.418711
0.978426 0.391354
0.143575 0.426179
0.143633 0.453250
0.021886 0.400809
0.021308 0.427764
0.529803 0.341835
0.553612 0.342313
0.000415 0.345787
0.001035 0.319242
0.000837 0.372359
0.610462 0.205185
0.609936 0.232927
0.647241 0.086387
0.648089 0.055565
0.647852 0.026002
0.645841 0.001231
0.766550 0.703339
0.100653 0.509905
0.125158 0.509444
0.074210 0.509971
0.125010 0.536690
0.100542 0.536970
0.074420 0.537004
0.240519 0.445138
0.219275 0.475853
0.192636 0.477748
0.164455 0.478826
0.958737 0.446754
0.937829 0.445645
0.532347 0.369630
0.555612 0.370037
0.556290 0.398092
0.533918 0.397746
0.582693 0.343203
0.583851 0.371010
0.001532 0.399048
0.610136 0.260644
0.645236 0.116692
0.643377 0.146000
0.791435 0.100924
0.788226 0.127199
0.785110 0.153450
0.794394 0.074895
0.079437 0.679540
0.093810 0.679689
0.325746 0.772790
0.320723 0.789076
0.280757 0.669963
0.296165 0.675592
0.448390 0.025159
0.464709 0.012156
0.476802 0.026250
0.461525 0.035700
0.671970 0.055743
0.671122 0.028075
0.298046 0.791129
0.308310 0.778252
0.320845 0.755497
0.296165 0.727943
0.298775 0.756239
0.476306 0.716822
0.450489 0.711464
0.261742 0.674546
0.100541 0.564138
0.125265 0.564152
0.074660 0.564044
0.075016 0.590812
0.100530 0.591457
0.933946 0.499814
0.936522 0.472691
0.956849 0.474346
0.953243 0.501926
0.144745 0.564012
0.143912 0.536048
0.047656 0.564347
0.047391 0.537072
0.046955 0.509851
0.219865 0.504036
0.192970 0.505820
0.241336 0.473418
0.242093 0.501868
0.242684 0.530582
0.220426 0.532577
0.193325 0.534144
0.164916 0.507066
0.143483 0.480610
0.143360 0.508240
0.165413 0.535441
0.552987 0.483405
0.530668 0.482777
0.532990 0.454392
0.555048 0.454843
0.534064 0.426028
0.556109 0.426381
0.020891 0.454911
0.020918 0.482209
0.000788 0.426066
0.583870 0.427361
0.584273 0.399063
0.823979 0.286850
0.846743 0.287802
0.845994 0.314448
0.823219 0.313431
0.825290 0.260407
0.847428 0.261309
0.610484 0.288305
0.672396 0.085170
0.671297 0.114579
0.708684 0.694859
0.732383 0.684984
0.667765 0.010501
0.759564 0.678319
0.330215 0.669963
0.305824 0.696302
0.124015 0.621050
0.100202 0.619086
0.125079 0.592108
0.119542 0.650944
0.096957 0.647110
0.075766 0.617049
0.145483 0.621722
0.145460 0.592421
0.219299 0.591364
0.193274 0.592100
0.193804 0.562836
0.220799 0.561609
0.243198 0.559762
0.242205 0.589568
0.191857 0.622525
0.216129 0.622066
0.238113 0.619817
0.166443 0.563949
0.166980 0.592650
0.167208 0.621379
0.048752 0.591410
0.051024 0.617351
0.027115 0.592016
0.024065 0.564796
0.022702 0.537179
0.547321 0.540914
0.523830 0.540275
0.527630 0.511338
0.550297 0.512082
0.021747 0.509620
0.000390 0.480937
0.000000 0.453365
0.582472 0.455835
0.580249 0.484366
0.611074 0.316001
0.350033 0.004309
0.354465 0.025878
0.328798 0.033064
0.325189 0.022007
0.928376 0.012582
0.919679 0.030976
0.898852 0.021511
0.911755 0.000000
0.386643 0.028988
0.388147 -0.000000
0.749486 0.022628
0.763024 0.000000
0.777198 0.008324
0.772751 0.025974
0.141242 0.651662
0.074618 0.642264
0.108566 0.678891
0.084545 0.672595
0.054386 0.636432
0.159714 0.647832
0.031792 0.618559
0.042334 0.642425
0.208987 0.652823
0.184870 0.653533
0.543342 0.598789
0.520043 0.600174
0.520727 0.569893
0.544542 0.569947
0.844716 0.477734
0.863487 0.477879
0.864378 0.505459
0.844431 0.505505
0.002044 0.508573
0.577702 0.512901
0.611675 0.343951
0.611883 0.371968
0.827089 0.234081
0.801301 0.259284
0.803126 0.233003
0.851428 0.208664
0.849157 0.234947
0.829434 0.207854
0.805438 0.206840
0.775725 0.257889
0.777538 0.231654
0.641994 0.174777
0.670060 0.172313
0.670561 0.143563
0.254661 0.050886
0.268538 0.024316
0.281659 0.033529
0.274682 0.054480
0.267203 0.081364
0.246564 0.079720
0.292182 0.008704
0.305281 0.029221
0.748450 0.657192
0.728438 0.670358
0.487248 0.047357
0.468633 0.054122
0.494239 0.020932
0.506358 0.045412
0.418667 0.005877
0.418569 0.036201
0.132350 0.679540
0.521926 0.836064
0.520043 0.811341
0.543494 0.822049
0.547531 0.845537
0.061213 0.662040
0.196568 0.679284
0.172466 0.678628
0.229001 0.649670
0.149327 0.670722
0.205413 0.682983
0.209235 0.709430
0.189171 0.709788
0.189171 0.679540
0.546497 0.626124
0.524444 0.630551
0.534615 0.711293
0.520043 0.702390
0.529362 0.677135
0.549134 0.686974
0.574614 0.541200
0.571337 0.569146
0.568480 0.596784
0.864342 0.560522
0.863007 0.587324
0.842818 0.588252
0.843866 0.560909
0.611079 0.428662
0.609397 0.457060
0.844803 0.449992
0.821292 0.476790
0.821241 0.449017
0.820797 0.421472
0.844667 0.422358
0.611748 0.400277
0.640726 0.316188
0.640548 0.287907
0.799803 0.285683
0.641165 0.203272
0.669871 0.200941
0.693154 0.084790
0.693741 0.113128
0.693775 0.141550
0.770137 0.048769
0.767225 0.073667
0.764214 0.099804
0.744513 0.047242
0.889593 0.046152
0.868724 0.040560
0.880211 0.012583
0.913781 0.052447
0.356511 0.050193
0.330375 0.051302
0.453080 0.740401
0.434315 0.740808
0.428636 0.709053
0.477820 0.737873
0.542173 0.654694
0.566872 0.646717
0.566065 0.623551
0.607149 0.485372
0.604963 0.513625
0.640750 0.344578
0.798954 0.312224
0.822176 0.340170
0.797960 0.338974
0.844730 0.341180
0.774209 0.284264
0.640599 0.231517
0.693553 0.169990
0.741369 0.073066
0.449680 0.081424
0.451280 0.058625
0.471471 0.077228
0.495288 0.072511
0.301496 0.056511
0.515142 0.071098
0.523815 0.784393
0.545173 0.794010
0.576091 0.803393
0.574354 0.829429
0.576695 0.851080
0.560043 0.720152
0.556834 0.745429
0.530084 0.738879
0.555585 0.768616
0.536525 0.760798
0.601528 0.541431
0.640738 0.372973
0.640171 0.401590
0.796579 0.365810
0.821100 0.367081
0.772001 0.337427
0.773124 0.310766
0.693870 0.198491
0.288648 0.111143
0.262066 0.109366
0.294134 0.083660
0.411078 0.065781
0.384946 0.056894
0.431937 0.075014
0.439579 0.047193
0.487848 0.758492
0.468362 0.764314
0.575044 0.695656
0.594826 0.674301
0.569825 0.669128
0.597395 0.568531
0.592501 0.594763
0.859753 0.611709
0.840918 0.614256
0.821161 0.532541
0.844311 0.533266
0.820831 0.560436
0.865011 0.533125
0.820389 0.588492
0.639259 0.430147
0.667974 0.373664
0.668411 0.344716
0.669172 0.287079
0.669155 0.315915
0.669944 0.229682
0.694085 0.227166
0.209235 0.709480
0.217087 0.685161
0.233169 0.679540
0.233169 0.704147
0.472423 0.101799
0.449347 0.105954
0.427576 0.102884
0.498194 0.098753
0.498605 0.125075
0.472929 0.127386
0.451499 0.128790
0.359029 0.073014
0.359541 0.094997
0.329861 0.094295
0.330236 0.072591
0.354708 0.119688
0.327915 0.117643
0.385449 0.083526
0.386780 0.106689
0.379073 0.125972
0.882237 0.070823
0.909019 0.074308
0.865011 0.068394
0.904501 0.097929
0.877243 0.096330
0.315491 0.088555
0.314528 0.113858
0.407818 0.094408
0.518465 0.097432
0.588788 0.727616
0.584855 0.750464
0.580332 0.777684
0.821271 0.504646
0.796585 0.531007
0.796371 0.503076
0.796469 0.558996
0.631620 0.514604
0.633936 0.486602
0.640455 0.259691
0.669646 0.258399
0.694804 0.256221
0.694596 0.285662
0.255445 0.165861
0.258421 0.137576
0.285073 0.138461
0.282064 0.166067
0.873884 0.122530
0.900398 0.123307
0.324931 0.142681
0.349808 0.148923
0.347898 0.167781
0.320601 0.166611
0.870764 0.149081
0.896462 0.147686
0.589850 0.633274
0.588333 0.611827
0.622723 0.568550
0.615830 0.593784
0.627632 0.541919
0.637370 0.458625
0.661595 0.459452
0.664890 0.431328
0.279370 0.194183
0.252727 0.194234
0.277110 0.222771
0.250470 0.222822
0.047383 0.679540
0.050476 0.710750
0.025067 0.711152
0.023654 0.686202
0.020441 0.709509
-0.000000 0.710517
0.006583 0.679540
0.023654 0.682281
0.600989 0.703154
0.610012 0.754935
0.607104 0.783358
0.589907 0.657192
0.612604 0.640189
0.639885 0.666723
0.619512 0.682118
0.614464 0.657192
0.606031 0.616383
0.659001 0.487516
0.656862 0.515451
0.692270 0.373861
0.693069 0.344418
0.426052 0.746420
0.428636 0.772585
0.411345 0.777152
0.404252 0.751439
0.464366 0.178605
0.466206 0.202961
0.441839 0.199213
0.435466 0.178046
0.413961 0.214220
0.423703 0.189072
0.434371 0.222614
0.413774 0.172122
0.393896 0.165343
0.400925 0.133926
0.421535 0.143228
0.396783 0.722871
0.421946 0.721226
0.442139 0.150400
0.371898 0.158085
0.428636 0.672516
0.424573 0.696847
0.399777 0.692703
0.416389 0.669963
0.365909 0.196880
0.338456 0.193616
0.374004 0.177337
0.312569 0.139835
0.310313 0.166148
0.468662 0.152929
0.497823 0.151131
0.496365 0.177174
0.044271 0.740483
0.023654 0.736403
0.023654 0.737261
0.002865 0.740950
0.628646 0.618618
0.640063 0.595113
0.647300 0.569335
0.652434 0.542606
0.667381 0.402736
0.688695 0.431819
0.690793 0.403039
0.694552 0.315087
0.247959 0.281323
0.248610 0.251831
0.274933 0.251887
0.273630 0.281445
0.458510 0.277352
0.429913 0.274544
0.427632 0.248653
0.459279 0.251934
0.405970 0.243924
0.459550 0.301358
0.429944 0.296941
0.489774 0.253164
0.488971 0.278337
0.137684 0.703877
0.139214 0.721221
0.112744 0.721221
0.112515 0.698803
0.462027 0.226840
0.493760 0.202796
0.493031 0.227727
0.519785 0.176624
0.518713 0.202639
0.518100 0.228427
0.391034 0.204314
0.401780 0.183795
0.184706 0.709468
0.162261 0.705796
0.161580 0.679540
0.189171 0.679540
0.388490 0.233481
0.361778 0.228653
0.307952 0.193768
0.520043 0.150338
0.760975 0.126104
0.734073 0.125318
0.737905 0.099189
0.755162 0.178306
0.728117 0.177288
0.730983 0.151398
0.757969 0.152307
0.686101 0.460205
0.683320 0.488297
0.459328 0.325724
0.428671 0.320859
0.491040 0.303967
0.491291 0.329415
0.403252 0.316265
0.407465 0.290921
0.411560 0.267541
0.869252 0.176881
0.894658 0.174708
0.892474 0.203593
0.868566 0.205740
0.305631 0.222485
0.334919 0.224249
0.316377 0.222163
0.318673 0.193475
0.332310 0.251767
0.314266 0.251307
0.890403 0.232914
0.869027 0.235177
0.607157 0.805909
0.632694 0.784979
0.637695 0.803628
0.605887 0.832417
0.680075 0.516014
0.675203 0.543101
0.271983 0.341033
0.272205 0.370958
0.247154 0.369758
0.247494 0.340242
0.247155 0.310787
0.272520 0.311153
0.434878 0.347869
0.406324 0.343551
0.386407 0.370270
0.382710 0.337905
0.412731 0.370718
0.381712 0.311016
0.462475 0.351211
0.440412 0.374497
0.356366 0.278122
0.357725 0.305097
0.330207 0.310257
0.330182 0.279666
0.357192 0.333942
0.332010 0.340804
0.912180 0.289525
0.892072 0.292306
0.891663 0.262348
0.911437 0.259049
0.311897 0.341957
0.313506 0.310864
0.388711 0.260868
0.382656 0.282497
0.360381 0.254111
0.112383 0.679540
0.142076 0.685298
0.516569 0.254332
0.302773 0.251782
0.650921 0.621650
0.634115 0.644334
0.661754 0.596174
0.669270 0.569825
0.246564 0.427843
0.271491 0.429020
0.271084 0.457300
0.246888 0.456335
0.272088 0.400361
0.246770 0.398995
0.462690 0.377638
0.460589 0.404713
0.439795 0.401581
0.414351 0.398920
0.490974 0.355366
0.489141 0.381883
0.360318 0.368462
0.332082 0.371176
0.271616 0.513241
0.247395 0.512333
0.247018 0.484513
0.271397 0.485349
0.412791 0.426321
0.437234 0.429070
0.435827 0.457354
0.418973 0.452073
0.391951 0.399488
0.387650 0.424938
0.142076 0.738814
0.142076 0.710505
0.163585 0.711631
0.163640 0.738481
0.391178 0.453017
0.393837 0.480275
0.418237 0.481095
0.167380 0.709468
0.189171 0.709468
0.187667 0.736181
0.168353 0.738739
0.457644 0.431429
0.487059 0.408784
0.484716 0.435638
0.367657 0.398453
0.298206 0.341908
0.300813 0.372215
0.300327 0.401450
0.301499 0.281491
0.299765 0.311497
0.870238 0.264864
0.871420 0.294886
0.247669 0.618075
0.247693 0.592622
0.271386 0.594885
0.270334 0.621423
0.643016 0.693568
0.663795 0.681171
0.249938 0.640861
0.271500 0.644905
0.248307 0.566309
0.248076 0.539528
0.272346 0.540900
0.272435 0.568070
0.360215 0.421995
0.362910 0.453967
0.338306 0.426405
0.338690 0.401309
0.339050 0.454950
0.364156 0.483876
0.299797 0.429763
0.874431 0.325228
0.893552 0.323391
0.625002 0.711697
0.614763 0.734671
0.644355 0.723254
0.661913 0.711988
0.639121 0.737938
0.209191 0.736818
0.209191 0.762831
0.193730 0.759939
0.195072 0.736932
0.682107 0.701818
0.659463 0.780699
0.662080 0.803464
0.636906 0.830737
0.634503 0.756872
0.659174 0.754257
0.684527 0.747177
0.687107 0.773822
0.684269 0.797830
0.392510 0.508081
0.367485 0.507660
0.340207 0.484582
0.435271 0.483424
0.455612 0.458193
0.454875 0.485404
0.481768 0.462488
0.412956 0.509060
0.433195 0.510729
0.299634 0.457669
0.301308 0.484713
0.313217 0.456112
0.312121 0.429040
0.907395 0.409679
0.910172 0.436478
0.884291 0.440170
0.881462 0.412436
0.310299 0.402118
0.902656 0.383167
0.878092 0.384288
0.874239 0.355241
0.898067 0.353280
0.311177 0.372044
0.384607 0.659141
0.389754 0.636600
0.407789 0.636271
0.405442 0.669963
0.665518 0.825618
0.302721 0.567068
0.302426 0.540036
0.301521 0.512008
0.451717 0.512682
0.480077 0.489575
0.476714 0.516491
0.115918 0.755110
0.095349 0.755576
0.098583 0.728039
0.115918 0.728449
0.408035 0.536999
0.430974 0.538191
0.717777 0.386869
0.717466 0.413925
0.697069 0.410894
0.698716 0.383989
0.716971 0.441028
0.696745 0.437924
0.699888 0.357030
0.717956 0.359944
0.297373 0.645304
0.297642 0.620945
0.300553 0.594209
0.317439 0.537463
0.315378 0.510215
0.343997 0.509416
0.344452 0.536853
0.894912 0.548598
0.891795 0.521786
0.917925 0.516952
0.918453 0.543985
0.887496 0.494077
0.911560 0.490198
0.315241 0.483096
0.366768 0.536091
0.885653 0.466947
0.909805 0.463233
0.388801 0.535751
0.427783 0.647841
0.428052 0.666136
0.635245 0.853782
0.663995 0.849669
0.429020 0.618997
0.412992 0.616721
0.445561 0.622243
0.447987 0.640713
0.431218 0.591193
0.431023 0.564726
0.448707 0.565570
0.448294 0.593565
0.415666 0.590052
0.412359 0.563182
0.449753 0.539273
0.470084 0.569230
0.465036 0.593768
0.459528 0.613764
0.317615 0.564605
0.342736 0.563445
0.900556 0.575627
0.917012 0.569771
0.368500 0.563101
0.341714 0.591785
0.318296 0.590463
0.473880 0.543227
0.057543 0.683578
0.074078 0.679540
0.071954 0.706367
0.050476 0.710446
0.074078 0.733039
0.059145 0.738081
0.396773 0.561206
0.396008 0.590099
0.368646 0.590484
0.717620 0.522558
0.694908 0.519072
0.694804 0.492140
0.717073 0.495396
0.695679 0.465042
0.716782 0.468243
0.317723 0.635802
0.317886 0.613531
0.343383 0.617400
0.342451 0.633205
0.705906 0.738221
0.708684 0.765830
0.394976 0.617765
0.370365 0.617790
0.808220 0.180739
0.843548 0.368030
0.782235 0.179550
0.443612 0.039026
0.820313 0.394150
0.843982 0.395062
0.779609 0.205572
0.553263 0.866744
0.529204 0.857736
0.795536 0.392861
0.861154 0.631685
0.839863 0.637821
0.580149 0.871019
0.815077 0.639073
0.818049 0.614944
0.752626 0.204196
0.750579 0.230186
0.796191 0.475294
0.795941 0.447640
0.795437 0.420160
0.770832 0.364195
0.770212 0.391234
0.748947 0.256216
0.725334 0.202918
0.770004 0.418495
0.437393 0.122961
0.519965 0.123930
0.606161 0.853944
0.607479 0.873522
0.789542 0.638752
0.793803 0.614311
0.796019 0.587192
0.770247 0.445897
0.746671 0.308975
0.745522 0.335540
0.747770 0.282539
0.723469 0.228796
0.770587 0.501024
0.770382 0.473414
0.744633 0.362309
0.721262 0.280582
0.721927 0.254520
0.768867 0.611642
0.763563 0.636226
0.771081 0.584485
0.770898 0.528717
0.771259 0.556555
0.744117 0.389336
0.743724 0.416536
0.720511 0.306786
0.904200 0.231330
0.515328 0.280088
0.634687 0.873176
0.743630 0.471074
0.743635 0.443772
0.719042 0.333234
0.514090 0.306132
0.743924 0.498433
0.744438 0.525835
0.512053 0.332257
0.737933 0.630798
0.754751 0.654926
0.726811 0.647468
0.744192 0.606723
0.745393 0.553064
0.510047 0.358669
0.662348 0.733831
0.746032 0.580267
0.507168 0.385250
0.721290 0.599803
0.714736 0.619714
0.704571 0.627923
0.678691 0.723469
0.319686 0.653316
0.297687 0.663791
0.719741 0.549367
0.721960 0.575639
0.696056 0.600383
0.704374 0.591239
0.700017 0.570562
0.697135 0.545477
0.913366 0.602037
0.928376 0.592369
0.698303 0.814742
0.676577 0.819770
0.707511 0.792347
0.112383 0.709468
0.095349 0.728039
0.102300 0.700737
0.095349 0.679540
</float_array>
          <technique_common>
            <accessor source="#HotDog-UV0-array" count="1232" stride="2">
              <param name="S" type="float"/>
              <param name="T" type="float"/>
            </accessor>
          </technique_common>
        </source>
        <vertices id="HotDog-VERTEX">
          <input semantic="POSITION" source="#HotDog-POSITION"/>
        </vertices>
        <triangles count="1708" material="HotDog"><input semantic="VERTEX" offset="0" source="#HotDog-VERTEX"/><input semantic="NORMAL" offset="1" source="#HotDog-Normal0"/><input semantic="TEXCOORD" offset="2" set="0" source="#HotDog-UV0"/><p> 0 0 0 3 1 2 21 2 3 3 3 2 0 4 0 2 5 1 95 6 5 44 7 6 0 8 4 0 9 4 44 10 6 1 11 7 21 12 9 100 13 8 95 14 5 95 15 5 0 16 4 21 17 9 0 18 0 1 19 10 2 20 1 2 21 1 1 22 10 11 23 11 1 24 10 39 25 13 11 26 11 11 27 11 39 28 13 10 29 12 3 30 2 2 31 1 4 32 14 4 33 14 2 34 1 5 35 15 2 36 1 11 37 11 5 38 15 5 39 15 11 40 11 16 41 16 25 42 17 3 43 18 7 44 19 3 45 18 25 46 17 21 47 9 3 48 2 8 49 21 7 50 20 8 51 21 3 52 2 4 53 14 9 54 23 4 55 14 6 56 22 4 57 14 9 58 23 8 59 21 4 60 14 5 61 15 6 62 22 6 63 22 5 64 15 17 65 24 7 66 20 51 67 27 28 68 25 28 69 25 25 70 26 7 71 20 51 72 27 8 73 21 49 74 28 8 75 21 51 76 27 7 77 20 9 78 23 18 79 29 24 80 30 18 81 29 9 82 23 6 83 22 9 84 23 49 85 28 8 86 21 49 87 28 9 88 23 24 89 30 16 90 16 11 91 11 10 92 12 16 93 16 10 94 12 41 95 31 15 96 35 13 97 33 14 98 34 13 99 33 15 100 35 12 101 32 12 102 38 93 103 39 62 104 36 12 105 38 62 106 36 63 107 37 94 108 41 93 109 39 15 110 40 15 111 40 93 112 39 12 113 38 12 114 32 63 115 42 13 116 33 13 117 33 63 118 42 37 119 43 19 120 45 15 121 35 20 122 44 20 123 44 15 124 35 14 125 34 98 126 47 14 127 34 13 128 33 98 129 47 13 130 33 43 131 46 14 132 48 99 133 50 20 134 51 99 135 50 14 136 48 98 137 49 19 138 53 64 139 52 94 140 41 19 141 53 94 142 41 15 143 40 5 144 15 16 145 16 17 146 24 17 147 24 16 148 16 45 149 54 45 150 54 16 151 16 41 152 31 45 153 54 41 154 31 653 155 55 6 156 22 17 157 24 18 158 29 18 159 29 17 160 24 47 161 56 47 162 56 17 163 24 45 164 54 47 165 56 45 166 54 46 167 57 66 168 59 18 169 29 47 170 56 66 171 59 47 172 56 97 173 58 48 174 61 64 175 52 23 176 60 23 177 60 64 178 52 19 179 53 23 180 63 19 181 45 22 182 62 22 183 62 19 184 45 20 185 44 20 186 51 68 187 64 22 188 65 68 189 64 20 190 51 99 191 50 100 192 8 25 193 17 65 194 66 25 195 17 100 196 8 21 197 9 26 198 67 27 199 68 23 200 63 23 201 63 22 202 62 26 203 67 49 204 28 67 205 70 50 206 69 67 207 70 49 208 28 24 209 30 67 210 70 24 211 30 18 212 29 67 213 70 18 214 29 66 215 59 69 216 72 22 217 65 68 218 64 22 219 65 69 220 72 26 221 71 52 222 74 23 223 60 27 224 73 23 225 60 52 226 74 48 227 61 70 228 78 27 229 75 26 230 76 26 231 76 132 232 77 70 233 78 54 234 80 51 235 27 53 236 79 51 237 27 54 238 80 28 239 25 65 240 66 28 241 81 101 242 82 28 243 81 65 244 66 25 245 17 74 246 85 28 247 83 54 248 84 28 249 83 74 250 85 101 251 86 31 252 89 33 253 90 30 254 88 30 255 88 33 256 90 29 257 87 40 258 92 30 259 88 29 260 87 40 261 92 29 262 87 58 263 91 29 264 87 33 265 90 56 266 93 29 267 87 56 268 93 57 269 94 39 270 13 31 271 89 10 272 12 10 273 12 31 274 89 30 275 88 41 276 31 10 277 12 30 278 88 41 279 31 30 280 88 40 281 92 33 282 90 32 283 95 55 284 96 33 285 90 55 286 96 56 287 93 31 288 89 34 289 97 32 290 95 31 291 89 32 292 95 33 293 90 42 294 99 34 295 100 39 296 98 39 297 98 34 298 100 31 299 101 34 300 100 88 301 102 32 302 103 88 303 102 34 304 100 92 305 104 38 306 107 37 307 43 35 308 105 35 309 105 36 310 106 38 311 107 35 312 105 60 313 108 36 314 106 36 315 106 60 316 108 86 317 109 36 318 106 88 319 110 92 320 111 88 321 110 36 322 106 86 323 109 43 324 46 13 325 33 37 326 43 37 327 43 38 328 107 43 329 46 63 330 42 61 331 112 37 332 43 37 333 43 61 334 112 35 335 105 91 336 113 38 337 107 36 338 106 91 339 113 36 340 106 92 341 111 44 342 6 42 343 99 1 344 7 1 345 7 42 346 99 39 347 98 40 348 92 58 349 91 90 350 115 90 351 115 58 352 91 89 353 114 653 354 55 41 355 31 40 356 92 653 357 55 40 358 92 90 359 115 92 360 104 42 361 99 91 362 116 42 363 99 92 364 104 34 365 100 655 366 117 43 367 46 38 368 107 38 369 107 91 370 113 655 371 117 98 372 47 43 373 46 124 374 118 124 375 118 43 376 46 655 377 117 655 378 119 91 379 116 44 380 6 91 381 116 42 382 99 44 383 6 124 384 120 44 385 6 95 386 5 44 387 6 124 388 120 655 389 119 96 390 123 46 391 57 122 392 121 96 393 123 122 394 121 123 395 122 45 396 54 653 397 55 46 398 57 46 399 57 653 400 55 122 401 121 97 402 58 47 403 56 46 404 57 97 405 58 46 406 57 96 407 123 51 408 27 50 409 69 53 410 79 50 411 69 51 412 27 49 413 28 53 414 79 177 415 125 102 416 124 177 417 125 53 418 79 50 419 69 67 420 70 177 421 125 50 422 69 177 423 125 67 424 70 175 425 126 52 426 127 70 427 78 136 428 128 70 429 78 52 430 127 27 431 75 135 432 130 134 433 129 52 434 74 134 435 129 48 436 61 52 437 74 106 438 132 54 439 84 53 440 133 106 441 132 53 442 133 102 443 131 106 444 132 105 445 134 74 446 85 74 447 85 54 448 84 106 449 132 32 450 103 88 451 102 118 452 135 32 453 103 118 454 135 55 455 136 55 456 96 85 457 137 56 458 93 56 459 93 85 460 137 75 461 138 29 462 87 57 463 94 58 464 91 58 465 91 57 466 94 82 467 139 57 468 94 56 469 93 75 470 138 57 471 94 75 472 138 77 473 140 82 474 139 57 475 94 77 476 140 82 477 139 77 478 140 81 479 141 59 480 143 80 481 144 60 482 108 60 483 108 80 484 144 79 485 142 35 486 105 61 487 112 59 488 143 59 489 143 60 490 108 35 491 105 62 492 36 121 493 146 63 494 37 63 495 37 121 496 146 61 497 145 61 498 145 121 499 146 87 500 147 61 501 145 87 502 147 59 503 148 134 504 129 156 505 149 48 506 61 48 507 61 156 508 149 64 509 52 65 510 152 128 511 150 100 512 151 128 513 150 65 514 152 72 515 153 131 516 156 65 517 154 101 518 155 65 519 154 131 520 156 72 521 157 175 522 160 67 523 161 66 524 158 175 525 160 66 526 158 663 527 159 663 528 159 66 529 158 97 530 162 663 531 159 97 532 162 656 533 163 68 534 166 129 535 164 69 536 165 129 537 164 68 538 166 127 539 167 26 540 67 69 541 165 132 542 168 132 543 168 69 544 165 129 545 164 71 546 170 128 547 150 72 548 153 71 549 170 72 550 153 73 551 169 71 552 170 73 553 169 103 554 172 103 555 172 73 556 169 104 557 171 130 558 174 71 559 175 133 560 173 133 561 173 71 562 175 103 563 176 72 564 153 181 565 177 73 566 169 181 567 177 72 568 153 131 569 178 74 570 181 105 571 182 131 572 179 131 573 179 101 574 180 74 575 181 75 576 138 76 577 183 77 578 140 76 579 183 75 580 138 110 581 184 75 582 138 85 583 137 110 584 184 85 585 137 109 586 185 110 587 184 77 588 140 76 589 183 81 590 141 81 591 141 76 592 183 149 593 186 110 594 184 111 595 188 76 596 183 111 597 188 110 598 184 108 599 187 149 600 186 76 601 183 168 602 189 76 603 183 111 604 188 168 605 189 80 606 144 78 607 190 79 608 142 78 609 190 80 610 144 115 611 191 79 612 142 84 613 192 83 614 193 84 615 192 79 616 142 78 617 190 115 618 191 113 619 195 78 620 190 113 621 195 115 622 191 112 623 194 78 624 190 114 625 196 84 626 192 114 627 196 78 628 190 113 629 195 60 630 108 83 631 193 86 632 109 83 633 193 60 634 108 79 635 142 87 636 147 151 637 198 59 638 148 59 639 148 151 640 198 80 641 197 80 642 197 171 643 199 115 644 200 171 645 199 80 646 197 151 647 198 116 648 202 81 649 141 149 650 186 116 651 202 149 652 186 150 653 201 89 654 114 58 655 91 82 656 139 89 657 114 82 658 139 119 659 203 119 660 203 82 661 139 81 662 141 119 663 203 81 664 141 116 665 202 88 666 110 86 667 109 118 668 204 86 669 109 83 670 193 118 671 204 118 672 204 83 673 193 84 674 192 118 675 204 84 676 192 117 677 205 117 678 205 114 679 196 148 680 206 114 681 196 117 682 205 84 683 192 118 684 135 117 685 208 55 686 136 55 687 136 117 688 208 85 689 207 202 690 209 225 691 210 87 692 147 87 693 147 225 694 210 151 695 198 90 696 115 89 697 114 120 698 211 120 699 211 89 700 114 654 701 212 654 702 212 89 703 114 119 704 203 654 705 212 119 706 203 152 707 213 122 708 121 653 709 55 90 710 115 122 711 121 90 712 115 120 713 211 94 714 41 154 715 214 155 716 215 94 717 41 155 718 215 93 719 39 93 720 39 155 721 215 173 722 216 93 723 39 173 724 216 62 725 36 156 726 149 154 727 214 64 728 52 64 729 52 154 730 214 94 731 41 656 732 163 97 733 162 96 734 217 656 735 163 96 736 217 174 737 218 125 738 219 99 739 220 98 740 47 98 741 47 124 742 118 125 743 219 68 744 166 99 745 220 127 746 167 99 747 220 125 748 219 127 749 167 126 750 221 95 751 222 100 752 151 100 753 151 128 754 150 126 755 221 139 756 224 103 757 172 138 758 223 103 759 172 104 760 171 138 761 223 133 762 226 103 763 172 157 764 225 157 765 225 103 766 172 139 767 224 180 768 230 140 769 227 138 770 228 180 771 230 138 772 228 104 773 229 180 774 231 104 775 171 181 776 177 104 777 171 73 778 169 181 779 177 106 780 132 184 781 233 105 782 134 184 783 233 106 784 132 159 785 232 159 786 232 106 787 132 102 788 131 159 789 232 102 790 131 178 791 234 110 792 184 109 793 185 108 794 187 109 795 185 107 796 235 108 797 187 108 798 187 146 799 236 111 800 188 146 801 236 108 802 187 161 803 237 108 804 187 107 805 235 161 806 237 107 807 235 162 808 238 161 809 237 85 810 207 148 811 239 109 812 240 148 813 239 85 814 207 117 815 208 109 816 240 170 817 241 107 818 242 170 819 241 109 820 240 148 821 239 112 822 194 145 823 243 113 824 195 145 825 243 112 826 194 169 827 244 113 828 195 144 829 245 114 830 196 144 831 245 113 832 195 145 833 243 115 834 200 147 835 246 112 836 247 147 837 246 115 838 200 171 839 199 172 840 249 116 841 202 150 842 201 172 843 249 150 844 201 201 845 248 152 846 213 119 847 203 116 848 202 152 849 213 116 850 202 172 851 249 62 852 36 173 853 216 203 854 250 62 855 36 203 856 250 121 857 146 121 858 146 203 859 250 202 860 209 121 861 146 202 862 209 87 863 147 123 864 122 122 865 121 120 866 211 123 867 122 120 868 211 153 869 251 96 870 217 123 871 252 174 872 218 174 873 218 123 874 252 658 875 253 124 876 118 126 877 221 125 878 219 126 879 221 124 880 118 95 881 222 127 882 167 125 883 219 130 884 254 125 885 219 126 886 221 130 887 254 129 888 164 127 889 167 130 890 254 129 891 164 130 892 254 133 893 226 128 894 150 130 895 254 126 896 221 130 897 254 128 898 150 71 899 170 133 900 226 132 901 168 129 902 164 132 903 168 133 904 226 157 905 225 105 906 182 184 907 255 230 908 256 230 909 256 131 910 179 105 911 182 132 912 77 136 913 128 70 914 78 136 915 128 132 916 77 179 917 257 179 918 261 132 919 258 157 920 259 179 921 261 157 922 259 158 923 260 205 924 262 204 925 263 134 926 129 134 927 129 204 928 263 156 929 149 137 930 264 52 931 127 136 932 128 52 933 127 137 934 264 135 935 265 206 936 266 205 937 262 135 938 130 135 939 130 205 940 262 134 941 129 207 942 268 136 943 128 855 944 267 136 945 128 207 946 268 137 947 264 206 948 269 135 949 265 137 950 264 206 951 269 137 952 264 207 953 268 138 954 228 141 955 270 139 956 271 141 957 270 138 958 228 140 959 227 239 960 273 140 961 227 183 962 272 140 963 227 180 964 230 183 965 272 141 966 270 140 967 227 185 968 274 185 969 274 140 970 227 239 971 273 158 972 276 157 973 275 139 974 271 158 975 276 139 976 271 141 977 270 158 978 276 141 979 270 208 980 277 208 981 277 141 982 270 185 983 274 145 984 243 143 985 279 144 986 245 143 987 279 145 988 243 142 989 278 145 990 243 169 991 244 142 992 278 169 993 244 198 994 280 142 995 278 143 996 279 142 997 278 192 998 282 142 999 278 193 1000 281 192 1001 282 144 1002 245 148 1003 206 114 1004 196 148 1005 206 144 1006 245 170 1007 283 143 1008 279 170 1009 283 144 1010 245 170 1011 283 143 1012 279 221 1013 284 111 1014 188 165 1015 285 168 1016 189 165 1017 285 111 1018 188 146 1019 236 147 1020 246 169 1021 286 112 1022 247 169 1023 286 147 1024 246 199 1025 287 266 1026 289 199 1027 287 147 1028 246 199 1029 287 266 1030 289 300 1031 288 149 1032 186 167 1033 290 150 1034 201 167 1035 290 149 1036 186 168 1037 189 151 1038 198 224 1039 291 171 1040 199 224 1041 291 151 1042 198 225 1043 210 657 1044 293 654 1045 212 152 1046 213 657 1047 293 152 1048 213 661 1049 292 120 1050 211 654 1051 212 153 1052 251 153 1053 251 654 1054 212 657 1055 293 658 1056 253 123 1057 252 153 1058 294 658 1059 253 153 1060 294 662 1061 295 204 1062 263 229 1063 296 156 1064 149 156 1065 149 229 1066 296 154 1067 214 154 1068 214 229 1069 296 226 1070 297 154 1071 214 226 1072 297 155 1073 215 236 1074 298 179 1075 299 158 1076 276 236 1077 298 158 1078 276 208 1079 277 162 1080 302 160 1081 300 161 1082 301 160 1083 300 162 1084 302 196 1085 303 196 1086 303 195 1087 305 160 1088 300 195 1089 305 196 1090 303 194 1091 304 161 1092 237 163 1093 306 146 1094 236 163 1095 306 161 1096 237 160 1097 307 107 1098 242 221 1099 308 162 1100 302 221 1101 308 107 1102 242 170 1103 241 221 1104 308 196 1105 303 162 1106 302 196 1107 303 221 1108 308 220 1109 309 146 1110 236 164 1111 310 165 1112 285 164 1113 310 146 1114 236 163 1115 306 163 1116 306 189 1117 311 164 1118 310 189 1119 311 163 1120 306 188 1121 312 163 1122 306 160 1123 307 188 1124 312 160 1125 307 195 1126 313 188 1127 312 168 1128 189 166 1129 314 167 1130 290 166 1131 314 168 1132 189 165 1133 285 166 1134 314 165 1135 285 197 1136 315 165 1137 285 164 1138 310 197 1139 315 201 1140 248 150 1141 201 167 1142 290 201 1143 248 167 1144 290 200 1145 316 200 1146 316 167 1147 290 223 1148 317 167 1149 290 166 1150 314 223 1151 317 171 1152 199 224 1153 291 147 1154 246 224 1155 291 266 1156 289 147 1157 246 152 1158 213 172 1159 249 661 1160 292 661 1161 292 172 1162 249 671 1163 318 226 1164 297 326 1165 319 155 1166 215 155 1167 215 326 1168 319 173 1169 216 173 1170 216 326 1171 319 267 1172 320 173 1173 216 267 1174 320 203 1175 250 228 1176 322 656 1177 163 174 1178 218 228 1179 322 174 1180 218 227 1181 321 227 1182 321 174 1183 218 658 1184 253 227 1185 321 658 1186 253 664 1187 323 175 1188 160 176 1189 324 177 1190 325 176 1191 324 175 1192 160 660 1193 326 175 1194 160 663 1195 159 660 1196 326 660 1197 326 663 1198 159 659 1199 327 178 1200 329 176 1201 324 238 1202 328 238 1203 328 176 1204 324 665 1205 330 665 1206 330 176 1207 324 660 1208 326 665 1209 330 660 1210 326 361 1211 331 102 1212 332 177 1213 325 178 1214 329 178 1215 329 177 1216 325 176 1217 324 159 1218 232 238 1219 334 237 1220 333 238 1221 334 159 1222 232 178 1223 234 271 1224 336 207 1225 268 855 1226 267 271 1227 336 855 1228 267 270 1229 335 302 1230 337 270 1231 338 236 1232 340 270 1233 338 855 1234 339 236 1235 340 183 1236 272 180 1237 230 182 1238 342 180 1239 230 181 1240 341 182 1241 342 182 1242 342 181 1243 341 131 1244 344 182 1245 342 131 1246 344 230 1247 343 234 1248 345 235 1249 346 182 1250 348 235 1251 346 183 1252 347 182 1253 348 231 1254 349 184 1255 233 159 1256 232 231 1257 349 159 1258 232 237 1259 333 239 1260 273 273 1261 351 185 1262 274 273 1263 351 239 1264 273 240 1265 350 195 1266 313 186 1267 352 188 1268 312 186 1269 352 195 1270 313 217 1271 353 217 1272 353 210 1273 355 186 1274 352 210 1275 355 217 1276 353 211 1277 354 187 1278 357 186 1279 352 212 1280 356 186 1281 352 210 1282 355 212 1283 356 189 1284 311 188 1285 312 187 1286 357 188 1287 312 186 1288 352 187 1289 357 257 1290 359 212 1291 356 256 1292 358 212 1293 356 257 1294 359 187 1295 357 260 1296 360 189 1297 311 257 1298 359 189 1299 311 187 1300 357 257 1301 359 197 1302 315 164 1303 310 260 1304 360 164 1305 310 189 1306 311 260 1307 360 193 1308 281 191 1309 362 192 1310 282 191 1311 362 193 1312 281 190 1313 361 190 1314 361 215 1315 364 191 1316 362 215 1317 364 190 1318 361 214 1319 363 192 1320 282 259 1321 365 220 1322 366 259 1323 365 192 1324 282 191 1325 362 191 1326 362 258 1327 367 259 1328 365 258 1329 367 191 1330 362 215 1331 364 221 1332 284 192 1333 282 220 1334 366 192 1335 282 221 1336 284 143 1337 279 198 1338 280 193 1339 281 142 1340 278 193 1341 281 198 1342 280 218 1343 368 218 1344 368 190 1345 361 193 1346 281 190 1347 361 218 1348 368 213 1349 369 195 1350 305 194 1351 304 217 1352 371 194 1353 304 216 1354 370 217 1355 371 196 1356 303 220 1357 309 194 1358 304 220 1359 309 259 1360 372 194 1361 304 259 1362 365 258 1363 367 194 1364 373 194 1365 373 258 1366 367 216 1367 374 166 1368 314 222 1369 375 223 1370 317 222 1371 375 166 1372 314 197 1373 315 222 1374 375 260 1375 360 261 1376 376 260 1377 360 222 1378 375 197 1379 315 199 1380 287 198 1381 377 169 1382 286 198 1383 377 199 1384 287 219 1385 378 265 1386 380 201 1387 248 200 1388 316 265 1389 380 200 1390 316 264 1391 379 200 1392 316 223 1393 317 264 1394 379 264 1395 379 223 1396 317 666 1397 381 172 1398 249 201 1399 248 671 1400 318 671 1401 318 201 1402 248 265 1403 380 267 1404 320 357 1405 382 203 1406 250 203 1407 250 357 1408 382 202 1409 209 357 1410 382 376 1411 383 202 1412 209 202 1413 209 376 1414 383 225 1415 210 204 1416 263 269 1417 385 268 1418 384 204 1419 263 268 1420 384 229 1421 296 205 1422 262 233 1423 386 269 1424 385 269 1425 385 204 1426 263 205 1427 262 206 1428 266 272 1429 387 233 1430 386 233 1431 386 205 1432 262 206 1433 266 206 1434 269 207 1435 268 272 1436 388 272 1437 388 207 1438 268 271 1439 336 208 1440 277 185 1441 274 273 1442 351 208 1443 277 273 1444 351 236 1445 298 247 1446 390 210 1447 355 211 1448 354 210 1449 355 247 1450 390 209 1451 389 212 1452 356 209 1453 389 246 1454 391 209 1455 389 212 1456 356 210 1457 355 209 1458 389 243 1459 392 242 1460 393 243 1461 392 209 1462 389 247 1463 390 246 1464 391 242 1465 393 244 1466 394 242 1467 393 246 1468 391 209 1469 389 213 1470 369 214 1471 363 190 1472 361 214 1473 363 213 1474 369 255 1475 395 215 1476 364 214 1477 363 251 1478 396 215 1479 364 251 1480 396 250 1481 397 215 1482 364 250 1483 397 258 1484 367 258 1485 367 250 1486 397 299 1487 398 216 1488 370 211 1489 400 217 1490 371 211 1491 400 216 1492 370 252 1493 399 219 1494 378 218 1495 401 198 1496 377 218 1497 401 219 1498 378 263 1499 402 263 1500 402 213 1501 404 218 1502 401 213 1503 404 263 1504 402 262 1505 403 300 1506 288 219 1507 378 199 1508 287 219 1509 378 300 1510 288 322 1511 405 322 1512 405 263 1513 402 219 1514 378 263 1515 402 322 1516 405 321 1517 406 666 1518 381 222 1519 375 670 1520 407 222 1521 375 666 1522 381 223 1523 317 376 1524 383 854 1525 408 225 1526 210 225 1527 210 854 1528 408 224 1529 291 229 1530 296 268 1531 384 328 1532 409 229 1533 296 328 1534 409 226 1535 297 226 1536 297 328 1537 409 327 1538 410 226 1539 297 327 1540 410 326 1541 319 228 1542 322 227 1543 321 673 1544 411 673 1545 411 227 1546 321 692 1547 412 692 1548 412 227 1549 321 664 1550 323 692 1551 412 664 1552 323 679 1553 413 659 1554 327 228 1555 322 362 1556 414 362 1557 414 228 1558 322 673 1559 411 659 1560 327 663 1561 159 656 1562 163 659 1563 327 656 1564 163 228 1565 322 232 1566 416 184 1567 255 231 1568 415 184 1569 255 232 1570 416 230 1571 256 234 1572 417 182 1573 342 230 1574 343 234 1575 417 230 1576 343 232 1577 418 334 1578 420 237 1579 333 333 1580 419 237 1581 333 334 1582 420 231 1583 349 669 1584 424 231 1585 422 334 1586 423 231 1587 422 669 1588 424 232 1589 421 233 1590 386 330 1591 426 329 1592 425 329 1593 425 269 1594 385 233 1595 386 234 1596 417 232 1597 418 668 1598 428 668 1599 428 232 1600 418 669 1601 427 240 1602 350 239 1603 273 183 1604 272 240 1605 350 183 1606 272 235 1607 429 240 1608 350 366 1609 431 335 1610 430 366 1611 431 240 1612 350 235 1613 429 366 1614 433 234 1615 345 668 1616 432 234 1617 345 366 1618 433 235 1619 346 333 1620 419 237 1621 333 303 1622 434 237 1623 333 238 1624 334 303 1625 434 243 1626 392 241 1627 435 242 1628 393 241 1629 435 243 1630 392 283 1631 436 244 1632 394 242 1633 393 245 1634 437 242 1635 393 241 1636 435 245 1637 437 241 1638 435 285 1639 438 245 1640 437 285 1641 438 241 1642 435 276 1643 439 253 1644 442 243 1645 440 247 1646 441 243 1647 440 253 1648 442 294 1649 443 294 1650 445 283 1651 436 243 1652 392 283 1653 436 294 1654 445 284 1655 444 244 1656 394 245 1657 437 292 1658 447 292 1659 447 245 1660 437 287 1661 446 256 1662 358 246 1663 391 318 1664 448 246 1665 391 256 1666 358 212 1667 356 318 1668 448 244 1669 394 292 1670 447 244 1671 394 318 1672 448 246 1673 391 252 1674 399 247 1675 441 211 1676 400 247 1677 441 252 1678 399 253 1679 442 250 1680 397 251 1681 396 248 1682 449 250 1683 397 248 1684 449 249 1685 450 254 1686 451 293 1687 452 251 1688 396 251 1689 396 293 1690 452 248 1691 449 248 1692 449 293 1693 452 289 1694 453 248 1695 449 289 1696 453 290 1697 454 249 1698 450 248 1699 449 290 1700 454 249 1701 450 290 1702 454 291 1703 455 299 1704 398 250 1705 397 249 1706 450 299 1707 398 249 1708 450 316 1709 456 214 1710 363 255 1711 395 254 1712 451 214 1713 363 254 1714 451 251 1715 396 258 1716 367 299 1717 398 216 1718 374 216 1719 374 299 1720 398 252 1721 457 252 1722 457 299 1723 398 316 1724 456 252 1725 457 316 1726 456 253 1727 458 316 1728 456 294 1729 445 253 1730 458 294 1731 445 316 1732 456 314 1733 459 254 1734 462 297 1735 463 320 1736 460 254 1737 462 320 1738 460 293 1739 461 262 1740 403 255 1741 464 213 1742 404 255 1743 464 262 1744 403 298 1745 465 298 1746 465 254 1747 462 255 1748 464 254 1749 462 298 1750 465 297 1751 463 261 1752 376 257 1753 359 296 1754 466 257 1755 359 261 1756 376 260 1757 360 296 1758 466 256 1759 358 295 1760 467 256 1761 358 296 1762 466 257 1763 359 670 1764 407 222 1765 375 678 1766 468 222 1767 375 261 1768 376 678 1769 468 353 1770 470 298 1771 465 262 1772 403 298 1773 465 353 1774 470 350 1775 469 321 1776 406 262 1777 403 263 1778 402 262 1779 403 321 1780 406 353 1781 470 265 1782 472 264 1783 473 373 1784 471 373 1785 471 264 1786 473 374 1787 474 355 1788 475 671 1789 476 265 1790 472 355 1791 475 265 1792 472 373 1793 471 224 1794 291 854 1795 408 266 1796 289 854 1797 408 354 1798 477 266 1799 289 329 1800 425 360 1801 478 269 1802 385 269 1803 385 360 1804 478 268 1805 384 268 1806 384 360 1807 478 359 1808 479 268 1809 384 359 1810 479 328 1811 409 271 1812 336 301 1813 480 331 1814 481 301 1815 480 271 1816 336 270 1817 335 272 1818 387 332 1819 482 330 1820 426 330 1821 426 233 1822 386 272 1823 387 272 1824 388 331 1825 481 332 1826 483 331 1827 481 272 1828 388 271 1829 336 236 1830 298 273 1831 351 302 1832 484 302 1833 484 273 1834 351 367 1835 485 367 1836 485 273 1837 351 240 1838 350 367 1839 485 240 1840 350 335 1841 430 277 1842 488 275 1843 487 276 1844 439 275 1845 487 277 1846 488 274 1847 486 275 1848 487 274 1849 486 305 1850 490 274 1851 486 304 1852 489 305 1853 490 285 1854 438 276 1855 439 306 1856 491 276 1857 439 275 1858 487 306 1859 491 283 1860 436 276 1861 439 241 1862 435 276 1863 439 283 1864 436 277 1865 488 282 1866 493 274 1867 486 277 1868 488 274 1869 486 282 1870 493 308 1871 492 280 1872 496 281 1873 497 278 1874 494 280 1875 496 278 1876 494 279 1877 495 288 1878 498 311 1879 499 281 1880 497 281 1881 497 311 1882 499 278 1883 494 278 1884 494 341 1885 501 279 1886 495 279 1887 495 341 1888 501 310 1889 500 311 1890 499 345 1891 502 278 1892 494 278 1893 494 345 1894 502 341 1895 501 280 1896 496 279 1897 495 313 1898 503 313 1899 503 279 1900 495 312 1901 504 291 1902 455 290 1903 454 281 1904 497 291 1905 455 281 1906 497 280 1907 496 290 1908 454 289 1909 453 288 1910 498 290 1911 454 288 1912 498 281 1913 497 284 1914 444 277 1915 488 283 1916 436 277 1917 488 284 1918 444 282 1919 493 282 1920 493 312 1921 504 307 1922 505 282 1923 493 307 1924 505 308 1925 492 284 1926 444 313 1927 503 312 1928 504 284 1929 444 312 1930 504 282 1931 493 314 1932 459 284 1933 444 294 1934 445 284 1935 444 314 1936 459 313 1937 503 287 1938 446 285 1939 438 286 1940 506 285 1941 438 287 1942 446 245 1943 437 285 1944 438 309 1945 507 286 1946 506 309 1947 507 285 1948 438 306 1949 491 677 1950 509 286 1951 506 347 1952 508 286 1953 506 677 1954 509 287 1955 446 315 1956 510 292 1957 447 677 1958 509 292 1959 447 287 1960 446 677 1961 509 289 1962 513 319 1963 514 348 1964 511 289 1965 513 348 1966 511 288 1967 512 291 1968 455 280 1969 496 314 1970 459 314 1971 459 280 1972 496 313 1973 503 316 1974 456 249 1975 450 291 1976 455 316 1977 456 291 1978 455 314 1979 459 318 1980 448 315 1981 510 317 1982 515 315 1983 510 318 1984 448 292 1985 447 293 1986 461 320 1987 460 319 1988 514 293 1989 461 319 1990 514 289 1991 513 295 1992 467 318 1993 448 317 1994 515 318 1995 448 295 1996 467 256 1997 358 296 1998 466 351 1999 516 352 2000 517 351 2001 516 296 2002 466 295 2003 467 261 2004 376 352 2005 517 678 2006 468 352 2007 517 261 2008 376 296 2009 466 298 2010 465 350 2011 469 349 2012 518 298 2013 465 349 2014 518 297 2015 463 297 2016 463 349 2017 518 370 2018 519 297 2019 463 370 2020 519 320 2021 460 354 2022 477 300 2023 288 266 2024 289 300 2025 288 354 2026 477 371 2027 520 302 2028 521 680 2029 522 301 2030 523 302 2031 521 301 2032 523 270 2033 524 365 2034 526 364 2035 527 301 2036 525 331 2037 528 301 2038 525 364 2039 527 302 2040 521 400 2041 529 680 2042 522 400 2043 529 302 2044 521 367 2045 530 333 2046 532 674 2047 534 383 2048 531 674 2049 534 333 2050 532 303 2051 533 303 2052 533 238 2053 328 665 2054 330 665 2055 330 674 2056 534 303 2057 533 336 2058 535 274 2059 486 308 2060 492 274 2061 486 336 2062 535 304 2063 489 306 2064 491 275 2065 487 675 2066 536 275 2067 487 305 2068 490 675 2069 536 337 2070 537 305 2071 490 304 2072 489 305 2073 490 337 2074 537 338 2075 538 309 2076 507 306 2077 491 676 2078 539 306 2079 491 675 2080 536 676 2081 539 342 2082 540 308 2083 492 307 2084 505 308 2085 492 342 2086 540 336 2087 535 347 2088 508 309 2089 507 404 2090 541 309 2091 507 347 2092 508 286 2093 506 309 2094 507 676 2095 539 404 2096 541 688 2097 542 404 2098 541 676 2099 539 279 2100 495 310 2101 500 312 2102 504 312 2103 504 310 2104 500 307 2105 505 310 2106 500 341 2107 501 340 2108 543 340 2109 543 339 2110 544 310 2111 500 307 2112 505 310 2113 500 339 2114 544 307 2115 505 339 2116 544 342 2117 540 311 2118 547 346 2119 548 344 2120 545 311 2121 547 344 2122 545 345 2123 546 288 2124 512 348 2125 511 346 2126 548 288 2127 512 346 2128 548 311 2129 547 682 2130 549 317 2131 550 689 2132 552 317 2133 550 315 2134 551 689 2135 552 351 2136 516 295 2137 467 682 2138 553 295 2139 467 317 2140 515 682 2141 553 320 2142 460 370 2143 519 369 2144 554 320 2145 460 369 2146 554 319 2147 514 371 2148 520 322 2149 405 300 2150 288 322 2151 405 371 2152 520 372 2153 555 322 2154 405 372 2155 555 321 2156 406 372 2157 555 391 2158 556 321 2159 406 324 2160 559 323 2161 557 355 2162 475 324 2163 559 355 2164 475 356 2165 558 325 2166 562 657 2167 560 661 2168 561 325 2169 562 661 2170 561 323 2171 557 323 2172 557 661 2173 561 671 2174 476 323 2175 557 671 2176 476 355 2177 475 672 2178 563 325 2179 562 323 2180 557 672 2181 563 323 2182 557 324 2183 559 356 2184 558 690 2185 565 324 2186 559 690 2187 565 356 2188 558 702 2189 564 326 2190 319 327 2191 410 358 2192 566 326 2193 319 358 2194 566 267 2195 320 327 2196 410 378 2197 568 395 2198 567 327 2199 410 395 2200 567 358 2201 566 359 2202 479 378 2203 568 328 2204 409 328 2205 409 378 2206 568 327 2207 410 382 2208 571 329 2209 569 330 2210 570 329 2211 569 382 2212 571 397 2213 572 397 2214 572 360 2215 574 329 2216 569 360 2217 574 397 2218 572 396 2219 573 382 2220 571 330 2221 570 332 2222 575 332 2223 575 384 2224 576 382 2225 571 331 2226 481 384 2227 577 332 2228 483 331 2229 481 364 2230 578 384 2231 577 334 2232 423 380 2233 580 669 2234 424 380 2235 580 334 2236 423 381 2237 579 381 2238 579 334 2239 423 333 2240 581 333 2241 581 383 2242 582 381 2243 579 335 2244 583 400 2245 529 367 2246 530 400 2247 529 335 2248 583 398 2249 584 389 2250 585 304 2251 489 336 2252 535 304 2253 489 389 2254 585 337 2255 537 697 2256 589 338 2257 586 385 2258 588 338 2259 586 337 2260 587 385 2261 588 305 2262 490 681 2263 590 675 2264 536 681 2265 590 305 2266 490 338 2267 538 339 2268 544 340 2269 543 386 2270 591 386 2271 591 387 2272 592 339 2273 544 341 2274 501 345 2275 502 343 2276 593 343 2277 593 340 2278 543 341 2279 501 339 2280 544 388 2281 594 342 2282 540 388 2283 594 339 2284 544 387 2285 592 336 2286 598 342 2287 595 388 2288 596 336 2289 598 388 2290 596 389 2291 597 344 2292 545 368 2293 599 345 2294 546 368 2295 599 343 2296 600 345 2297 546 343 2298 603 401 2299 604 340 2300 602 340 2301 602 401 2302 604 386 2303 601 390 2304 605 403 2305 606 348 2306 511 348 2307 511 403 2308 606 346 2309 548 346 2310 548 403 2311 606 402 2312 607 346 2313 548 402 2314 607 344 2315 545 406 2316 611 404 2317 609 405 2318 610 404 2319 609 406 2320 611 347 2321 608 369 2322 554 390 2323 605 319 2324 514 319 2325 514 390 2326 605 348 2327 511 451 2328 613 350 2329 469 407 2330 612 350 2331 469 451 2332 613 349 2333 518 699 2334 616 351 2335 614 698 2336 615 351 2337 614 682 2338 549 698 2339 615 352 2340 618 699 2341 616 700 2342 617 699 2343 616 352 2344 618 351 2345 614 391 2346 556 353 2347 470 321 2348 406 353 2349 470 391 2350 556 408 2351 619 353 2352 470 408 2353 619 350 2354 469 408 2355 619 407 2356 612 350 2357 469 452 2358 621 371 2359 520 354 2360 477 371 2361 520 452 2362 621 410 2363 620 356 2364 558 355 2365 475 373 2366 471 356 2367 558 373 2368 471 375 2369 622 358 2370 566 377 2371 623 267 2372 320 267 2373 320 377 2374 623 357 2375 382 395 2376 567 411 2377 624 358 2378 566 358 2379 566 411 2380 624 377 2381 623 360 2382 478 396 2383 625 412 2384 626 360 2385 478 412 2386 626 359 2387 479 412 2388 626 440 2389 627 359 2390 479 359 2391 479 440 2392 627 378 2393 568 361 2394 331 362 2395 414 363 2396 628 363 2397 628 362 2398 414 379 2399 629 660 2400 326 659 2401 327 361 2402 331 361 2403 331 659 2404 327 362 2405 414 379 2406 629 362 2407 414 673 2408 411 379 2409 629 673 2410 411 685 2411 630 363 2412 628 383 2413 531 674 2414 534 383 2415 531 363 2416 628 428 2417 631 674 2418 534 665 2419 330 361 2420 331 361 2421 331 363 2422 628 674 2423 534 364 2424 527 427 2425 633 384 2426 634 427 2427 633 364 2428 527 420 2429 632 421 2430 635 420 2431 632 365 2432 526 364 2433 527 365 2434 526 420 2435 632 365 2436 637 301 2437 523 680 2438 522 680 2439 522 423 2440 636 365 2441 637 335 2442 640 366 2443 433 398 2444 639 366 2445 433 399 2446 638 398 2447 639 668 2448 432 686 2449 641 399 2450 638 399 2451 638 366 2452 433 668 2453 432 401 2454 642 343 2455 600 368 2456 599 401 2457 642 368 2458 599 445 2459 643 402 2460 607 368 2461 599 344 2462 545 368 2463 599 402 2464 607 461 2465 644 449 2466 646 370 2467 519 434 2468 645 370 2469 519 449 2470 646 369 2471 554 349 2472 518 451 2473 613 434 2474 645 349 2475 518 434 2476 645 370 2477 519 410 2478 620 372 2479 555 371 2480 520 372 2481 555 410 2482 620 409 2483 647 375 2484 622 373 2485 471 394 2486 648 373 2487 471 374 2488 474 394 2489 648 394 2490 648 374 2491 474 393 2492 650 374 2493 474 392 2494 649 393 2495 650 374 2496 474 666 2497 651 392 2498 649 666 2499 651 374 2500 474 264 2501 473 702 2502 564 356 2503 558 726 2504 652 356 2505 558 375 2506 622 726 2507 652 377 2508 623 436 2509 653 357 2510 382 357 2511 382 436 2512 653 376 2513 383 440 2514 627 439 2515 654 378 2516 568 378 2517 568 439 2518 654 395 2519 567 379 2520 629 428 2521 631 363 2522 628 428 2523 631 379 2524 629 695 2525 655 380 2526 580 419 2527 658 686 2528 657 686 2529 657 419 2530 658 414 2531 656 380 2532 580 426 2533 659 419 2534 658 426 2535 659 380 2536 580 381 2537 579 382 2538 571 384 2539 576 427 2540 660 427 2541 660 397 2542 572 382 2543 571 381 2544 579 383 2545 582 426 2546 659 383 2547 582 428 2548 661 426 2549 659 385 2550 588 337 2551 587 696 2552 663 337 2553 587 389 2554 662 696 2555 663 385 2556 588 518 2557 664 731 2558 665 518 2559 664 385 2560 588 696 2561 663 719 2562 666 697 2563 589 731 2564 665 697 2565 589 385 2566 588 731 2567 665 387 2568 669 429 2569 667 430 2570 668 429 2571 667 387 2572 669 386 2573 601 388 2574 671 430 2575 668 459 2576 670 430 2577 668 388 2578 671 387 2579 669 388 2580 671 696 2581 663 389 2582 662 696 2583 663 388 2584 671 459 2585 670 448 2586 672 369 2587 554 449 2588 646 369 2589 554 448 2590 672 390 2591 605 372 2592 555 409 2593 647 391 2594 556 409 2595 647 484 2596 673 391 2597 556 391 2598 556 484 2599 673 408 2600 619 484 2601 673 483 2602 674 408 2603 619 392 2604 649 701 2605 675 393 2606 650 701 2607 675 392 2608 649 683 2609 676 725 2610 678 394 2611 648 724 2612 677 394 2613 648 393 2614 650 724 2615 677 375 2616 622 725 2617 678 726 2618 652 725 2619 678 375 2620 622 394 2621 648 395 2622 567 439 2623 654 454 2624 679 395 2625 567 454 2626 679 411 2627 624 396 2628 573 444 2629 682 455 2630 680 396 2631 573 455 2632 680 412 2633 681 427 2634 660 444 2635 682 397 2636 572 444 2637 682 396 2638 573 397 2639 572 400 2640 529 398 2641 584 424 2642 684 398 2643 584 707 2644 683 424 2645 684 399 2646 686 707 2647 683 398 2648 584 707 2649 683 399 2650 686 694 2651 685 686 2652 641 414 2653 687 694 2654 688 686 2655 641 694 2656 688 399 2657 638 401 2658 604 429 2659 667 386 2660 601 429 2661 667 401 2662 604 457 2663 689 445 2664 691 457 2665 689 401 2666 604 457 2667 689 445 2668 691 460 2669 690 403 2670 606 447 2671 692 446 2672 693 403 2673 606 446 2674 693 402 2675 607 448 2676 672 447 2677 692 390 2678 605 390 2679 605 447 2680 692 403 2681 606 405 2682 610 688 2683 694 708 2684 695 688 2685 694 405 2686 610 404 2687 609 432 2688 696 431 2689 697 733 2690 698 431 2691 697 406 2692 611 733 2693 698 431 2694 697 677 2695 699 406 2696 611 677 2697 699 347 2698 608 406 2699 611 733 2700 698 406 2701 611 732 2702 700 406 2703 611 405 2704 610 732 2705 700 483 2706 674 407 2707 612 408 2708 619 407 2709 612 483 2710 674 450 2711 701 465 2712 703 484 2713 673 409 2714 647 484 2715 673 465 2716 703 486 2717 702 453 2718 704 410 2719 620 452 2720 621 410 2721 620 453 2722 704 509 2723 705 509 2724 705 409 2725 647 410 2726 620 409 2727 647 509 2728 705 465 2729 703 377 2730 623 411 2731 624 437 2732 706 377 2733 623 437 2734 706 436 2735 653 411 2736 624 454 2737 679 466 2738 707 411 2739 624 466 2740 707 437 2741 706 413 2742 710 715 2743 708 693 2744 709 715 2745 708 413 2746 710 713 2747 711 415 2748 712 414 2749 656 419 2750 658 414 2751 656 415 2752 712 413 2753 713 414 2754 656 693 2755 714 694 2756 685 693 2757 714 414 2758 656 413 2759 713 426 2760 659 718 2761 715 419 2762 658 419 2763 658 718 2764 715 415 2765 712 718 2766 715 474 2767 716 415 2768 712 415 2769 712 474 2770 716 473 2771 717 713 2772 718 413 2773 713 415 2774 712 415 2775 712 473 2776 717 713 2777 718 421 2778 722 418 2779 720 416 2780 721 418 2781 720 421 2782 722 417 2783 719 418 2784 720 442 2785 723 416 2786 721 416 2787 721 442 2788 723 441 2789 724 424 2790 684 417 2791 719 423 2792 636 417 2793 719 424 2794 684 425 2795 725 456 2796 726 418 2797 720 425 2798 725 417 2799 719 425 2800 725 418 2801 720 456 2802 726 442 2803 723 418 2804 720 442 2805 723 456 2806 726 712 2807 727 421 2808 635 422 2809 728 420 2810 632 422 2811 728 421 2812 635 416 2813 729 365 2814 637 417 2815 719 421 2816 722 417 2817 719 365 2818 637 423 2819 636 420 2820 632 444 2821 730 427 2822 633 444 2823 730 420 2824 632 422 2825 728 416 2826 729 717 2827 732 422 2828 728 717 2829 732 416 2830 729 441 2831 731 717 2832 734 444 2833 682 422 2834 733 444 2835 682 717 2836 734 455 2837 680 680 2838 522 400 2839 529 423 2840 636 400 2841 529 424 2842 684 423 2843 636 424 2844 684 707 2845 683 425 2846 725 707 2847 683 706 2848 735 425 2849 725 428 2850 661 718 2851 715 426 2852 659 718 2853 715 428 2854 661 695 2855 736 430 2856 668 747 2857 737 478 2858 738 747 2859 737 430 2860 668 429 2861 667 458 2862 739 459 2863 670 478 2864 738 459 2865 670 430 2866 668 478 2867 738 689 2868 552 432 2869 696 433 2870 740 432 2871 696 689 2872 552 431 2873 697 433 2874 740 750 2875 741 734 2876 742 750 2877 741 433 2878 740 432 2879 696 432 2880 696 763 2881 743 750 2882 741 763 2883 743 432 2884 696 733 2885 698 682 2886 549 433 2887 740 698 2888 615 433 2889 740 682 2890 549 689 2891 552 434 2892 645 464 2893 745 463 2894 744 434 2895 645 463 2896 744 449 2897 646 437 2898 706 438 2899 747 436 2900 653 436 2901 653 438 2902 747 435 2903 746 376 2904 383 436 2905 653 435 2906 746 376 2907 383 435 2908 746 854 2909 408 437 2910 706 466 2911 707 488 2912 748 437 2913 706 488 2914 748 438 2915 747 438 2916 747 453 2917 704 435 2918 746 435 2919 746 453 2920 704 452 2921 621 438 2922 747 488 2923 748 487 2924 749 438 2925 747 487 2926 749 453 2927 704 472 2928 752 498 2929 753 440 2930 751 440 2931 751 498 2932 753 439 2933 750 412 2934 681 455 2935 680 472 2936 752 412 2937 681 472 2938 752 440 2939 751 441 2940 731 730 2941 754 717 2942 732 730 2943 754 441 2944 731 443 2945 755 470 2946 757 441 2947 724 442 2948 723 441 2949 724 470 2950 757 443 2951 756 471 2952 758 443 2953 756 470 2954 757 443 2955 756 471 2956 758 729 2957 759 729 2958 761 730 2959 754 443 2960 755 730 2961 754 729 2962 761 517 2963 760 480 2964 762 445 2965 643 461 2966 644 445 2967 643 368 2968 599 461 2969 644 446 2970 693 462 2971 763 402 2972 607 461 2973 644 402 2974 607 462 2975 763 447 2976 692 481 2977 764 505 2978 765 447 2979 692 505 2980 765 446 2981 693 482 2982 766 449 2983 646 463 2984 744 449 2985 646 482 2986 766 448 2987 672 448 2988 672 482 2989 766 481 2990 764 448 2991 672 481 2992 764 447 2993 692 506 2994 767 407 2995 612 450 2996 701 407 2997 612 506 2998 767 451 2999 613 450 3000 701 508 3001 769 507 3002 768 450 3003 701 507 3004 768 506 3005 767 451 3006 613 506 3007 767 464 3008 745 451 3009 613 464 3010 745 434 3011 645 854 3012 408 435 3013 746 354 3014 477 435 3015 746 452 3016 621 354 3017 477 439 3018 750 498 3019 753 499 3020 770 439 3021 750 499 3022 770 454 3023 771 499 3024 770 539 3025 772 454 3026 771 454 3027 771 539 3028 772 466 3029 773 476 3030 776 456 3031 774 477 3032 775 456 3033 774 476 3034 776 712 3035 777 477 3036 779 456 3037 780 706 3038 778 706 3039 778 456 3040 780 425 3041 781 429 3042 667 457 3043 689 747 3044 737 457 3045 689 759 3046 782 747 3047 737 519 3048 784 458 3049 739 772 3050 783 458 3051 739 478 3052 738 772 3053 783 459 3054 670 458 3055 739 696 3056 663 518 3057 664 696 3058 663 458 3059 739 541 3060 786 460 3061 785 480 3062 762 460 3063 785 445 3064 643 480 3065 762 569 3066 787 771 3067 788 541 3068 789 771 3069 788 460 3070 690 541 3071 789 460 3072 690 759 3073 782 457 3074 689 759 3075 782 460 3076 690 771 3077 788 480 3078 762 462 3079 763 479 3080 790 480 3081 762 461 3082 644 462 3083 763 505 3084 765 479 3085 790 446 3086 693 446 3087 693 479 3088 790 462 3089 763 521 3090 792 464 3091 745 522 3092 791 464 3093 745 521 3094 792 463 3095 744 522 3096 791 506 3097 767 507 3098 768 506 3099 767 522 3100 791 464 3101 745 524 3102 794 486 3103 702 465 3104 703 486 3105 702 524 3106 794 523 3107 793 468 3108 795 467 3109 797 501 3110 798 467 3111 797 468 3112 795 469 3113 796 469 3114 802 516 3115 799 467 3116 801 516 3117 799 492 3118 800 467 3119 801 757 3120 803 467 3121 801 740 3122 805 467 3123 801 757 3124 803 501 3125 804 500 3126 807 714 3127 809 468 3128 806 714 3129 809 500 3130 807 476 3131 808 497 3132 810 500 3133 811 501 3134 798 500 3135 811 468 3136 795 501 3137 798 710 3138 812 469 3139 802 468 3140 806 710 3141 812 468 3142 806 714 3143 809 712 3144 727 711 3145 813 470 3146 757 712 3147 727 470 3148 757 442 3149 723 470 3150 814 745 3151 816 471 3152 817 745 3153 816 470 3154 814 711 3155 815 745 3156 820 741 3157 819 471 3158 758 741 3159 819 745 3160 820 496 3161 818 730 3162 821 517 3163 822 472 3164 752 472 3165 752 517 3166 822 498 3167 753 455 3168 680 717 3169 734 730 3170 821 455 3171 680 730 3172 821 472 3173 752 474 3174 716 746 3175 824 473 3176 717 473 3177 717 746 3178 824 475 3179 823 746 3180 824 504 3181 825 475 3182 823 475 3183 823 504 3184 825 516 3185 799 713 3186 718 473 3187 717 475 3188 823 475 3189 823 710 3190 812 713 3191 718 476 3192 808 500 3193 807 711 3194 813 476 3195 808 711 3196 813 712 3197 727 714 3198 827 477 3199 775 715 3200 826 477 3201 775 714 3202 827 476 3203 776 706 3204 778 715 3205 829 477 3206 779 715 3207 829 706 3208 778 693 3209 828 541 3210 786 479 3211 790 540 3212 830 479 3213 790 541 3214 786 480 3215 762 481 3216 764 543 3217 832 542 3218 831 542 3219 831 505 3220 765 481 3221 764 544 3222 833 463 3223 744 521 3224 792 463 3225 744 544 3226 833 482 3227 766 482 3228 766 544 3229 833 543 3230 832 482 3231 766 543 3232 832 481 3233 764 483 3234 674 485 3235 834 508 3236 769 483 3237 674 508 3238 769 450 3239 701 486 3240 702 483 3241 674 484 3242 673 483 3243 674 486 3244 702 485 3245 834 485 3246 834 545 3247 835 508 3248 769 545 3249 835 485 3250 834 546 3251 836 486 3252 702 523 3253 793 485 3254 834 523 3255 793 546 3256 836 485 3257 834 487 3258 749 525 3259 837 453 3260 704 453 3261 704 525 3262 837 509 3263 705 534 3264 840 782 3265 841 488 3266 839 488 3267 839 782 3268 841 487 3269 838 539 3270 772 534 3271 840 466 3272 773 466 3273 773 534 3274 840 488 3275 839 853 3276 845 491 3277 843 489 3278 844 491 3279 843 853 3280 845 490 3281 842 740 3282 805 489 3283 844 754 3284 846 740 3285 805 754 3286 846 757 3287 803 491 3288 843 490 3289 842 511 3290 848 490 3291 842 510 3292 847 511 3293 848 784 3294 849 490 3295 842 853 3296 845 490 3297 842 784 3298 849 785 3299 850 754 3300 851 489 3301 852 783 3302 854 489 3303 852 491 3304 853 783 3305 854 467 3306 801 492 3307 800 494 3308 855 467 3309 801 494 3310 855 740 3311 805 493 3312 856 538 3313 857 492 3314 800 492 3315 800 538 3316 857 494 3317 855 503 3318 858 744 3319 859 504 3320 825 504 3321 825 744 3322 859 493 3323 856 504 3324 825 493 3325 856 516 3326 799 516 3327 799 493 3328 856 492 3329 800 744 3330 859 743 3331 860 493 3332 856 493 3333 856 743 3334 860 538 3335 857 538 3336 857 784 3337 849 494 3338 855 494 3339 855 784 3340 849 853 3341 845 757 3342 803 495 3343 861 501 3344 804 497 3345 862 501 3346 804 495 3347 861 495 3348 864 745 3349 866 497 3350 863 745 3351 866 495 3352 864 496 3353 865 495 3354 861 537 3355 867 536 3356 868 495 3357 861 536 3358 868 496 3359 818 711 3360 815 497 3361 810 745 3362 816 497 3363 810 711 3364 815 500 3365 811 517 3366 822 512 3367 869 498 3368 753 498 3369 753 512 3370 869 499 3371 770 746 3372 824 502 3373 870 503 3374 858 746 3375 824 503 3376 858 504 3377 825 716 3378 873 685 3379 630 705 3380 871 716 3381 873 705 3382 871 502 3383 872 503 3384 876 704 3385 877 703 3386 874 503 3387 876 703 3388 874 744 3389 875 705 3390 871 704 3391 877 502 3392 872 502 3393 872 704 3394 877 503 3395 876 505 3396 765 542 3397 831 540 3398 830 540 3399 830 479 3400 790 505 3401 765 553 3402 878 508 3403 769 545 3404 835 508 3405 769 553 3406 878 507 3407 768 507 3408 768 553 3409 878 552 3410 879 507 3411 768 552 3412 879 522 3413 791 509 3414 705 524 3415 794 465 3416 703 524 3417 794 509 3418 705 525 3419 837 511 3420 848 510 3421 847 527 3422 881 510 3423 847 549 3424 880 527 3425 881 490 3426 842 785 3427 850 510 3428 847 785 3429 850 799 3430 882 510 3431 847 510 3432 847 799 3433 882 549 3434 880 799 3435 882 810 3436 883 549 3437 880 778 3438 885 511 3439 848 776 3440 884 511 3441 848 527 3442 881 776 3443 884 491 3444 843 778 3445 885 783 3446 886 778 3447 885 491 3448 843 511 3449 848 513 3450 888 514 3451 889 512 3452 887 512 3453 887 514 3454 889 515 3455 890 499 3456 770 512 3457 869 515 3458 891 499 3459 770 515 3460 891 539 3461 772 517 3462 760 729 3463 761 513 3464 888 517 3465 760 513 3466 888 512 3467 887 513 3468 894 741 3469 819 742 3470 892 513 3471 894 742 3472 892 514 3473 893 755 3474 895 514 3475 893 742 3476 892 514 3477 893 755 3478 895 756 3479 896 515 3480 890 514 3481 889 756 3482 897 515 3483 890 756 3484 897 786 3485 898 516 3486 799 710 3487 812 475 3488 823 710 3489 812 516 3490 799 469 3491 802 518 3492 664 519 3493 784 520 3494 899 519 3495 784 518 3496 664 458 3497 739 585 3498 901 519 3499 784 586 3500 900 519 3501 784 585 3502 901 520 3503 899 760 3504 902 731 3505 665 520 3506 899 731 3507 665 518 3508 664 520 3509 899 570 3510 904 521 3511 792 572 3512 903 521 3513 792 570 3514 904 544 3515 833 572 3516 903 522 3517 791 552 3518 879 522 3519 791 572 3520 903 521 3521 792 524 3522 908 564 3523 906 523 3524 907 564 3525 906 524 3526 908 563 3527 905 565 3528 910 563 3529 905 525 3530 909 525 3531 909 563 3532 905 524 3533 908 782 3534 841 565 3535 910 487 3536 838 487 3537 838 565 3538 910 525 3539 909 776 3540 884 527 3541 881 526 3542 912 527 3543 881 528 3544 911 526 3545 912 526 3546 912 562 3547 913 796 3548 914 562 3549 913 526 3550 912 795 3551 915 776 3552 884 796 3553 914 779 3554 916 796 3555 914 776 3556 884 526 3557 912 527 3558 881 549 3559 880 528 3560 911 549 3561 880 548 3562 917 528 3563 911 526 3564 912 528 3565 911 795 3566 915 528 3567 911 547 3568 918 795 3569 915 768 3570 922 530 3571 919 531 3572 920 768 3573 922 531 3574 920 529 3575 921 529 3576 921 531 3577 920 551 3578 923 529 3579 921 551 3580 923 550 3581 924 781 3582 927 768 3583 928 529 3584 925 781 3585 927 529 3586 925 780 3587 926 780 3588 930 529 3589 921 550 3590 924 780 3591 930 550 3592 924 798 3593 929 535 3594 933 532 3595 931 530 3596 919 532 3597 931 533 3598 932 530 3599 919 533 3600 932 531 3601 920 530 3602 919 531 3603 920 533 3604 932 779 3605 916 531 3606 920 779 3607 916 551 3608 923 779 3609 916 796 3610 914 551 3611 923 532 3612 931 536 3613 868 537 3614 867 536 3615 868 532 3616 931 535 3617 933 754 3618 851 532 3619 934 537 3620 935 532 3621 934 754 3622 851 783 3623 854 532 3624 931 783 3625 886 533 3626 932 783 3627 886 778 3628 885 533 3629 932 533 3630 932 778 3631 885 779 3632 916 778 3633 885 776 3634 884 779 3635 916 535 3636 933 742 3637 892 536 3638 868 742 3639 892 535 3640 933 755 3641 895 535 3642 933 768 3643 922 755 3644 895 768 3645 922 535 3646 933 530 3647 919 536 3648 868 741 3649 819 496 3650 818 741 3651 819 536 3652 868 742 3653 892 757 3654 803 754 3655 846 537 3656 867 757 3657 803 537 3658 867 495 3659 861 538 3660 857 743 3661 860 758 3662 936 538 3663 857 758 3664 936 784 3665 849 515 3666 891 786 3667 937 539 3668 772 539 3669 772 786 3670 937 534 3671 840 569 3672 939 540 3673 830 568 3674 938 540 3675 830 569 3676 939 541 3677 786 542 3678 831 588 3679 940 568 3680 938 568 3681 938 540 3682 830 542 3683 831 571 3684 941 588 3685 940 543 3686 832 543 3687 832 588 3688 940 542 3689 831 571 3690 941 544 3691 833 570 3692 904 544 3693 833 571 3694 941 543 3695 832 545 3696 942 593 3697 944 553 3698 945 593 3699 944 545 3700 942 577 3701 943 523 3702 907 578 3703 946 546 3704 947 578 3705 946 523 3706 907 564 3707 906 546 3708 947 577 3709 943 545 3710 942 577 3711 943 546 3712 947 578 3713 946 548 3714 917 547 3715 918 528 3716 911 547 3717 918 548 3718 917 560 3719 948 560 3720 948 558 3721 950 547 3722 918 558 3723 950 560 3724 948 559 3725 949 795 3726 915 547 3727 918 794 3728 951 547 3729 918 558 3730 950 794 3731 951 548 3732 917 811 3733 952 560 3734 948 811 3735 952 598 3736 953 560 3737 948 549 3738 880 810 3739 883 548 3740 917 810 3741 883 811 3742 952 548 3743 917 796 3744 914 561 3745 954 551 3746 923 561 3747 954 796 3748 914 562 3749 913 551 3750 923 561 3751 954 550 3752 924 550 3753 924 561 3754 954 807 3755 955 552 3756 958 827 3757 959 603 3758 956 552 3759 958 603 3760 956 572 3761 957 593 3762 944 827 3763 959 553 3764 945 553 3765 945 827 3766 959 552 3767 958 554 3768 960 555 3769 961 557 3770 963 555 3771 961 556 3772 962 557 3773 963 558 3774 950 554 3775 960 794 3776 951 554 3777 960 558 3778 950 555 3779 961 805 3780 964 794 3781 951 574 3782 965 794 3783 951 554 3784 960 574 3785 965 608 3786 968 556 3787 966 555 3788 967 556 3789 966 608 3790 968 591 3791 969 574 3792 965 554 3793 960 575 3794 970 554 3795 960 557 3796 963 575 3797 970 557 3798 963 828 3799 972 575 3800 970 575 3801 970 828 3802 972 590 3803 971 556 3804 974 828 3805 976 557 3806 973 828 3807 976 556 3808 974 592 3809 975 559 3810 949 555 3811 961 558 3812 950 555 3813 961 559 3814 949 608 3815 977 598 3816 953 559 3817 949 560 3818 948 559 3819 949 598 3820 953 610 3821 978 610 3822 978 608 3823 977 559 3824 949 608 3825 977 610 3826 978 609 3827 979 562 3828 913 579 3829 980 561 3830 954 579 3831 980 562 3832 913 805 3833 964 580 3834 981 564 3835 906 563 3836 905 564 3837 906 580 3838 981 600 3839 982 600 3840 982 578 3841 946 564 3842 906 578 3843 946 600 3844 982 599 3845 983 782 3846 841 566 3847 984 567 3848 985 782 3849 841 567 3850 985 565 3851 910 567 3852 985 580 3853 981 565 3854 910 565 3855 910 580 3856 981 563 3857 905 781 3858 927 780 3859 926 566 3860 986 566 3861 986 780 3862 926 567 3863 987 613 3864 990 611 3865 991 588 3866 989 588 3867 989 611 3868 991 568 3869 988 569 3870 787 582 3871 992 771 3872 788 569 3873 787 612 3874 993 582 3875 992 611 3876 991 612 3877 995 568 3878 988 568 3879 988 612 3880 995 569 3881 994 602 3882 998 614 3883 999 570 3884 997 570 3885 997 614 3886 999 571 3887 996 614 3888 999 613 3889 990 571 3890 996 571 3891 996 613 3892 990 588 3893 989 572 3894 957 603 3895 956 602 3896 998 572 3897 957 602 3898 998 570 3899 997 573 3900 1000 574 3901 965 576 3902 1001 574 3903 965 575 3904 970 576 3905 1001 579 3906 980 596 3907 1002 597 3908 1003 596 3909 1002 579 3910 980 573 3911 1000 579 3912 980 805 3913 964 573 3914 1000 805 3915 964 574 3916 965 573 3917 1000 573 3918 1000 816 3919 1004 596 3920 1002 816 3921 1004 573 3922 1000 576 3923 1001 576 3924 1001 575 3925 970 590 3926 971 576 3927 1001 590 3928 971 589 3929 1005 578 3930 946 599 3931 983 577 3932 943 599 3933 983 607 3934 1006 577 3935 943 807 3936 955 579 3937 980 597 3938 1003 579 3939 980 807 3940 955 561 3941 954 780 3942 926 798 3943 1008 567 3944 987 567 3945 987 798 3946 1008 580 3947 1007 747 3948 737 759 3949 782 787 3950 1010 759 3951 782 581 3952 1009 787 3953 1010 771 3954 788 581 3955 1009 759 3956 782 581 3957 1009 771 3958 788 582 3959 992 582 3960 992 583 3961 1011 581 3962 1009 582 3963 992 584 3964 1012 583 3965 1011 581 3966 1009 812 3967 1013 787 3968 1010 812 3969 1013 581 3970 1009 583 3971 1011 812 3972 1015 583 3973 1016 821 3974 1014 584 3975 1017 821 3976 1014 583 3977 1016 612 3978 993 839 3979 1018 584 3980 1012 612 3981 993 584 3982 1012 582 3983 992 585 3984 901 586 3985 900 601 3986 1020 586 3987 900 587 3988 1019 601 3989 1020 760 3990 902 520 3991 899 800 3992 1021 800 3993 1021 520 3994 899 585 3995 901 519 3996 784 801 3997 1022 586 3998 900 801 3999 1022 519 4000 784 772 4001 783 587 4002 1019 586 4003 900 801 4004 1022 587 4005 1019 801 4006 1022 822 4007 1023 847 4008 1025 587 4009 1019 822 4010 1023 847 4011 1025 822 4012 1023 836 4013 1024 601 4014 1020 587 4015 1019 849 4016 1026 849 4017 1026 587 4018 1019 847 4019 1025 589 4020 1005 590 4021 971 621 4022 1027 589 4023 1005 621 4024 1027 620 4025 1028 816 4026 1004 576 4027 1001 589 4028 1005 816 4029 1004 589 4030 1005 619 4031 1029 591 4032 1031 592 4033 1030 556 4034 962 592 4035 1030 591 4036 1031 604 4037 1032 608 4038 977 609 4039 979 591 4040 1031 609 4041 979 622 4042 1033 591 4043 1031 592 4044 1030 824 4045 1034 828 4046 972 824 4047 1034 592 4048 1030 605 4049 1035 607 4050 1006 593 4051 944 577 4052 943 593 4053 944 607 4054 1006 833 4055 1036 593 4056 944 833 4057 1036 827 4058 959 833 4059 1036 834 4060 1037 827 4061 959 596 4062 1002 817 4063 1038 594 4064 1039 817 4065 1038 596 4066 1002 816 4067 1004 607 4068 1043 594 4069 1040 833 4070 1042 594 4071 1040 817 4072 1041 833 4073 1042 597 4074 1003 594 4075 1039 595 4076 1044 594 4077 1039 597 4078 1003 596 4079 1002 806 4080 1048 599 4081 1046 600 4082 1047 599 4083 1046 806 4084 1048 595 4085 1045 599 4086 1046 595 4087 1045 607 4088 1043 595 4089 1045 594 4090 1040 607 4091 1043 807 4092 955 595 4093 1044 806 4094 1049 595 4095 1044 807 4096 955 597 4097 1003 580 4098 1007 798 4099 1008 600 4100 1047 798 4101 1008 806 4102 1048 600 4103 1047 624 4104 1052 601 4105 1050 849 4106 1051 624 4107 1052 623 4108 1053 601 4109 1050 800 4110 1021 601 4111 1020 623 4112 1054 601 4113 1020 800 4114 1021 585 4115 901 602 4116 998 639 4117 1056 640 4118 1055 602 4119 998 640 4120 1055 614 4121 999 641 4122 1057 602 4123 998 603 4124 956 602 4125 998 641 4126 1057 639 4127 1056 604 4128 1032 605 4129 1035 592 4130 1030 605 4131 1035 604 4132 1032 606 4133 1058 622 4134 1033 604 4135 1032 591 4136 1031 604 4137 1032 622 4138 1033 643 4139 1059 643 4140 1059 606 4141 1058 604 4142 1032 606 4143 1058 643 4144 1059 642 4145 1060 605 4146 1063 606 4147 1064 634 4148 1061 605 4149 1063 634 4150 1061 633 4151 1062 605 4152 1035 636 4153 1065 824 4154 1034 636 4155 1065 605 4156 1035 633 4157 1066 610 4158 1070 809 4159 1067 609 4160 1069 809 4161 1067 819 4162 1068 609 4163 1069 609 4164 1069 819 4165 1068 622 4166 1072 819 4167 1068 818 4168 1071 622 4169 1072 808 4170 1074 610 4171 1070 598 4172 1073 610 4173 1070 808 4174 1074 809 4175 1067 840 4176 1076 612 4177 995 611 4178 991 612 4179 995 840 4180 1076 839 4181 1075 647 4182 1077 611 4183 991 613 4184 990 611 4185 991 647 4186 1077 840 4187 1076 614 4188 999 640 4189 1055 647 4190 1077 614 4191 999 647 4192 1077 613 4193 990 617 4194 1080 615 4195 1078 616 4196 1079 615 4197 1078 617 4198 1080 630 4199 1081 615 4200 1084 631 4201 1085 639 4202 1083 639 4203 1083 631 4204 1085 640 4205 1082 641 4206 1086 616 4207 1087 639 4208 1083 616 4209 1087 615 4210 1084 639 4211 1083 618 4212 1088 617 4213 1080 616 4214 1079 617 4215 1080 618 4216 1088 619 4217 1029 620 4218 1028 649 4219 1089 617 4220 1080 617 4221 1080 649 4222 1089 630 4223 1081 618 4224 1091 616 4225 1087 834 4226 1090 834 4227 1090 616 4228 1087 641 4229 1086 817 4230 1041 834 4231 1090 833 4232 1042 834 4233 1090 817 4234 1041 618 4235 1091 589 4236 1005 620 4237 1028 619 4238 1029 619 4239 1029 620 4240 1028 617 4241 1080 817 4242 1038 816 4243 1004 618 4244 1088 816 4245 1004 619 4246 1029 618 4247 1088 621 4248 1027 636 4249 1065 635 4250 1092 636 4251 1065 621 4252 1027 824 4253 1034 621 4254 1027 635 4255 1092 620 4256 1028 620 4257 1028 635 4258 1092 649 4259 1089 828 4260 972 824 4261 1034 590 4262 971 590 4263 971 824 4264 1034 621 4265 1027 625 4266 1093 623 4267 1053 624 4268 1052 623 4269 1053 625 4270 1093 820 4271 1094 820 4272 1096 788 4273 1095 800 4274 1021 820 4275 1096 800 4276 1021 623 4277 1054 843 4278 1098 837 4279 1097 624 4280 1052 837 4281 1097 625 4282 1093 624 4283 1052 841 4284 1099 625 4285 1093 837 4286 1097 625 4287 1093 841 4288 1099 835 4289 1100 628 4290 1103 626 4291 1101 627 4292 1102 626 4293 1101 628 4294 1103 629 4295 1104 648 4296 1105 626 4297 1101 843 4298 1098 626 4299 1101 837 4300 1097 843 4301 1098 627 4302 1102 648 4303 1105 637 4304 1106 648 4305 1105 627 4306 1102 626 4307 1101 634 4308 1107 627 4309 1102 633 4310 1066 627 4311 1102 634 4312 1107 628 4313 1103 628 4314 1103 845 4315 1108 629 4316 1104 845 4317 1108 844 4318 1109 629 4319 1104 841 4320 1099 626 4321 1101 629 4322 1104 626 4323 1101 841 4324 1099 837 4325 1097 844 4326 1109 842 4327 1110 629 4328 1104 841 4329 1099 629 4330 1104 842 4331 1110 630 4332 1081 631 4333 1111 615 4334 1078 631 4335 1111 630 4336 1081 632 4337 1112 631 4338 1085 851 4339 1114 640 4340 1082 640 4341 1082 851 4342 1114 647 4343 1113 649 4344 1089 650 4345 1115 630 4346 1081 630 4347 1081 650 4348 1115 632 4349 1112 631 4350 1111 632 4351 1112 852 4352 1116 631 4353 1111 852 4354 1116 851 4355 1117 633 4356 1066 637 4357 1106 636 4358 1065 637 4359 1106 633 4360 1066 627 4361 1102 642 4362 1060 634 4363 1107 606 4364 1058 634 4365 1107 642 4366 1060 846 4367 1118 846 4368 1118 628 4369 1103 634 4370 1107 628 4371 1103 846 4372 1118 845 4373 1108 636 4374 1120 638 4375 1122 635 4376 1119 638 4377 1122 636 4378 1120 637 4379 1121 638 4380 1122 637 4381 1121 651 4382 1124 637 4383 1121 648 4384 1123 651 4385 1124 649 4386 1089 638 4387 1125 650 4388 1115 638 4389 1125 649 4390 1089 635 4391 1092 650 4392 1115 638 4393 1125 651 4394 1126 650 4395 1115 651 4396 1126 652 4397 1127 827 4398 959 834 4399 1037 641 4400 1057 827 4401 959 641 4402 1057 603 4403 956 826 4404 1131 846 4405 1129 642 4406 1130 846 4407 1129 826 4408 1131 832 4409 1128 818 4410 1071 643 4411 1132 622 4412 1072 643 4413 1132 818 4414 1071 825 4415 1133 643 4416 1132 825 4417 1133 642 4418 1130 825 4419 1133 826 4420 1131 642 4421 1130 646 4422 1136 644 4423 1134 645 4424 1135 644 4425 1134 646 4426 1136 836 4427 1137 840 4428 1076 644 4429 1134 839 4430 1075 644 4431 1134 840 4432 1076 645 4433 1135 852 4434 1116 645 4435 1135 851 4436 1117 645 4437 1135 852 4438 1116 646 4439 1136 847 4440 1025 836 4441 1024 848 4442 1139 646 4443 1138 848 4444 1139 836 4445 1024 651 4446 1126 648 4447 1105 850 4448 1140 648 4449 1105 843 4450 1098 850 4451 1140 632 4452 1112 650 4453 1115 852 4454 1116 650 4455 1115 652 4456 1127 852 4457 1116 651 4458 1126 848 4459 1141 652 4460 1127 848 4461 1141 651 4462 1126 850 4463 1140 153 4464 294 657 4465 560 662 4466 295 662 4467 295 657 4468 560 325 4469 562 664 4470 323 658 4471 253 662 4472 295 664 4473 323 662 4474 295 667 4475 1142 667 4476 1142 662 4477 295 325 4478 562 667 4479 1142 325 4480 562 672 4481 563 666 4482 651 683 4483 676 392 4484 649 683 4485 676 666 4486 651 670 4487 1143 664 4488 323 667 4489 1142 679 4490 413 679 4491 413 667 4492 1142 684 4493 1144 668 4494 1145 380 4495 580 686 4496 657 380 4497 580 668 4498 1145 669 4499 424 670 4500 1143 723 4501 1146 683 4502 676 723 4503 1146 670 4504 1143 678 4505 1147 667 4506 1142 672 4507 563 684 4508 1144 684 4509 1144 672 4510 563 691 4511 1148 691 4512 1148 672 4513 563 324 4514 559 691 4515 1148 324 4516 559 690 4517 565 681 4518 590 676 4519 539 675 4520 536 681 4521 590 688 4522 542 676 4523 539 689 4524 552 315 4525 551 431 4526 697 315 4527 551 677 4528 699 431 4529 697 723 4530 1146 678 4531 1147 700 4532 617 678 4533 1147 352 4534 618 700 4535 617 705 4536 871 692 4537 412 679 4538 413 705 4539 871 679 4540 413 704 4541 877 681 4542 1150 697 4543 589 687 4544 1149 697 4545 589 681 4546 1150 338 4547 586 683 4548 676 709 4549 1151 701 4550 675 709 4551 1151 683 4552 676 723 4553 1146 704 4554 877 679 4555 413 684 4556 1144 704 4557 877 684 4558 1144 703 4559 874 673 4560 411 692 4561 412 685 4562 630 685 4563 630 692 4564 412 705 4565 871 695 4566 655 379 4567 629 685 4568 630 695 4569 655 685 4570 630 716 4571 873 708 4572 695 688 4573 694 687 4574 1153 688 4575 694 681 4576 1152 687 4577 1153 687 4578 1149 719 4579 666 720 4580 1154 719 4581 666 687 4582 1149 697 4583 589 708 4584 695 720 4585 1155 721 4586 1156 720 4587 1155 708 4588 695 687 4589 1153 684 4590 1144 691 4591 1148 703 4592 874 703 4593 874 691 4594 1148 728 4595 1157 690 4596 565 728 4597 1157 691 4598 1148 728 4599 1157 690 4600 565 727 4601 1158 706 4602 735 694 4603 685 693 4604 714 694 4605 685 706 4606 735 707 4607 683 735 4608 1159 698 4609 615 734 4610 742 698 4611 615 433 4612 740 734 4613 742 699 4614 616 735 4615 1159 736 4616 1160 735 4617 1159 699 4618 616 698 4619 615 722 4620 1161 700 4621 617 736 4622 1160 700 4623 617 699 4624 616 736 4625 1160 724 4626 677 393 4627 650 737 4628 1162 393 4629 650 701 4630 675 737 4631 1162 737 4632 1162 701 4633 675 752 4634 1163 701 4635 675 709 4636 1151 752 4637 1163 727 4638 1158 690 4639 565 702 4640 564 727 4641 1158 702 4642 564 739 4643 1164 744 4644 875 703 4645 874 728 4646 1157 744 4647 875 728 4648 1157 743 4649 1165 732 4650 700 405 4651 610 721 4652 1156 405 4653 610 708 4654 695 721 4655 1156 709 4656 1151 751 4657 1166 752 4658 1163 751 4659 1166 709 4660 1151 722 4661 1161 710 4662 812 715 4663 1167 713 4664 718 715 4665 1167 710 4666 812 714 4667 809 695 4668 736 716 4669 1168 718 4670 715 718 4671 715 716 4672 1168 474 4673 716 716 4674 1168 502 4675 870 474 4676 716 474 4677 716 502 4678 870 746 4679 824 720 4680 1154 761 4681 1169 748 4682 1170 761 4683 1169 720 4684 1154 719 4685 666 761 4686 1169 719 4687 666 760 4688 902 719 4689 666 731 4690 665 760 4691 902 721 4692 1156 748 4693 1171 749 4694 1172 748 4695 1171 721 4696 1156 720 4697 1155 732 4698 700 749 4699 1172 762 4700 1173 749 4701 1172 732 4702 700 721 4703 1156 709 4704 1151 723 4705 1146 722 4706 1161 723 4707 1146 700 4708 617 722 4709 1161 751 4710 1166 722 4711 1161 765 4712 1174 722 4713 1161 736 4714 1160 765 4715 1174 753 4716 1175 725 4717 678 767 4718 1176 725 4719 678 724 4720 677 767 4721 1176 738 4722 1177 726 4723 652 753 4724 1175 726 4725 652 725 4726 678 753 4727 1175 739 4728 1164 702 4729 564 738 4730 1177 702 4731 564 726 4732 652 738 4733 1177 743 4734 1165 728 4735 1157 727 4736 1158 743 4737 1165 727 4738 1158 758 4739 1178 471 4740 758 741 4741 819 729 4742 759 729 4743 759 741 4744 819 513 4745 894 733 4746 698 762 4747 1173 763 4748 743 762 4749 1173 733 4750 698 732 4751 700 735 4752 1159 774 4753 1179 764 4754 1180 774 4755 1179 735 4756 1159 734 4757 742 736 4758 1160 764 4759 1180 765 4760 1174 764 4761 1180 736 4762 1160 735 4763 1159 724 4764 677 766 4765 1181 767 4766 1176 766 4767 1181 724 4768 677 737 4769 1162 739 4770 1164 769 4771 1182 770 4772 1183 769 4773 1182 739 4774 1164 738 4775 1177 727 4776 1158 770 4777 1183 758 4778 1178 770 4779 1183 727 4780 1158 739 4781 1164 494 4782 855 489 4783 844 740 4784 805 489 4785 844 494 4786 855 853 4787 845 478 4788 738 747 4789 737 787 4790 1010 478 4791 738 787 4792 1010 772 4793 783 773 4794 1184 749 4795 1172 789 4796 1185 749 4797 1172 748 4798 1171 789 4799 1185 802 4800 1186 762 4801 1173 773 4802 1184 762 4803 1173 749 4804 1172 773 4805 1184 734 4806 742 791 4807 1187 774 4808 1179 791 4809 1187 734 4810 742 750 4811 741 791 4812 1187 750 4813 741 790 4814 1188 750 4815 741 763 4816 743 790 4817 1188 775 4818 1189 752 4819 1163 793 4820 1190 752 4821 1163 751 4822 1166 793 4823 1190 766 4824 1181 737 4825 1162 775 4826 1189 737 4827 1162 752 4828 1163 775 4829 1189 738 4830 1177 777 4831 1191 769 4832 1182 777 4833 1191 738 4834 1177 753 4835 1175 756 4836 897 755 4837 1192 781 4838 927 755 4839 1192 768 4840 928 781 4841 927 758 4842 936 785 4843 850 784 4844 849 785 4845 850 758 4846 936 770 4847 1193 789 4848 1194 748 4849 1170 761 4850 1169 789 4851 1194 761 4852 1169 788 4853 1095 788 4854 1095 761 4855 1169 760 4856 902 788 4857 1095 760 4858 902 800 4859 1021 790 4860 1188 763 4861 743 802 4862 1186 763 4863 743 762 4864 1173 802 4865 1186 765 4866 1174 803 4867 1195 792 4868 1196 803 4869 1195 765 4870 1174 764 4871 1180 751 4872 1166 792 4873 1196 793 4874 1190 792 4875 1196 751 4876 1166 765 4877 1174 767 4878 1176 808 4879 1074 797 4880 1197 808 4881 1074 767 4882 1176 766 4883 1181 766 4884 1181 809 4885 1067 808 4886 1074 809 4887 1067 766 4888 1181 775 4889 1189 753 4890 1175 797 4891 1197 777 4892 1191 797 4893 1197 753 4894 1175 767 4895 1176 770 4896 1193 799 4897 882 785 4898 850 799 4899 882 770 4900 1193 769 4901 1198 803 4902 1195 764 4903 1180 804 4904 1199 764 4905 1180 774 4906 1179 804 4907 1199 774 4908 1179 815 4909 1200 804 4910 1199 815 4911 1200 774 4912 1179 791 4913 1187 799 4914 882 769 4915 1198 810 4916 883 769 4917 1198 777 4918 1201 810 4919 883 786 4920 898 756 4921 897 781 4922 927 786 4923 898 781 4924 927 566 4925 986 534 4926 840 786 4927 937 566 4928 984 534 4929 840 566 4930 984 782 4931 841 787 4932 1010 801 4933 1022 772 4934 783 801 4935 1022 787 4936 1010 812 4937 1013 789 4938 1185 788 4939 1203 813 4940 1202 813 4941 1202 788 4942 1203 820 4943 1204 773 4944 1184 813 4945 1202 814 4946 1205 813 4947 1202 773 4948 1184 789 4949 1185 815 4950 1200 791 4951 1187 823 4952 1206 791 4953 1187 790 4954 1188 823 4955 1206 792 4956 1196 825 4957 1133 818 4958 1071 825 4959 1133 792 4960 1196 803 4961 1195 775 4962 1189 819 4963 1068 809 4964 1067 819 4965 1068 775 4966 1189 793 4967 1190 819 4968 1068 793 4969 1190 818 4970 1071 793 4971 1190 792 4972 1196 818 4973 1071 562 4974 913 795 4975 915 805 4976 964 795 4977 915 794 4978 951 805 4979 964 810 4980 883 777 4981 1201 811 4982 952 777 4983 1201 797 4984 1207 811 4985 952 798 4986 929 550 4987 924 806 4988 1049 550 4989 924 807 4990 955 806 4991 1049 822 4992 1023 812 4993 1013 821 4994 1208 812 4995 1013 822 4996 1023 801 4997 1022 830 4998 1209 802 4999 1186 814 5000 1205 802 5001 1186 773 5002 1184 814 5003 1205 823 5004 1206 790 5005 1188 830 5006 1209 790 5007 1188 802 5008 1186 830 5009 1209 825 5010 1133 803 5011 1195 826 5012 1131 803 5013 1195 804 5014 1199 826 5015 1131 804 5016 1199 832 5017 1128 826 5018 1131 832 5019 1128 804 5020 1199 815 5021 1200 811 5022 952 797 5023 1207 598 5024 953 797 5025 1207 808 5026 1210 598 5027 953 829 5028 1211 814 5029 1205 835 5030 1212 814 5031 1205 813 5032 1202 835 5033 1212 820 5034 1204 625 5035 1213 835 5036 1212 820 5037 1204 835 5038 1212 813 5039 1202 836 5040 1024 821 5041 1208 644 5042 1214 836 5043 1024 822 5044 1023 821 5045 1208 644 5046 1134 584 5047 1216 839 5048 1075 584 5049 1216 644 5050 1134 821 5051 1215 815 5052 1200 838 5053 1217 832 5054 1128 838 5055 1217 815 5056 1200 823 5057 1206 831 5058 1218 830 5059 1209 829 5060 1211 830 5061 1209 814 5062 1205 829 5063 1211 841 5064 1219 829 5065 1211 835 5066 1212 829 5067 1211 841 5068 1219 842 5069 1220 838 5070 1217 823 5071 1206 831 5072 1218 823 5073 1206 830 5074 1209 831 5075 1218 844 5076 1221 831 5077 1218 842 5078 1220 831 5079 1218 829 5080 1211 842 5081 1220 845 5082 1222 838 5083 1217 844 5084 1221 838 5085 1217 831 5086 1218 844 5087 1221 846 5088 1129 832 5089 1128 845 5090 1222 832 5091 1128 838 5092 1217 845 5093 1222 647 5094 1113 645 5095 1224 840 5096 1223 645 5097 1224 647 5098 1113 851 5099 1114 850 5100 1227 843 5101 1225 849 5102 1026 843 5103 1225 624 5104 1226 849 5105 1026 850 5106 1227 849 5107 1026 847 5108 1025 850 5109 1227 847 5110 1025 848 5111 1139 852 5112 1116 652 5113 1127 646 5114 1136 652 5115 1127 848 5116 1141 646 5117 1136 136 5118 1229 179 5119 1230 855 5120 1228 855 5121 1228 179 5122 1230 236 5123 1231</p></triangles>
      </mesh>
    </geometry>
  </library_geometries>
  <library_visual_scenes>
    <visual_scene id="HotDog" name="HotDog">
      <node name="HotDog" id="HotDog" sid="HotDog"><matrix sid="matrix">3.166366 -0.000000 -3.773528 0.000000 3.773528 0.000000 3.166366 0.000000 0.000000 -4.925991 0.000000 -0.000044 0.000000 0.000000 0.000000 1.000000</matrix><instance_geometry url="#HotDog-lib"><bind_material><technique_common><instance_material symbol="HotDog" target="#HotDog"/></technique_common></bind_material></instance_geometry><extra><technique profile="FCOLLADA"><visibility>1.000000</visibility></technique></extra></node>
      <extra><technique profile="MAX3D"><frame_rate>30.000000</frame_rate></technique><technique profile="FCOLLADA"><start_time>0.000000</start_time><end_time>3.333333</end_time></technique></extra>
    </visual_scene>
  </library_visual_scenes>
  <scene>
    <instance_visual_scene url="#HotDog"></instance_visual_scene>
  </scene>
</COLLADA>
