# 3ds Max Wavefront OBJ Exporter v0.97b - (c)2007 guruware
# File Created: 27.03.2024 20:45:30

mtllib HotDog.mtl

#
# object HotDog
#

v  -1.9944 0.6829 0.3108
v  -1.8434 0.4731 0.3507
v  -1.9957 0.5952 0.5525
v  -2.1561 0.7725 0.5565
v  -2.0952 0.7510 0.7538
v  -1.9335 0.5940 0.7623
v  -1.9927 0.7666 0.9220
v  -2.2890 0.9787 0.6357
v  -2.2195 0.9398 0.7881
v  -2.0917 0.8912 0.9201
v  -1.6438 0.2842 0.5797
v  -1.8196 0.4362 0.5689
v  -1.8375 0.4644 -0.7547
v  -1.8474 0.4416 -0.4794
v  -2.0330 0.6113 -0.4431
v  -2.0186 0.6307 -0.7578
v  -1.7574 0.4506 0.7755
v  -1.8361 0.6425 0.9393
v  -1.8794 0.8724 1.0567
v  -2.1822 0.8162 -0.7598
v  -2.1810 0.8056 -0.4651
v  -2.1347 0.8890 0.3518
v  -2.2637 1.0246 -0.5212
v  -2.3068 1.0360 -0.7568
v  -2.0334 0.9850 1.0234
v  -2.2588 1.0871 0.4589
v  -2.3004 1.2548 -0.5651
v  -2.3638 1.2895 -0.7297
v  -2.3462 1.2796 0.6006
v  -1.2881 -0.0053 0.5849
v  -1.4662 0.1379 0.5859
v  -1.4955 0.1428 0.3859
v  -1.3154 0.0242 0.1783
v  -1.3204 -0.0119 0.3818
v  -1.4765 0.1970 0.2002
v  -1.4982 0.1453 -0.4283
v  -1.4484 0.2190 -0.1632
v  -1.6722 0.2880 -0.4673
v  -1.5661 0.4003 -0.2312
v  -1.6768 0.2956 0.3755
v  -1.3963 0.1838 0.7775
v  -1.5766 0.3162 0.7786
v  -1.6104 0.3982 0.2064
v  -1.6798 0.5888 -0.2873
v  -1.7277 0.6232 0.2080
v  -1.6604 0.5210 0.9465
v  -1.5379 0.6399 1.0736
v  -1.7124 0.7573 1.0714
v  -2.2356 1.1611 -0.9617
v  -2.1815 1.0804 0.9354
v  -2.0938 1.2487 1.0439
v  -2.3097 1.1793 0.7945
v  -2.3156 1.4110 -0.8946
v  -2.2499 1.3552 0.9312
v  -2.3367 1.4432 0.7693
v  -1.1327 -0.1269 0.1805
v  -1.1391 -0.1591 0.3801
v  -1.1081 -0.1464 0.5824
v  -1.2177 0.0501 0.7752
v  -1.3063 0.0282 -0.6694
v  -1.3253 0.0099 -0.3820
v  -1.4734 0.1745 -0.7009
v  -1.5704 0.4349 -0.9670
v  -1.6531 0.3177 -0.7293
v  -2.1030 0.9510 -0.9975
v  -2.0788 1.2300 0.4009
v  -1.7578 1.0252 1.1532
v  -1.9277 1.1385 1.1138
v  -2.0538 1.0972 -0.4597
v  -2.1176 1.2455 -0.4956
v  -2.2345 1.4473 -0.6076
v  -2.1873 1.3243 0.0532
v  -2.1270 1.3322 0.3117
v  -2.2641 1.4082 0.2377
v  -2.2828 1.5087 0.6191
v  -0.9542 -0.3035 0.3750
v  -0.7484 -0.4327 0.5697
v  -0.9283 -0.2895 0.5780
v  -0.9742 -0.2730 -0.3768
v  -1.1505 -0.1301 -0.3683
v  -1.1334 -0.1097 -0.6605
v  -0.8636 -0.2255 0.7677
v  -1.0412 -0.0876 0.7730
v  -1.1805 -0.1559 -0.0748
v  -0.9747 -0.2852 -0.1020
v  -0.9482 -0.2773 0.1770
v  -1.3479 0.0231 -0.0796
v  -1.2213 0.1396 -0.9142
v  -1.1799 0.1685 0.0582
v  -1.1279 0.1364 0.9485
v  -1.3035 0.2687 0.9487
v  -1.4617 0.5248 0.0651
v  -1.3335 0.3328 0.0822
v  -1.7561 0.5878 -0.9971
v  -1.9405 0.7568 -1.0094
v  -1.7898 0.9106 0.2069
v  -1.4067 0.7861 1.1701
v  -1.5844 0.9054 1.1704
v  -1.7948 0.7729 -0.3487
v  -1.9384 0.9372 -0.3958
v  -1.9407 1.0822 0.3120
v  -2.1902 1.3975 0.5235
v  -2.1367 1.5375 1.0067
v  -2.2815 1.4691 -0.0346
v  -2.3418 1.5327 0.1704
v  -2.1896 1.6384 0.6519
v  -2.2438 1.6417 0.8481
v  -0.5765 -0.5714 0.1234
v  -0.5844 -0.5874 0.3428
v  -0.7613 -0.4279 0.1590
v  -0.7687 -0.4478 0.3625
v  -0.5689 -0.5729 0.5575
v  -0.7795 -0.3724 -0.6663
v  -0.7960 -0.4137 -0.3940
v  -0.7884 -0.4402 -0.1201
v  -0.9584 -0.2431 -0.6604
v  -0.7776 -0.1335 0.9403
v  -0.8598 -0.1618 0.0497
v  -1.0273 -0.0005 0.0536
v  -0.9533 0.0011 0.9465
v  -1.1953 0.3814 1.0961
v  -1.3934 0.2853 -0.9430
v  -1.3645 0.5158 1.0812
v  -1.2369 0.6567 1.1882
v  -1.7070 0.9003 -0.0640
v  -1.8415 1.0646 -0.1863
v  -1.9111 1.1320 0.0238
v  -1.9713 1.2108 -0.2873
v  -2.0361 1.2241 0.1661
v  -2.0488 1.3608 -0.3801
v  -2.0613 1.2658 -0.1076
v  -2.0815 1.5029 0.4882
v  -2.1122 1.4634 -0.4808
v  -2.1543 1.4352 -0.2012
v  -2.1192 1.3572 -1.0617
v  -2.2349 1.5738 -0.9274
v  -2.1966 1.5785 -0.6383
v  -2.1808 1.6362 -0.7602
v  -2.3793 1.6659 0.0639
v  -2.3274 1.6333 -0.0902
v  -2.3104 1.8145 0.1135
v  -2.3011 1.8194 -0.0889
v  -0.4353 -0.6742 -0.4801
v  -0.4179 -0.7064 -0.2301
v  -0.6004 -0.5816 -0.1692
v  -0.6198 -0.5502 -0.4314
v  -0.3851 -0.7026 0.5435
v  -0.7012 -0.2692 -0.9083
v  -0.6790 -0.3111 0.0176
v  -0.6889 -0.3676 0.7630
v  -0.6053 -0.2730 0.9379
v  -1.0519 -0.0028 -0.9097
v  -0.8466 0.1176 1.0943
v  -1.0656 0.5257 1.1955
v  -1.8153 0.9425 -1.1714
v  -1.6340 0.7665 -1.1664
v  -1.9802 1.1415 -1.1372
v  -2.2377 1.5754 -0.2833
v  -2.2342 1.7460 -0.2709
v  -2.1049 1.8162 0.8679
v  -0.2139 -0.8479 0.3039
v  -0.3981 -0.7190 0.3288
v  -0.3589 -0.6645 0.1267
v  -0.2089 -0.8395 0.5295
v  -0.1707 -0.7902 0.7427
v  -0.3423 -0.6492 0.7501
v  -0.2657 -0.5564 0.9322
v  -0.4348 -0.4139 0.9355
v  -0.5158 -0.5097 0.7574
v  -0.5959 -0.4935 -0.6929
v  -0.4832 -0.4217 -0.0323
v  -0.8765 -0.1367 -0.9077
v  -0.6717 -0.0145 1.0864
v  -1.4518 0.6054 -1.1430
v  -1.2726 0.9438 1.2426
v  -1.8083 1.3041 1.1900
v  -1.8426 1.5882 1.1484
v  -1.9751 1.4209 1.1115
v  -1.9987 1.7023 1.0335
v  -2.1291 1.6694 -0.4346
v  -2.2553 1.7052 0.2577
v  -2.1663 1.5828 0.3538
v  -2.0343 1.7383 0.4093
v  -2.1182 1.8583 0.3008
v  -2.0651 1.7873 0.6780
v  -2.2071 1.9830 -0.0476
v  0.1350 -1.1185 0.5144
v  0.1642 -1.0804 0.7361
v  -0.0337 -0.9756 0.5194
v  -0.0030 -0.9352 0.7391
v  -0.0676 -0.9456 -0.5514
v  -0.0312 -0.9301 -0.3298
v  -0.2224 -0.8099 -0.2870
v  -0.2474 -0.8027 -0.5205
v  0.0209 -0.9042 0.0804
v  -0.0384 -0.9839 0.2896
v  -0.1627 -0.7742 0.0978
v  -0.0985 -0.7019 0.9304
v  -0.4097 -0.6230 -0.7242
v  -0.5185 -0.3975 -0.9254
v  -0.3365 -0.2986 1.0936
v  -0.5031 -0.1551 1.0894
v  -1.0948 0.3106 -1.0824
v  -1.2715 0.4557 -1.1111
v  -1.8440 1.3406 -1.2003
v  -1.9997 1.5435 -1.1091
v  -2.1235 1.7322 -0.9394
v  -2.0845 1.7354 -0.7185
v  -2.1798 1.8921 -0.2219
v  0.4603 -1.4202 0.5173
v  0.2977 -1.2687 0.5142
v  0.3019 -1.2687 0.2841
v  0.3254 -1.2322 0.7368
v  -0.0436 -0.9019 -0.7746
v  0.1114 -1.0945 -0.5696
v  0.1535 -1.0674 -0.3521
v  0.1971 -1.0447 0.0737
v  0.1344 -1.1225 0.2841
v  -0.2261 -0.7596 -0.7537
v  -0.3332 -0.5272 -0.9418
v  -0.1111 -0.6813 -0.1179
v  -0.2923 -0.5373 -0.0862
v  -0.0006 -0.5864 1.0872
v  -0.1684 -0.4416 1.0906
v  -0.7448 0.0302 -1.0701
v  -0.9203 0.1695 -1.0700
v  -1.4904 0.9705 -1.2455
v  -1.1325 1.1109 1.2806
v  -1.3114 1.2356 1.2747
v  -1.6707 1.1482 -1.2392
v  -1.9686 1.6724 0.5430
v  -1.8960 1.9200 0.7167
v  -1.8390 1.8096 0.5977
v  -1.8622 1.7185 -1.1123
v  -1.8633 1.8171 0.4593
v  -1.9458 1.9817 0.3638
v  -2.0728 1.9027 -0.3648
v  -1.9297 1.9570 0.8860
v  -1.8471 1.8457 1.0336
v  -2.1778 1.9556 0.1280
v  -1.9994 2.0820 0.1697
v  0.7830 -1.7302 0.5259
v  0.6215 -1.5748 0.5220
v  0.6293 -1.5744 0.2954
v  0.6397 -1.5472 0.7454
v  0.7982 -1.7041 0.7486
v  0.4830 -1.3886 0.7408
v  0.4688 -1.4172 0.2892
v  0.4526 -1.4107 -0.5749
v  0.4972 -1.3777 -0.3549
v  0.3271 -1.2200 -0.3538
v  0.2856 -1.2487 -0.5740
v  0.3677 -1.1937 0.0737
v  0.5343 -1.3495 0.0772
v  0.3066 -1.2106 -0.7964
v  0.1335 -1.0531 -0.7898
v  0.3943 -1.1525 0.9353
v  0.2310 -1.0006 0.9343
v  0.2384 -0.9864 -0.1513
v  0.0630 -0.8344 -0.1441
v  0.0679 -0.8493 0.9308
v  0.1646 -0.7357 1.0930
v  0.0289 -0.8100 -0.9747
v  -0.1490 -0.6627 -0.9566
v  -0.2102 -0.1520 1.1951
v  -0.3781 -0.0098 1.1924
v  -0.5647 -0.1037 -1.0639
v  -1.1328 0.6540 -1.2063
v  -1.5275 1.3507 -1.2755
v  -1.7043 1.5329 -1.2233
v  -1.8513 1.7599 -0.4976
v  -1.9358 1.8400 -0.7000
v  -1.9802 1.8867 -0.9341
v  -2.0289 2.0992 -0.0789
v  1.1219 -2.0650 0.3223
v  1.1156 -2.0389 0.5329
v  0.9467 -1.8853 0.5291
v  0.9482 -1.9014 0.3096
v  0.9571 -1.9240 -0.5477
v  0.9815 -1.8985 -0.3264
v  0.8195 -1.7200 -0.3433
v  0.7774 -1.7570 -0.5636
v  0.9920 -1.8723 0.0985
v  0.7862 -1.7377 0.3012
v  0.8429 -1.6908 0.0878
v  0.9587 -1.8561 0.7483
v  1.0203 -1.7938 0.9466
v  0.8632 -1.6350 0.9501
v  0.8043 -1.7201 -0.7905
v  0.6397 -1.5445 -0.7959
v  0.6146 -1.5815 -0.5708
v  0.6602 -1.5450 -0.3505
v  0.7060 -1.4742 0.9453
v  0.4741 -1.3752 -0.7981
v  0.6913 -1.5166 0.0817
v  0.4930 -1.0426 1.1012
v  0.3289 -0.8881 1.0987
v  0.3793 -1.1199 -0.9915
v  0.2051 -0.9625 -0.9866
v  0.4105 -1.1419 -0.1507
v  -0.3827 -0.2368 -1.0670
v  -1.7137 1.7886 -0.5095
v  -1.8503 2.0105 -0.3697
v  -1.7146 1.9460 1.0212
v  1.3303 -2.2054 0.3466
v  1.3078 -2.1737 0.5493
v  1.1225 -1.9991 0.7402
v  1.1631 -2.0479 -0.0925
v  1.1481 -2.0570 0.1144
v  1.1844 -1.9339 0.9233
v  1.1524 -2.0813 -0.3028
v  0.9798 -1.8917 -0.7762
v  1.0250 -1.8527 -0.1162
v  0.8828 -1.6615 -0.1342
v  0.7336 -1.4789 -0.1423
v  0.8183 -1.3593 1.0940
v  0.5744 -1.3074 -0.1482
v  0.6562 -1.1995 1.0974
v  0.5490 -1.3137 0.9421
v  0.7188 -1.4502 -0.9878
v  0.5503 -1.2828 -0.9904
v  -0.0181 -0.5130 -1.0856
v  -0.1999 -0.3731 -1.0769
v  -0.5775 0.4274 1.2327
v  -0.4357 0.5948 1.2512
v  -0.7502 0.5590 1.2377
v  -1.3108 0.8110 -1.2142
v  -1.1695 1.0123 -1.2776
v  -1.3478 1.1763 -1.2835
v  -1.5559 1.7054 -1.1881
v  -1.7089 1.8731 -1.0901
v  -1.7571 1.9171 -0.6885
v  -1.7865 1.9967 -0.9047
v  -1.7160 2.0483 0.8910
v  -1.6852 2.0060 0.7417
v  -1.7573 2.1489 0.1765
v  1.3537 -2.2004 0.1387
v  1.5761 -2.2856 0.3968
v  1.5491 -2.2298 0.6054
v  1.3684 -2.2260 -0.2563
v  1.3812 -2.2159 -0.4848
v  1.1542 -2.0846 -0.5243
v  1.3812 -2.1389 -0.0614
v  1.4114 -2.1601 -0.6978
v  1.2514 -1.9317 -0.9235
v  1.1778 -2.0460 -0.7471
v  1.0635 -1.7836 -0.9599
v  1.1457 -1.6735 1.0611
v  0.8888 -1.6182 -0.9777
v  0.5098 -0.9716 -1.1060
v  0.3376 -0.8116 -1.1003
v  0.6241 -0.8961 1.1943
v  0.4567 -0.7415 1.1962
v  0.1613 -0.6588 -1.0929
v  -0.4161 0.0780 -1.1633
v  -0.4066 0.2925 1.2304
v  -0.2654 0.4599 1.2475
v  -0.9538 0.5053 -1.1859
v  -0.9904 0.8558 -1.2664
v  -1.2027 1.3744 -1.2527
v  -1.3805 1.5394 -1.2398
v  -1.5277 1.6401 1.2037
v  -1.3488 1.5283 1.2503
v  -1.3918 1.8021 1.1451
v  -1.5480 1.8994 -0.7004
v  -1.5483 1.7561 -0.5228
v  -1.7161 2.0168 0.3784
v  -1.7969 2.1581 -0.0943
v  1.4649 -2.0319 -0.8522
v  0.8498 -1.2994 -1.0964
v  0.6808 -1.1343 -1.1009
v  -0.2317 -0.0584 -1.1489
v  -0.0467 -0.1973 -1.1388
v  -0.2379 0.1539 1.2287
v  -0.0701 0.0125 1.2324
v  -0.0969 0.3216 1.2415
v  -0.7754 0.3611 -1.1714
v  -0.8103 0.7041 -1.2567
v  -1.0247 1.2151 -1.2626
v  -1.2112 1.6945 1.1864
v  -1.4615 1.9133 0.6491
v  -1.4528 2.0252 0.7724
v  -1.5550 1.9527 -1.0394
v  -1.4805 2.0279 0.9515
v  -1.5500 2.0306 -0.8566
v  1.8281 -2.2239 0.4566
v  1.6491 -2.2579 -0.4422
v  1.6222 -2.2658 -0.2101
v  1.6111 -2.1771 -0.0265
v  1.5985 -2.2817 0.1705
v  1.0184 -1.4626 -1.0771
v  0.1384 -0.3372 -1.1217
v  0.0979 -0.1305 1.2270
v  0.2384 0.0370 1.2377
v  0.0709 0.1807 1.2443
v  -0.8466 1.0587 -1.2719
v  -1.2385 1.7088 -1.1529
v  -1.4118 1.8513 -1.0982
v  -1.5070 2.0623 0.1483
v  -1.4792 1.9647 0.3700
v  -1.5730 2.0380 -0.1252
v  1.6820 -2.1503 -0.6476
v  1.3572 -1.7756 -1.0117
v  1.1866 -1.6223 -1.0478
v  1.3063 -1.8246 1.0209
v  1.4441 -1.6866 1.0625
v  1.2840 -1.5284 1.1106
v  0.4922 -0.6427 -1.1344
v  0.3178 -0.4867 -1.1239
v  0.1040 -0.0226 -1.2084
v  -0.0808 0.1222 -1.2196
v  -0.6663 0.9064 -1.2770
v  -1.0628 1.5559 -1.1829
v  -1.1521 1.6045 0.5187
v  -1.3373 1.6964 0.5312
v  -1.0822 1.7614 0.6501
v  -1.2110 1.6109 -0.5533
v  -1.2929 1.8075 -0.3450
v  -1.1163 1.7389 -0.3568
v  -1.2657 1.8554 0.6497
v  -1.3416 1.8367 -0.7269
v  -1.3782 1.6882 -0.5391
v  -1.1461 1.7595 -0.7571
v  -1.4778 1.8755 -0.3493
v  -1.4157 1.8825 -0.1092
v  -1.1889 1.8155 -0.1338
v  -1.2353 1.9706 0.8136
v  -1.3191 1.9574 -0.9187
v  -1.2828 1.9419 1.0164
v  1.8973 -2.1746 -0.3973
v  1.8383 -2.1470 -0.1805
v  1.1207 -1.3697 1.1404
v  1.2597 -1.2097 1.1589
v  1.0954 -1.0489 1.1832
v  0.8297 -0.9680 -1.1420
v  -0.4477 0.4109 -1.2351
v  -0.6287 0.5573 -1.2413
v  -0.4833 0.7557 -1.2805
v  -0.2978 0.6075 -1.2674
v  -0.7086 1.2495 -1.2103
v  -0.8859 1.4027 -1.1996
v  -1.0364 1.5203 -0.5782
v  -1.0225 1.5272 -0.3413
v  -0.8539 1.4165 -0.6094
v  -1.1310 1.8300 -0.9818
v  1.7284 -1.9851 -0.8006
v  1.4683 -1.6151 -1.0596
v  1.3173 -1.4564 -1.0994
v  1.1589 -1.2957 -1.1302
v  0.9953 -1.1328 -1.1500
v  0.6426 -0.4792 -1.2063
v  0.6632 -0.8032 -1.1369
v  -0.2652 0.2660 -1.2290
v  -0.1135 0.4583 -1.2544
v  -0.5278 1.0997 -1.2208
v  -0.9583 1.6801 -1.0155
v  -0.9552 1.8034 -0.1739
v  1.9051 -2.0437 -0.6011
v  1.9919 -1.9981 0.0699
v  1.8329 -2.1401 0.0127
v  1.9332 -1.8768 -0.7812
v  1.5366 -1.9094 -0.9353
v  1.5681 -1.7178 -1.0090
v  1.1484 -0.9622 -1.1713
v  0.9815 -0.8014 -1.1757
v  0.2575 0.1594 -1.2295
v  -0.3454 0.9494 -1.2274
v  -0.4606 1.2350 0.4257
v  -0.6943 1.2824 0.2096
v  -0.6797 1.2358 0.4209
v  -0.8260 1.3843 -0.3781
v  -0.6441 1.3623 -0.4312
v  -0.7820 1.5380 -1.0356
v  -0.9041 1.6471 0.6557
v  -0.8671 1.7400 0.8436
v  -0.7587 1.4893 0.6429
v  -0.9047 1.5154 0.0538
v  -0.9020 1.7730 0.0800
v  1.9813 -1.9626 -0.1548
v  1.6966 -1.6229 -1.0164
v  1.7336 -1.7993 -0.9408
v  1.4583 -1.2881 -1.1150
v  1.3077 -1.1242 -1.1446
v  0.4701 -0.3190 -1.1903
v  0.2906 -0.1656 -1.1900
v  0.6250 -0.1479 -1.2197
v  0.4429 0.0083 -1.2190
v  0.0319 0.6480 -1.2250
v  -0.1571 0.8010 -1.2325
v  -0.2165 0.8790 0.3756
v  0.0120 0.8055 0.6286
v  -0.0128 0.7938 0.3797
v  -0.4544 1.2083 0.6556
v  -0.3414 1.3694 0.8155
v  -0.3028 1.0803 0.6304
v  -0.4417 1.1599 -0.0106
v  -0.5152 1.1504 -0.2169
v  -0.4646 1.4091 -0.0043
v  -0.6058 1.3924 -1.0494
v  -0.4266 1.2440 -1.0598
v  -0.7071 1.3438 0.0086
v  -0.4795 1.3342 0.2273
v  -0.7311 1.5899 1.0632
v  -0.5528 1.4661 1.0655
v  -0.5099 1.4982 0.8302
v  1.5920 -1.4547 -1.0733
v  0.8147 -0.6397 -1.2026
v  0.9698 -0.4678 -1.1659
v  0.7998 -0.3077 -1.1976
v  0.0726 0.3096 -1.2475
v  0.1886 0.7105 0.6319
v  0.1321 0.6797 0.3890
v  -0.3917 1.3109 -0.8350
v  -0.4962 1.1901 -0.6654
v  -0.2973 1.0592 -0.6839
v  -0.1996 1.1710 -0.8485
v  -0.6089 1.3352 0.6272
v  -0.5803 1.4408 -0.8181
v  2.0271 -2.0499 0.2791
v  2.0855 -1.7897 0.1068
v  2.2116 -1.8666 0.2791
v  1.3049 -0.7879 -1.1498
v  1.1382 -0.6279 -1.1517
v  0.5927 0.1823 -1.1881
v  0.4057 0.3380 -1.1999
v  0.2213 0.4957 -1.2193
v  0.4195 0.4096 0.2096
v  0.2514 0.5124 0.4134
v  0.4124 0.3612 0.4892
v  0.2221 0.5550 -0.4892
v  0.0322 0.7576 -0.2843
v  0.2537 0.6799 -0.2957
v  0.0233 0.9946 -0.0807
v  0.0755 0.7703 -0.0613
v  -0.0578 0.9413 -1.0723
v  -0.0367 0.9912 -0.3218
v  -0.2839 1.0182 -0.2594
v  -0.2169 1.0550 -0.0477
v  -0.1780 1.2445 0.8176
v  -0.2457 1.0917 -1.0652
v  1.8454 -1.4755 -1.0005
v  1.9144 -1.6740 -0.9204
v  1.7427 -1.2930 -1.0627
v  1.6103 -1.1184 -1.0946
v  1.4616 -0.9512 -1.1201
v  0.9513 -0.1358 -1.1573
v  0.7746 0.0238 -1.1743
v  0.6097 0.2603 0.5305
v  0.5472 0.5034 0.6515
v  0.3507 0.5917 0.6365
v  0.4538 0.4432 -0.4858
v  0.4302 0.5198 -0.2814
v  1.2941 -0.4545 -1.1129
v  1.1243 -0.2951 -1.1346
v  0.9422 -0.0245 0.3095
v  0.9409 -0.0474 0.5405
v  1.1266 -0.1891 0.5375
v  1.1664 -0.0796 0.3324
v  0.7755 0.1100 0.5429
v  0.9191 0.2617 0.6377
v  0.7389 0.3948 0.6489
v  0.6448 0.3347 -0.2334
v  0.6444 0.3265 0.0065
v  0.5116 0.4757 -1.0570
v  0.7054 0.3234 -1.0431
v  0.3222 0.6333 -1.0672
v  0.1817 0.8670 -0.8608
v  0.3746 0.7113 -0.8631
v  2.0090 -1.3225 -0.9441
v  2.0818 -1.5311 -0.8603
v  1.6144 -0.7792 -1.0553
v  1.7605 -0.9496 -1.0226
v  1.4598 -0.6140 -1.0879
v  0.9199 -0.0277 -0.1607
v  0.9376 -0.0275 0.0838
v  1.1471 -0.1335 0.1059
v  1.1236 -0.1931 -0.1217
v  1.0657 0.0076 -1.0147
v  0.8886 0.1646 -1.0271
v  0.8872 0.2471 -0.1918
v  0.5619 0.5434 -0.8577
v  2.2397 -1.7685 -0.5061
v  2.2475 -1.6027 -0.6570
v  2.3468 -1.6418 -0.4222
v  2.3477 -1.4709 -0.5153
v  2.3310 -1.6440 0.2469
v  2.1449 -1.5710 0.1140
v  2.2144 -1.3516 0.0710
v  1.8948 -1.1293 -0.9911
v  1.3459 -0.3086 -0.1196
v  1.3748 -0.2064 0.1029
v  1.2657 -0.0133 0.6149
v  1.3248 -0.2852 0.5215
v  1.2432 -0.1436 -1.0029
v  1.0128 -0.0340 -0.6171
v  0.8518 0.1187 -0.6537
v  0.9973 -0.0024 -0.3881
v  0.8906 0.1957 -0.4355
v  0.8270 0.4656 0.8399
v  0.9471 0.2411 -0.8148
v  0.7699 0.4055 -0.8311
v  2.3217 -1.3883 0.2474
v  1.7478 -0.6147 -0.9314
v  1.5886 -0.4493 -0.9635
v  1.4499 -0.1422 0.6134
v  1.4979 -0.4302 0.5168
v  1.6225 -0.2882 0.5994
v  1.1202 0.0838 -0.8007
v  1.0908 0.1223 0.6232
v  1.1691 0.1816 0.8267
v  0.9973 0.3225 0.8351
v  2.1553 -1.1690 -0.8337
v  2.2295 -1.3857 -0.7571
v  2.0362 -0.9670 -0.8736
v  1.8987 -0.7844 -0.9015
v  1.6983 -0.6036 -0.5147
v  1.5423 -0.4404 -0.5587
v  1.6084 -0.3291 -0.3584
v  1.3686 -0.3000 -0.5722
v  1.3712 -0.3010 -0.3460
v  1.5633 -0.3481 -0.1270
v  1.5637 -0.3378 0.0959
v  1.3337 0.0315 0.8182
v  2.4123 -1.4048 0.4207
v  2.2424 -1.1711 0.3927
v  2.3698 -1.1518 0.5355
v  2.0517 -0.8001 0.5076
v  1.8566 -0.6952 0.5126
v  1.9612 -0.5641 0.5967
v  2.1392 -0.7109 0.6066
v  1.7812 -0.4747 -0.3398
v  1.8780 -0.7367 -0.5051
v  1.9835 -0.5734 -0.3663
v  1.6590 -0.5925 0.5205
v  1.7934 -0.4264 0.5936
v  1.7221 -0.5069 0.0893
v  1.6805 -0.5639 0.2960
v  1.8949 -0.6382 0.3119
v  1.9237 -0.5659 0.1307
v  1.8149 -0.5004 -0.7193
v  1.9819 -0.6480 -0.7000
v  1.6458 -0.3427 -0.7475
v  1.6722 -0.2607 0.8033
v  1.5052 -0.1123 0.8169
v  2.2454 -1.2168 -0.4073
v  2.1598 -1.0296 -0.4576
v  2.2598 -0.9395 -0.2856
v  2.1340 -0.8172 -0.6910
v  2.0925 -0.7433 0.3346
v  1.7474 -0.4933 -0.1220
v  2.0027 -0.5576 -0.1227
v  2.1357 -0.7018 0.1297
v  2.1578 -0.7161 -0.1022
v  -1.4802 0.3985 0.9455
v  -1.0194 0.2520 1.0938
v  -1.5860 0.7230 0.0213
v  -1.4508 1.0669 1.2376
v  -0.8901 0.3976 1.1890
v  -1.0984 0.8160 1.2512
v  -1.4922 1.3567 1.2603
v  -1.6698 1.4735 1.2183
v  -0.7169 0.2658 1.1860
v  -0.9248 0.6870 1.2509
v  -1.6294 1.1884 1.2194
v  -0.9558 0.9838 1.2775
v  -1.6997 1.7460 1.1392
v  -0.0414 -0.2939 1.1880
v  -0.7812 0.8555 1.2660
v  -1.6760 1.8280 0.5075
v  -1.6657 1.8961 0.6410
v  0.1271 -0.4376 1.1790
v  -0.5456 0.1309 1.1862
v  -0.6076 0.7264 1.2571
v  -1.1684 1.4072 1.2646
v  -1.5623 1.8954 1.0871
v  1.3013 -2.1157 0.7350
v  1.3077 -2.0352 0.8892
v  0.9813 -1.5189 1.0864
v  0.2917 -0.5882 1.1870
v  -0.8128 1.1542 1.2539
v  -1.6430 1.9883 -0.3714
v  1.5250 -2.1232 0.7885
v  0.7906 -1.0529 1.1819
v  0.2652 -0.2762 1.2145
v  -0.6386 1.0258 1.2453
v  -1.0299 1.5730 1.2003
v  -1.4922 1.8044 0.5415
v  1.7046 -2.0033 0.8427
v  1.4495 -1.9643 0.9285
v  0.9566 -1.2103 1.1628
v  -0.2944 0.7655 1.2382
v  -0.4659 0.8967 1.2387
v  -0.9894 1.2818 1.2623
v  -1.1264 1.6639 0.2919
v  -1.3143 1.7992 0.3247
v  -1.0983 1.8274 1.0461
v  1.8475 -2.2400 0.2215
v  1.7729 -2.1263 0.6583
v  0.9301 -0.8896 1.2010
v  0.7637 -0.7323 1.2116
v  0.5971 -0.5779 1.2072
v  0.4038 -0.1096 1.2134
v  -0.1247 0.6305 1.2336
v  -0.5010 1.1921 1.1839
v  -0.6737 1.3209 1.1942
v  -0.8497 1.4485 1.2011
v  -1.1340 1.7543 0.0795
v  -1.3448 1.8701 0.1154
v  1.5901 -1.8431 0.9739
v  0.5698 -0.2583 1.1937
v  -0.8392 1.4052 0.4545
v  -0.7569 1.3636 -0.1865
v  -0.9488 1.5517 -0.1477
v  -0.9540 1.5526 0.5102
v  -0.8658 1.4540 0.2552
v  -0.9012 1.6873 0.3170
v  -0.9142 1.7092 1.0607
v  -0.9546 1.6648 -0.7757
v  -1.0457 1.8635 0.8354
v  1.9583 -1.9611 0.6833
v  1.8651 -1.8439 0.8600
v  1.7357 -1.6931 0.9909
v  0.7354 -0.4107 1.1877
v  0.4314 -0.4250 1.2006
v  0.3753 0.2057 1.2049
v  0.2096 0.3500 1.2186
v  0.0430 0.4917 1.2249
v  -0.1581 0.9331 1.1796
v  -0.3281 1.0648 1.1829
v  -0.6818 1.3136 -0.6507
v  -0.7678 1.5547 -0.7962
v  2.0294 -2.0517 0.4950
v  1.5855 -1.5358 1.0838
v  1.4226 -1.3718 1.1245
v  1.2313 -0.8814 1.1707
v  1.0670 -0.7219 1.1860
v  0.9015 -0.5650 1.1928
v  0.5407 0.0598 1.1868
v  0.1778 0.6605 1.1778
v  0.0109 0.7997 1.1809
v  -0.3460 1.0648 0.3961
v  -0.5530 1.1292 -0.4485
v  -0.3430 0.9856 -0.4760
v  -0.2054 1.2163 1.0625
v  -0.3785 1.3402 1.0622
v  -0.5090 1.4217 -0.2503
v  -0.6822 1.6272 0.8352
v  2.0617 -1.9968 -0.3539
v  2.0169 -1.6746 0.8637
v  1.8776 -1.5307 0.9939
v  1.3955 -1.0428 1.1521
v  0.8731 -0.2401 1.1718
v  0.7074 -0.0883 1.1789
v  0.3416 0.5169 1.1626
v  -0.2006 0.9481 0.1484
v  -0.1293 0.8885 -0.5140
v  -0.0955 0.9259 -0.7004
v  -0.3730 1.1294 0.1925
v  -0.0372 1.0840 1.0591
v  2.0889 -1.9087 -0.5599
v  2.2118 -1.8618 0.4991
v  2.1266 -1.7818 0.6880
v  1.7212 -1.3719 1.0761
v  1.5581 -1.2065 1.1190
v  1.2024 -0.5509 1.1584
v  1.0381 -0.3944 1.1691
v  0.6753 0.2302 1.1478
v  0.5074 0.3737 1.1506
v  0.0205 0.7064 -0.4991
v  0.2929 0.8120 1.0618
v  0.1290 0.9513 1.0589
v  2.1025 -1.7438 -0.7356
v  2.0765 -1.7726 -0.1281
v  2.0044 -1.3595 0.9717
v  1.3650 -0.7102 1.1410
v  0.8417 0.0821 1.1418
v  0.2475 0.5525 0.1682
v  0.4564 0.6706 1.0584
v  0.1294 0.7420 0.1616
v  0.2623 0.6273 -0.0598
v  0.2947 0.6279 -0.6866
v  0.0971 0.7768 -0.6878
v  0.1322 0.7882 -1.0710
v  0.0149 0.9099 0.1615
v  -0.0104 1.1165 0.7969
v  0.1513 0.9863 0.8008
v  -0.0098 1.0202 -0.8621
v  2.1980 -1.8270 -0.3107
v  2.2712 -1.5912 0.6704
v  2.1519 -1.4963 0.8456
v  1.6865 -1.0362 1.0916
v  1.5262 -0.8718 1.1193
v  1.1691 -0.2247 1.1130
v  1.0060 -0.0705 1.1265
v  0.7908 0.1486 0.2934
v  0.6159 0.3010 0.2621
v  0.4328 0.4864 -0.0376
v  0.6251 0.5320 1.0530
v  0.4937 0.4656 -0.6867
v  0.3200 0.8604 0.8273
v  2.3498 -1.6476 0.4698
v  2.1390 -1.5671 -0.1187
v  1.8469 -1.2014 1.0505
v  1.3322 -0.3797 1.1000
v  1.4923 -0.5386 1.0811
v  0.8432 0.1931 0.0602
v  0.6731 0.2925 -0.6697
v  0.6303 0.2632 -0.4583
v  0.7917 0.3879 1.0422
v  0.9540 0.2365 1.0305
v  0.4861 0.7327 0.8388
v  0.6559 0.6026 0.8450
v  2.2486 -1.6133 -0.2888
v  2.2584 -1.3131 0.7951
v  2.1068 -1.1868 0.9159
v  1.6514 -0.6992 1.0623
v  1.1573 -0.1785 -0.3519
v  1.1829 -0.1776 -0.5928
v  1.2830 -0.0651 1.0071
v  1.1171 0.0845 1.0162
v  2.3802 -1.3806 0.6242
v  2.2809 -1.4026 -0.3260
v  2.1862 -1.3517 -0.1452
v  1.8034 -0.8651 1.0309
v  1.5280 -0.3829 0.3076
v  1.4476 -0.2175 0.9973
v  1.6057 -0.3761 0.9755
v  1.4173 -0.2958 -0.9834
v  1.3743 -0.2028 0.3230
v  2.1809 -1.0202 0.8401
v  1.9537 -1.0323 0.9873
v  2.0464 -0.8732 0.9026
v  1.7651 -0.5335 0.9641
v  1.2937 -0.0674 -0.7858
v  1.4712 -0.2012 -0.7619
v  2.3094 -1.1209 0.7215
v  2.2585 -1.1508 -0.2118
v  2.2040 -0.9778 0.5196
v  1.9092 -0.7030 0.9389
v  2.3251 -1.2550 -0.5964
v  2.2487 -1.0286 -0.6633
v  2.2778 -0.9178 0.6284
v  2.2079 -0.8849 0.7593
v  2.2206 -0.9367 0.3542
v  2.1121 -0.7374 0.7753
v  1.9803 -0.5753 0.7903
v  1.8343 -0.4125 0.7971
v  2.2963 -1.1342 0.0051
v  2.2776 -0.9056 -0.0584
v  2.2822 -1.1366 0.2060
v  2.2728 -0.8961 0.1623
v  2.0591 -0.8508 -0.4988
v  2.1467 -0.7438 -0.3492
v  -0.1603 0.9258 0.6308
v  -0.5987 0.2162 -1.1766
v  -2.0191 1.6485 -0.5106
# 856 vertices

vn -0.8154 -0.5718 -0.0906
vn -0.6782 -0.1856 -0.7111
vn -0.6348 -0.3904 -0.6668
vn -0.7328 -0.6803 -0.0134
vn -0.5640 -0.3600 -0.7431
vn -0.6709 -0.5823 -0.4591
vn -0.6348 -0.3904 -0.6668
vn -0.6979 -0.3844 -0.6043
vn -0.6782 -0.1856 -0.7111
vn -0.7063 -0.2938 -0.6441
vn -0.6979 -0.3844 -0.6043
vn -0.6348 -0.3904 -0.6668
vn -0.6709 -0.5823 -0.4591
vn -0.6787 -0.7280 0.0965
vn -0.7328 -0.6803 -0.0134
vn -0.6348 -0.3904 -0.6668
vn -0.6883 -0.6763 -0.2624
vn -0.6360 -0.7506 0.1793
vn -0.6787 -0.7280 0.0965
vn -0.6709 -0.5823 -0.4591
vn -0.7328 -0.6803 -0.0134
vn -0.6329 -0.6913 0.3487
vn -0.7152 -0.6204 0.3218
vn -0.8154 -0.5718 -0.0906
vn -0.6787 -0.7280 0.0965
vn -0.5735 -0.7116 0.4058
vn -0.6329 -0.6913 0.3487
vn -0.7328 -0.6803 -0.0134
vn -0.9220 -0.3870 0.0123
vn -0.7900 -0.0304 -0.6124
vn -0.6782 -0.1856 -0.7111
vn -0.8154 -0.5718 -0.0906
vn -0.7919 -0.4573 0.4047
vn -0.9220 -0.3870 0.0123
vn -0.8154 -0.5718 -0.0906
vn -0.7152 -0.6204 0.3218
vn -0.6477 -0.4601 0.6073
vn -0.7919 -0.4573 0.4047
vn -0.7152 -0.6204 0.3218
vn -0.5716 -0.5438 0.6145
vn -0.6329 -0.6913 0.3487
vn -0.4880 -0.5803 0.6520
vn -0.5716 -0.5438 0.6145
vn -0.7152 -0.6204 0.3218
vn -0.9220 -0.3870 0.0123
vn -0.9209 -0.1964 0.3368
vn -0.9356 0.0784 -0.3442
vn -0.7900 -0.0304 -0.6124
vn -0.7919 -0.4573 0.4047
vn -0.7103 -0.2692 0.6503
vn -0.9209 -0.1964 0.3368
vn -0.9220 -0.3870 0.0123
vn -0.5315 -0.3143 0.7866
vn -0.6477 -0.4601 0.6073
vn -0.5716 -0.5438 0.6145
vn -0.4080 -0.3768 0.8316
vn -0.6477 -0.4601 0.6073
vn -0.5315 -0.3143 0.7866
vn -0.7103 -0.2692 0.6503
vn -0.7919 -0.4573 0.4047
vn -0.5735 -0.7116 0.4058
vn -0.6787 -0.7280 0.0965
vn -0.6360 -0.7506 0.1793
vn -0.5410 -0.7069 0.4557
vn -0.6889 -0.6629 -0.2931
vn -0.6055 -0.7300 -0.3170
vn -0.6775 -0.6408 0.3611
vn -0.6593 -0.5157 0.5472
vn -0.6055 -0.7300 -0.3170
vn -0.4568 -0.5941 -0.6621
vn -0.4229 -0.6293 -0.6521
vn -0.5703 -0.7547 -0.3242
vn -0.4568 -0.5941 -0.6621
vn -0.6055 -0.7300 -0.3170
vn -0.6889 -0.6629 -0.2931
vn -0.5420 -0.5079 -0.6695
vn -0.5703 -0.7547 -0.3242
vn -0.7036 -0.6767 0.2167
vn -0.6775 -0.6408 0.3611
vn -0.6055 -0.7300 -0.3170
vn -0.6889 -0.6629 -0.2931
vn -0.6593 -0.5157 0.5472
vn -0.7344 -0.3277 0.5944
vn -0.8066 -0.5323 -0.2570
vn -0.6198 -0.3023 0.7242
vn -0.6593 -0.5157 0.5472
vn -0.6775 -0.6408 0.3611
vn -0.6968 -0.3755 0.6111
vn -0.5788 -0.1774 0.7960
vn -0.7344 -0.3277 0.5944
vn -0.6593 -0.5157 0.5472
vn -0.6198 -0.3023 0.7242
vn -0.8066 -0.5323 -0.2570
vn -0.6388 -0.3732 -0.6728
vn -0.5420 -0.5079 -0.6695
vn -0.6889 -0.6629 -0.2931
vn -0.5735 -0.7116 0.4058
vn -0.4367 -0.5897 0.6794
vn -0.4880 -0.5803 0.6520
vn -0.6329 -0.6913 0.3487
vn -0.4367 -0.5897 0.6794
vn -0.5735 -0.7116 0.4058
vn -0.5410 -0.7069 0.4557
vn -0.4397 -0.5854 0.6812
vn -0.4880 -0.5803 0.6520
vn -0.3376 -0.4183 0.8432
vn -0.4080 -0.3768 0.8316
vn -0.5716 -0.5438 0.6145
vn -0.3376 -0.4183 0.8432
vn -0.4880 -0.5803 0.6520
vn -0.4367 -0.5897 0.6794
vn -0.3246 -0.4303 0.8423
vn -0.3061 -0.2421 0.9207
vn -0.4080 -0.3768 0.8316
vn -0.3376 -0.4183 0.8432
vn -0.2462 -0.2894 0.9250
vn -0.6388 -0.3732 -0.6728
vn -0.8066 -0.5323 -0.2570
vn -0.9303 -0.3248 -0.1707
vn -0.7459 -0.1856 -0.6397
vn -0.8066 -0.5323 -0.2570
vn -0.7344 -0.3277 0.5944
vn -0.7727 -0.1350 0.6202
vn -0.9303 -0.3248 -0.1707
vn -0.5829 -0.0495 0.8111
vn -0.7727 -0.1350 0.6202
vn -0.7344 -0.3277 0.5944
vn -0.5788 -0.1774 0.7960
vn -0.7063 -0.2938 -0.6441
vn -0.6782 -0.1856 -0.7111
vn -0.7900 -0.0304 -0.6124
vn -0.7830 -0.0579 -0.6193
vn -0.7848 0.0882 0.6134
vn -0.9946 0.0848 0.0599
vn -0.9303 -0.3248 -0.1707
vn -0.7727 -0.1350 0.6202
vn -0.5315 -0.3143 0.7866
vn -0.4172 -0.1724 0.8923
vn -0.5675 -0.0973 0.8176
vn -0.7103 -0.2692 0.6503
vn -0.4172 -0.1724 0.8923
vn -0.5315 -0.3143 0.7866
vn -0.4080 -0.3768 0.8316
vn -0.3061 -0.2421 0.9207
vn -0.5917 -0.0243 0.8058
vn -0.7848 0.0882 0.6134
vn -0.7727 -0.1350 0.6202
vn -0.5829 -0.0495 0.8111
vn -0.7459 -0.1856 -0.6397
vn -0.9303 -0.3248 -0.1707
vn -0.9946 0.0848 0.0599
vn -0.9102 0.1969 -0.3643
vn -0.8544 0.3304 0.4009
vn -0.9946 0.0848 0.0599
vn -0.7848 0.0882 0.6134
vn -0.9378 -0.1138 0.3280
vn -0.9673 0.2313 0.1043
vn -0.9356 0.0784 -0.3442
vn -0.9209 -0.1964 0.3368
vn -0.7781 -0.0039 0.6281
vn -0.7195 0.2765 -0.6370
vn -0.7830 -0.0579 -0.6193
vn -0.7900 -0.0304 -0.6124
vn -0.9356 0.0784 -0.3442
vn -0.7474 0.4200 -0.5148
vn -0.7195 0.2765 -0.6370
vn -0.9356 0.0784 -0.3442
vn -0.9673 0.2313 0.1043
vn -0.6512 -0.7583 -0.0295
vn -0.6003 -0.7543 0.2658
vn -0.6119 -0.7558 0.2331
vn -0.6779 -0.7267 -0.1113
vn -0.5294 -0.6960 0.4850
vn -0.6119 -0.7558 0.2331
vn -0.6003 -0.7543 0.2658
vn -0.5270 -0.6892 0.4972
vn -0.6003 -0.7543 0.2658
vn -0.6512 -0.7583 -0.0295
vn -0.6247 -0.7809 -0.0018
vn -0.5909 -0.7562 0.2810
vn -0.6779 -0.7267 -0.1113
vn -0.6119 -0.7558 0.2331
vn -0.6360 -0.7506 0.1793
vn -0.6883 -0.6763 -0.2624
vn -0.5410 -0.7069 0.4557
vn -0.6360 -0.7506 0.1793
vn -0.6119 -0.7558 0.2331
vn -0.5294 -0.6960 0.4850
vn -0.6512 -0.7583 -0.0295
vn -0.5874 -0.5871 -0.5570
vn -0.5614 -0.6542 -0.5067
vn -0.6247 -0.7809 -0.0018
vn -0.6779 -0.7267 -0.1113
vn -0.6040 -0.5151 -0.6082
vn -0.5874 -0.5871 -0.5570
vn -0.6512 -0.7583 -0.0295
vn -0.6040 -0.5151 -0.6082
vn -0.6779 -0.7267 -0.1113
vn -0.6883 -0.6763 -0.2624
vn -0.5653 -0.4411 -0.6970
vn -0.8372 -0.4940 -0.2345
vn -0.8018 -0.5965 -0.0353
vn -0.5874 -0.5871 -0.5570
vn -0.6040 -0.5151 -0.6082
vn -0.7480 -0.4358 0.5006
vn -0.7036 -0.6767 0.2167
vn -0.7126 -0.6964 0.0845
vn -0.7613 -0.4823 0.4334
vn -0.6864 -0.7264 -0.0328
vn -0.6872 -0.5573 0.4661
vn -0.7613 -0.4823 0.4334
vn -0.7126 -0.6964 0.0845
vn -0.8372 -0.4940 -0.2345
vn -0.7613 -0.4823 0.4334
vn -0.6872 -0.5573 0.4661
vn -0.8018 -0.5965 -0.0353
vn -0.6968 -0.3755 0.6111
vn -0.6775 -0.6408 0.3611
vn -0.7036 -0.6767 0.2167
vn -0.7480 -0.4358 0.5006
vn -0.5714 -0.7554 -0.3206
vn -0.7126 -0.6964 0.0845
vn -0.7036 -0.6767 0.2167
vn -0.5703 -0.7547 -0.3242
vn -0.8403 -0.4891 -0.2337
vn -0.7480 -0.4358 0.5006
vn -0.7613 -0.4823 0.4334
vn -0.8372 -0.4940 -0.2345
vn -0.5653 -0.4411 -0.6970
vn -0.6883 -0.6763 -0.2624
vn -0.6709 -0.5823 -0.4591
vn -0.5640 -0.3600 -0.7431
vn -0.5270 -0.6892 0.4972
vn -0.4527 -0.6001 0.6595
vn -0.4522 -0.5923 0.6668
vn -0.5294 -0.6960 0.4850
vn -0.4397 -0.5854 0.6812
vn -0.5410 -0.7069 0.4557
vn -0.5294 -0.6960 0.4850
vn -0.4522 -0.5923 0.6668
vn -0.8372 -0.4940 -0.2345
vn -0.6040 -0.5151 -0.6082
vn -0.5653 -0.4411 -0.6970
vn -0.8403 -0.4891 -0.2337
vn -0.8817 -0.4553 -0.1236
vn -0.6968 -0.3755 0.6111
vn -0.7480 -0.4358 0.5006
vn -0.8403 -0.4891 -0.2337
vn -0.6968 -0.3755 0.6111
vn -0.8817 -0.4553 -0.1236
vn -0.8630 -0.4999 0.0735
vn -0.6198 -0.3023 0.7242
vn -0.5640 -0.3600 -0.7431
vn -0.8817 -0.4553 -0.1236
vn -0.8403 -0.4891 -0.2337
vn -0.5653 -0.4411 -0.6970
vn -0.8817 -0.4553 -0.1236
vn -0.5640 -0.3600 -0.7431
vn -0.6979 -0.3844 -0.6043
vn -0.8630 -0.4999 0.0735
vn -0.2485 -0.2951 0.9226
vn -0.3246 -0.4303 0.8423
vn -0.3619 -0.4256 0.8294
vn -0.2635 -0.2753 0.9245
vn -0.4397 -0.5854 0.6812
vn -0.3619 -0.4256 0.8294
vn -0.3246 -0.4303 0.8423
vn -0.4367 -0.5897 0.6794
vn -0.2462 -0.2894 0.9250
vn -0.3376 -0.4183 0.8432
vn -0.3246 -0.4303 0.8423
vn -0.2485 -0.2951 0.9226
vn -0.7781 -0.0039 0.6281
vn -0.9209 -0.1964 0.3368
vn -0.7103 -0.2692 0.6503
vn -0.5675 -0.0973 0.8176
vn -0.5675 -0.0973 0.8176
vn -0.4521 0.0652 0.8896
vn -0.6147 0.2093 0.7604
vn -0.7781 -0.0039 0.6281
vn -0.4172 -0.1724 0.8923
vn -0.3281 -0.0439 0.9436
vn -0.4521 0.0652 0.8896
vn -0.5675 -0.0973 0.8176
vn -0.8544 0.3304 0.4009
vn -0.8463 0.4616 0.2658
vn -0.9102 0.1969 -0.3643
vn -0.9946 0.0848 0.0599
vn -0.9102 0.1969 -0.3643
vn -0.8251 0.4027 -0.3962
vn -0.5583 0.0504 -0.8281
vn -0.7459 -0.1856 -0.6397
vn -0.7781 -0.0039 0.6281
vn -0.6147 0.2093 0.7604
vn -0.8314 0.4859 0.2694
vn -0.9673 0.2313 0.1043
vn -0.8314 0.4859 0.2694
vn -0.6654 0.5601 -0.4935
vn -0.7474 0.4200 -0.5148
vn -0.9673 0.2313 0.1043
vn -0.5874 -0.5871 -0.5570
vn -0.8018 -0.5965 -0.0353
vn -0.6639 -0.7472 0.0282
vn -0.5614 -0.6542 -0.5067
vn -0.5807 -0.6710 -0.4610
vn -0.6206 -0.7841 0.0060
vn -0.6247 -0.7809 -0.0018
vn -0.5614 -0.6542 -0.5067
vn -0.5909 -0.7562 0.2810
vn -0.5247 -0.6866 0.5033
vn -0.5270 -0.6892 0.4972
vn -0.6003 -0.7543 0.2658
vn -0.5909 -0.7562 0.2810
vn -0.6247 -0.7809 -0.0018
vn -0.6206 -0.7841 0.0060
vn -0.5896 -0.7574 0.2805
vn -0.5247 -0.6866 0.5033
vn -0.5909 -0.7562 0.2810
vn -0.5896 -0.7574 0.2805
vn -0.5269 -0.6827 0.5062
vn -0.5897 -0.7529 -0.2922
vn -0.6245 -0.7760 -0.0885
vn -0.6864 -0.7264 -0.0328
vn -0.5877 -0.7530 -0.2960
vn -0.7126 -0.6964 0.0845
vn -0.5714 -0.7554 -0.3206
vn -0.5877 -0.7530 -0.2960
vn -0.6864 -0.7264 -0.0328
vn -0.4238 -0.6309 -0.6499
vn -0.5714 -0.7554 -0.3206
vn -0.5703 -0.7547 -0.3242
vn -0.4229 -0.6293 -0.6521
vn -0.5714 -0.7554 -0.3206
vn -0.4238 -0.6309 -0.6499
vn -0.4464 -0.6168 -0.6483
vn -0.5877 -0.7530 -0.2960
vn -0.4591 -0.1335 -0.8783
vn -0.6388 -0.3732 -0.6728
vn -0.7459 -0.1856 -0.6397
vn -0.5583 0.0504 -0.8281
vn -0.7830 -0.0579 -0.6193
vn -0.8820 -0.4548 0.1231
vn -0.6905 -0.7205 -0.0635
vn -0.7063 -0.2938 -0.6441
vn -0.8820 -0.4548 0.1231
vn -0.7830 -0.0579 -0.6193
vn -0.7195 0.2765 -0.6370
vn -0.9335 0.3378 -0.1204
vn -0.3281 -0.0439 0.9436
vn -0.4172 -0.1724 0.8923
vn -0.3061 -0.2421 0.9207
vn -0.2266 -0.1253 0.9659
vn -0.2266 -0.1253 0.9659
vn -0.3061 -0.2421 0.9207
vn -0.2462 -0.2894 0.9250
vn -0.1737 -0.1714 0.9698
vn -0.8431 -0.4860 0.2302
vn -0.8759 -0.4143 0.2473
vn -0.5917 -0.0243 0.8058
vn -0.5829 -0.0495 0.8111
vn -0.5917 -0.0243 0.8058
vn -0.8759 -0.4143 0.2473
vn -0.9378 -0.1138 0.3280
vn -0.7848 0.0882 0.6134
vn -0.6910 -0.7163 -0.0972
vn -0.6905 -0.7205 -0.0635
vn -0.8820 -0.4548 0.1231
vn -0.8062 -0.4655 0.3652
vn -0.8062 -0.4655 0.3652
vn -0.9293 -0.2215 0.2955
vn -0.8178 -0.5182 -0.2503
vn -0.6910 -0.7163 -0.0972
vn -0.6910 -0.7163 -0.0972
vn -0.8178 -0.5182 -0.2503
vn -0.7682 -0.5752 -0.2811
vn -0.6966 -0.6959 -0.1747
vn -0.8820 -0.4548 0.1231
vn -0.9335 0.3378 -0.1204
vn -0.7152 0.0683 0.6956
vn -0.8062 -0.4655 0.3652
vn -0.7474 0.4200 -0.5148
vn -0.6654 0.5601 -0.4935
vn -0.9335 0.3378 -0.1204
vn -0.7195 0.2765 -0.6370
vn -0.6152 -0.7883 0.0089
vn -0.5892 -0.7628 0.2663
vn -0.5896 -0.7574 0.2805
vn -0.6206 -0.7841 0.0060
vn -0.6152 -0.7883 0.0089
vn -0.6206 -0.7841 0.0060
vn -0.5807 -0.6710 -0.4610
vn -0.5935 -0.6785 -0.4329
vn -0.5892 -0.7628 0.2663
vn -0.5359 -0.6809 0.4992
vn -0.5269 -0.6827 0.5062
vn -0.5896 -0.7574 0.2805
vn -0.6152 -0.7883 0.0089
vn -0.5726 -0.8196 -0.0207
vn -0.5763 -0.7814 0.2392
vn -0.5892 -0.7628 0.2663
vn -0.5377 -0.6962 0.4756
vn -0.5359 -0.6809 0.4992
vn -0.5892 -0.7628 0.2663
vn -0.5763 -0.7814 0.2392
vn -0.5897 -0.7529 -0.2922
vn -0.5806 -0.7565 -0.3009
vn -0.6095 -0.7874 -0.0921
vn -0.6245 -0.7760 -0.0885
vn -0.6245 -0.7760 -0.0885
vn -0.6095 -0.7874 -0.0921
vn -0.5326 -0.7429 0.4056
vn -0.5734 -0.6924 0.4381
vn -0.5806 -0.7565 -0.3009
vn -0.5738 -0.7551 -0.3170
vn -0.6122 -0.7838 -0.1042
vn -0.6095 -0.7874 -0.0921
vn -0.6095 -0.7874 -0.0921
vn -0.6122 -0.7838 -0.1042
vn -0.4968 -0.7602 0.4186
vn -0.5326 -0.7429 0.4056
vn -0.6864 -0.7264 -0.0328
vn -0.6245 -0.7760 -0.0885
vn -0.5734 -0.6924 0.4381
vn -0.6872 -0.5573 0.4661
vn -0.4621 -0.6018 -0.6514
vn -0.5897 -0.7529 -0.2922
vn -0.5877 -0.7530 -0.2960
vn -0.4464 -0.6168 -0.6483
vn -0.5806 -0.7565 -0.3009
vn -0.5897 -0.7529 -0.2922
vn -0.4621 -0.6018 -0.6514
vn -0.4553 -0.6057 -0.6525
vn -0.4564 -0.5962 0.6605
vn -0.5269 -0.6827 0.5062
vn -0.5359 -0.6809 0.4992
vn -0.4790 -0.5873 0.6524
vn -0.4527 -0.6001 0.6595
vn -0.5270 -0.6892 0.4972
vn -0.5247 -0.6866 0.5033
vn -0.4496 -0.6014 0.6604
vn -0.4496 -0.6014 0.6604
vn -0.5247 -0.6866 0.5033
vn -0.5269 -0.6827 0.5062
vn -0.4564 -0.5962 0.6605
vn -0.6639 -0.7472 0.0282
vn -0.8018 -0.5965 -0.0353
vn -0.6872 -0.5573 0.4661
vn -0.5734 -0.6924 0.4381
vn -0.6639 -0.7472 0.0282
vn -0.5734 -0.6924 0.4381
vn -0.5326 -0.7429 0.4056
vn -0.6261 -0.7798 -0.0058
vn -0.5326 -0.7429 0.4056
vn -0.4968 -0.7602 0.4186
vn -0.5873 -0.8092 0.0151
vn -0.6261 -0.7798 -0.0058
vn -0.6261 -0.7798 -0.0058
vn -0.5807 -0.6710 -0.4610
vn -0.5614 -0.6542 -0.5067
vn -0.6639 -0.7472 0.0282
vn -0.3012 -0.4052 -0.8632
vn -0.4621 -0.6018 -0.6514
vn -0.4464 -0.6168 -0.6483
vn -0.2651 -0.4339 -0.8611
vn -0.4527 -0.6001 0.6595
vn -0.3362 -0.4572 0.8234
vn -0.3557 -0.4479 0.8203
vn -0.4522 -0.5923 0.6668
vn -0.3362 -0.4572 0.8234
vn -0.4527 -0.6001 0.6595
vn -0.4496 -0.6014 0.6604
vn -0.3350 -0.4551 0.8250
vn -0.3619 -0.4256 0.8294
vn -0.4397 -0.5854 0.6812
vn -0.4522 -0.5923 0.6668
vn -0.3557 -0.4479 0.8203
vn -0.5420 -0.5079 -0.6695
vn -0.3570 -0.2734 -0.8932
vn -0.2640 -0.3750 -0.8887
vn -0.4568 -0.5941 -0.6621
vn -0.4568 -0.5941 -0.6621
vn -0.2640 -0.3750 -0.8887
vn -0.2358 -0.4187 -0.8770
vn -0.4229 -0.6293 -0.6521
vn -0.3570 -0.2734 -0.8932
vn -0.5420 -0.5079 -0.6695
vn -0.6388 -0.3732 -0.6728
vn -0.4591 -0.1335 -0.8783
vn -0.1737 -0.1714 0.9698
vn -0.2462 -0.2894 0.9250
vn -0.2485 -0.2951 0.9226
vn -0.1582 -0.1747 0.9718
vn -0.7993 -0.5549 0.2307
vn -0.5788 -0.1774 0.7960
vn -0.6198 -0.3023 0.7242
vn -0.8630 -0.4999 0.0735
vn -0.8431 -0.4860 0.2302
vn -0.5829 -0.0495 0.8111
vn -0.5788 -0.1774 0.7960
vn -0.7993 -0.5549 0.2307
vn -0.7116 -0.6923 -0.1196
vn -0.6979 -0.3844 -0.6043
vn -0.7063 -0.2938 -0.6441
vn -0.6905 -0.7205 -0.0635
vn -0.9974 0.0479 0.0531
vn -0.9434 -0.1224 -0.3084
vn -0.8178 -0.5182 -0.2503
vn -0.9293 -0.2215 0.2955
vn -0.8178 -0.5182 -0.2503
vn -0.9434 -0.1224 -0.3084
vn -0.8774 -0.2327 -0.4196
vn -0.7682 -0.5752 -0.2811
vn -0.7189 0.2378 0.6532
vn -0.8688 0.3772 0.3207
vn -0.9974 0.0479 0.0531
vn -0.9293 -0.2215 0.2955
vn -0.7152 0.0683 0.6956
vn -0.7189 0.2378 0.6532
vn -0.9293 -0.2215 0.2955
vn -0.8062 -0.4655 0.3652
vn -0.5468 0.6660 -0.5074
vn -0.6654 0.5601 -0.4935
vn -0.8314 0.4859 0.2694
vn -0.6960 0.6761 0.2418
vn -0.6960 0.6761 0.2418
vn -0.8314 0.4859 0.2694
vn -0.6147 0.2093 0.7604
vn -0.4910 0.3815 0.7832
vn -0.5726 -0.8196 -0.0207
vn -0.6152 -0.7883 0.0089
vn -0.5935 -0.6785 -0.4329
vn -0.5240 -0.7266 -0.4444
vn -0.5726 -0.8196 -0.0207
vn -0.5528 -0.8280 -0.0945
vn -0.5776 -0.7903 0.2046
vn -0.5763 -0.7814 0.2392
vn -0.5528 -0.8280 -0.0945
vn -0.5726 -0.8196 -0.0207
vn -0.5240 -0.7266 -0.4444
vn -0.4987 -0.7493 -0.4358
vn -0.5935 -0.6785 -0.4329
vn -0.5807 -0.6710 -0.4610
vn -0.6261 -0.7798 -0.0058
vn -0.5873 -0.8092 0.0151
vn -0.5240 -0.7266 -0.4444
vn -0.5935 -0.6785 -0.4329
vn -0.5873 -0.8092 0.0151
vn -0.4609 -0.8842 0.0753
vn -0.5738 -0.7551 -0.3170
vn -0.5690 -0.7470 -0.3440
vn -0.5923 -0.7952 -0.1300
vn -0.6122 -0.7838 -0.1042
vn -0.6122 -0.7838 -0.1042
vn -0.5923 -0.7952 -0.1300
vn -0.4288 -0.7966 0.4261
vn -0.4968 -0.7602 0.4186
vn -0.4553 -0.6057 -0.6525
vn -0.4580 -0.6021 -0.6540
vn -0.5738 -0.7551 -0.3170
vn -0.5806 -0.7565 -0.3009
vn -0.3538 -0.4524 0.8186
vn -0.4564 -0.5962 0.6605
vn -0.4790 -0.5873 0.6524
vn -0.3850 -0.4452 0.8084
vn -0.3350 -0.4551 0.8250
vn -0.4496 -0.6014 0.6604
vn -0.4564 -0.5962 0.6605
vn -0.3538 -0.4524 0.8186
vn -0.4229 -0.6293 -0.6521
vn -0.2358 -0.4187 -0.8770
vn -0.2438 -0.4375 -0.8655
vn -0.4238 -0.6309 -0.6499
vn -0.4238 -0.6309 -0.6499
vn -0.2438 -0.4375 -0.8655
vn -0.2651 -0.4339 -0.8611
vn -0.4464 -0.6168 -0.6483
vn -0.2635 -0.2753 0.9245
vn -0.3619 -0.4256 0.8294
vn -0.3557 -0.4479 0.8203
vn -0.2156 -0.2878 0.9331
vn -0.2635 -0.2753 0.9245
vn -0.1335 -0.1544 0.9789
vn -0.1582 -0.1747 0.9718
vn -0.2485 -0.2951 0.9226
vn -0.8630 -0.4999 0.0735
vn -0.6979 -0.3844 -0.6043
vn -0.7116 -0.6923 -0.1196
vn -0.7993 -0.5549 0.2307
vn -0.6966 -0.6959 -0.1747
vn -0.8431 -0.4860 0.2302
vn -0.7993 -0.5549 0.2307
vn -0.7116 -0.6923 -0.1196
vn -0.8759 -0.4143 0.2473
vn -0.8431 -0.4860 0.2302
vn -0.6966 -0.6959 -0.1747
vn -0.7682 -0.5752 -0.2811
vn -0.6905 -0.7205 -0.0635
vn -0.6910 -0.7163 -0.0972
vn -0.6966 -0.6959 -0.1747
vn -0.7116 -0.6923 -0.1196
vn -0.7682 -0.5752 -0.2811
vn -0.8774 -0.2327 -0.4196
vn -0.9378 -0.1138 0.3280
vn -0.8759 -0.4143 0.2473
vn -0.6654 0.5601 -0.4935
vn -0.5468 0.6660 -0.5074
vn -0.6918 0.7033 -0.1635
vn -0.9335 0.3378 -0.1204
vn -0.9378 -0.1138 0.3280
vn -0.7593 0.3894 -0.5214
vn -0.8463 0.4616 0.2658
vn -0.8544 0.3304 0.4009
vn -0.7593 0.3894 -0.5214
vn -0.9378 -0.1138 0.3280
vn -0.8774 -0.2327 -0.4196
vn -0.8230 0.2283 -0.5201
vn -0.3377 0.0392 -0.9404
vn -0.4591 -0.1335 -0.8783
vn -0.5583 0.0504 -0.8281
vn -0.4684 0.2285 -0.8535
vn -0.8251 0.4027 -0.3962
vn -0.9102 0.1969 -0.3643
vn -0.8463 0.4616 0.2658
vn -0.7931 0.5829 0.1766
vn -0.4684 0.2285 -0.8535
vn -0.5583 0.0504 -0.8281
vn -0.8251 0.4027 -0.3962
vn -0.7193 0.5854 -0.3742
vn -0.6568 0.6923 0.2988
vn -0.7931 0.5829 0.1766
vn -0.8463 0.4616 0.2658
vn -0.5289 0.8068 -0.2634
vn -0.7193 0.5854 -0.3742
vn -0.8251 0.4027 -0.3962
vn -0.7931 0.5829 0.1766
vn -0.6568 0.6923 0.2988
vn -0.9974 0.0479 0.0531
vn -0.8688 0.3772 0.3207
vn -0.9164 0.3099 -0.2535
vn -0.9434 -0.1224 -0.3084
vn -0.5890 0.4416 0.6768
vn -0.6536 0.6305 0.4187
vn -0.8688 0.3772 0.3207
vn -0.7189 0.2378 0.6532
vn -0.8688 0.3772 0.3207
vn -0.6536 0.6305 0.4187
vn -0.7098 0.6984 -0.0919
vn -0.9164 0.3099 -0.2535
vn -0.8230 0.2283 -0.5201
vn -0.8774 -0.2327 -0.4196
vn -0.9434 -0.1224 -0.3084
vn -0.9164 0.3099 -0.2535
vn -0.9164 0.3099 -0.2535
vn -0.7098 0.6984 -0.0919
vn -0.6513 0.5062 -0.5653
vn -0.8230 0.2283 -0.5201
vn -0.5923 -0.7952 -0.1300
vn -0.5699 -0.8111 -0.1316
vn -0.4164 -0.8133 0.4064
vn -0.4288 -0.7966 0.4261
vn -0.5699 -0.8111 -0.1316
vn -0.5923 -0.7952 -0.1300
vn -0.5690 -0.7470 -0.3440
vn -0.5738 -0.7361 -0.3592
vn -0.4572 -0.7996 0.3893
vn -0.4164 -0.8133 0.4064
vn -0.5699 -0.8111 -0.1316
vn -0.5816 -0.8085 -0.0894
vn -0.4968 -0.7602 0.4186
vn -0.4288 -0.7966 0.4261
vn -0.4609 -0.8842 0.0753
vn -0.5873 -0.8092 0.0151
vn -0.4510 -0.8779 0.1611
vn -0.4609 -0.8842 0.0753
vn -0.4288 -0.7966 0.4261
vn -0.4164 -0.8133 0.4064
vn -0.5763 -0.7814 0.2392
vn -0.5776 -0.7903 0.2046
vn -0.5513 -0.7089 0.4399
vn -0.5377 -0.6962 0.4756
vn -0.4580 -0.6021 -0.6540
vn -0.4640 -0.5805 -0.6691
vn -0.5690 -0.7470 -0.3440
vn -0.5738 -0.7551 -0.3170
vn -0.2827 -0.3980 -0.8727
vn -0.2777 -0.3555 -0.8925
vn -0.4640 -0.5805 -0.6691
vn -0.4580 -0.6021 -0.6540
vn -0.4790 -0.5873 0.6524
vn -0.5359 -0.6809 0.4992
vn -0.5377 -0.6962 0.4756
vn -0.4874 -0.5970 0.6372
vn -0.3012 -0.4052 -0.8632
vn -0.2987 -0.4055 -0.8639
vn -0.4553 -0.6057 -0.6525
vn -0.4621 -0.6018 -0.6514
vn -0.1848 -0.2828 0.9412
vn -0.3362 -0.4572 0.8234
vn -0.3350 -0.4551 0.8250
vn -0.1913 -0.2662 0.9447
vn -0.3362 -0.4572 0.8234
vn -0.1848 -0.2828 0.9412
vn -0.2156 -0.2878 0.9331
vn -0.3557 -0.4479 0.8203
vn -0.1335 -0.1544 0.9789
vn -0.2635 -0.2753 0.9245
vn -0.2156 -0.2878 0.9331
vn -0.0803 -0.1539 0.9848
vn -0.2192 -0.0921 -0.9713
vn -0.3570 -0.2734 -0.8932
vn -0.4591 -0.1335 -0.8783
vn -0.3377 0.0392 -0.9404
vn -0.3570 -0.2734 -0.8932
vn -0.2192 -0.0921 -0.9713
vn -0.1277 -0.1928 -0.9729
vn -0.2640 -0.3750 -0.8887
vn -0.8230 0.2283 -0.5201
vn -0.6513 0.5062 -0.5653
vn -0.4404 0.5966 -0.6709
vn -0.7593 0.3894 -0.5214
vn -0.4987 -0.7493 -0.4358
vn -0.5603 -0.7150 -0.4181
vn -0.5885 -0.7897 -0.1733
vn -0.5528 -0.8280 -0.0945
vn -0.5603 -0.7150 -0.4181
vn -0.5894 -0.7090 -0.3872
vn -0.6129 -0.7640 -0.2018
vn -0.5885 -0.7897 -0.1733
vn -0.5528 -0.8280 -0.0945
vn -0.5885 -0.7897 -0.1733
vn -0.6014 -0.7816 0.1657
vn -0.5776 -0.7903 0.2046
vn -0.4987 -0.7493 -0.4358
vn -0.5240 -0.7266 -0.4444
vn -0.4609 -0.8842 0.0753
vn -0.4510 -0.8779 0.1611
vn -0.4510 -0.8779 0.1611
vn -0.5388 -0.8263 0.1643
vn -0.5603 -0.7150 -0.4181
vn -0.4987 -0.7493 -0.4358
vn -0.5776 -0.7903 0.2046
vn -0.6014 -0.7816 0.1657
vn -0.5787 -0.7092 0.4027
vn -0.5513 -0.7089 0.4399
vn -0.6014 -0.7816 0.1657
vn -0.6248 -0.7690 0.1352
vn -0.6032 -0.7066 0.3699
vn -0.5787 -0.7092 0.4027
vn -0.6248 -0.7690 0.1352
vn -0.6014 -0.7816 0.1657
vn -0.5885 -0.7897 -0.1733
vn -0.6129 -0.7640 -0.2018
vn -0.5377 -0.6962 0.4756
vn -0.5513 -0.7089 0.4399
vn -0.4965 -0.6044 0.6230
vn -0.4874 -0.5970 0.6372
vn -0.5179 -0.6005 0.6093
vn -0.4965 -0.6044 0.6230
vn -0.5513 -0.7089 0.4399
vn -0.5787 -0.7092 0.4027
vn -0.3850 -0.4452 0.8084
vn -0.4790 -0.5873 0.6524
vn -0.4874 -0.5970 0.6372
vn -0.3830 -0.4573 0.8027
vn -0.3729 -0.4612 0.8052
vn -0.3830 -0.4573 0.8027
vn -0.4874 -0.5970 0.6372
vn -0.4965 -0.6044 0.6230
vn -0.4580 -0.6021 -0.6540
vn -0.4553 -0.6057 -0.6525
vn -0.2987 -0.4055 -0.8639
vn -0.2827 -0.3980 -0.8727
vn -0.3538 -0.4524 0.8186
vn -0.2074 -0.2539 0.9447
vn -0.1913 -0.2662 0.9447
vn -0.3350 -0.4551 0.8250
vn -0.1125 -0.2429 -0.9635
vn -0.2358 -0.4187 -0.8770
vn -0.2640 -0.3750 -0.8887
vn -0.1277 -0.1928 -0.9729
vn -0.2358 -0.4187 -0.8770
vn -0.1125 -0.2429 -0.9635
vn -0.1371 -0.2703 -0.9530
vn -0.2438 -0.4375 -0.8655
vn -0.0670 -0.0210 0.9975
vn -0.1737 -0.1714 0.9698
vn -0.1582 -0.1747 0.9718
vn -0.0265 -0.0287 0.9992
vn -0.0265 -0.0287 0.9992
vn -0.1582 -0.1747 0.9718
vn -0.1335 -0.1544 0.9789
vn 0.0106 -0.0229 0.9997
vn -0.3281 -0.0439 0.9436
vn -0.2235 0.1245 0.9667
vn -0.3445 0.2323 0.9096
vn -0.4521 0.0652 0.8896
vn -0.2266 -0.1253 0.9659
vn -0.1320 0.0343 0.9907
vn -0.2235 0.1245 0.9667
vn -0.3281 -0.0439 0.9436
vn -0.3445 0.2323 0.9096
vn -0.2260 0.3771 0.8981
vn -0.3779 0.5207 0.7656
vn -0.4910 0.3815 0.7832
vn -0.2260 0.3771 0.8981
vn -0.3445 0.2323 0.9096
vn -0.2235 0.1245 0.9667
vn -0.1093 0.2986 0.9481
vn -0.4521 0.0652 0.8896
vn -0.3445 0.2323 0.9096
vn -0.4910 0.3815 0.7832
vn -0.6147 0.2093 0.7604
vn -0.4910 0.3815 0.7832
vn -0.3779 0.5207 0.7656
vn -0.5182 0.8263 0.2207
vn -0.6960 0.6761 0.2418
vn -0.4921 0.7814 0.3838
vn -0.6568 0.6923 0.2988
vn -0.5289 0.8068 -0.2634
vn -0.3779 0.8733 -0.3074
vn -0.4404 0.5966 -0.6709
vn -0.0803 0.7484 -0.6584
vn -0.3779 0.8733 -0.3074
vn -0.5289 0.8068 -0.2634
vn -0.6091 0.3863 0.6926
vn -0.5890 0.4416 0.6768
vn -0.7189 0.2378 0.6532
vn -0.7152 0.0683 0.6956
vn -0.9335 0.3378 -0.1204
vn -0.6918 0.7033 -0.1635
vn -0.6091 0.3863 0.6926
vn -0.7152 0.0683 0.6956
vn -0.6091 0.3863 0.6926
vn -0.4323 0.6713 0.6021
vn -0.3735 0.6013 0.7064
vn -0.5890 0.4416 0.6768
vn -0.3761 0.7739 -0.5095
vn -0.5468 0.6660 -0.5074
vn -0.6960 0.6761 0.2418
vn -0.5182 0.8263 0.2207
vn -0.6536 0.6305 0.4187
vn -0.3823 0.8473 0.3687
vn -0.3809 0.9086 -0.1713
vn -0.7098 0.6984 -0.0919
vn -0.6129 -0.7640 -0.2018
vn -0.6341 -0.7427 -0.2151
vn -0.6543 -0.7477 0.1134
vn -0.6248 -0.7690 0.1352
vn -0.6341 -0.7427 -0.2151
vn -0.6498 -0.7265 -0.2236
vn -0.6767 -0.7305 0.0922
vn -0.6543 -0.7477 0.1134
vn -0.6567 -0.6775 0.3313
vn -0.6290 -0.6958 0.3468
vn -0.6543 -0.7477 0.1134
vn -0.6767 -0.7305 0.0922
vn -0.6290 -0.6958 0.3468
vn -0.6032 -0.7066 0.3699
vn -0.6248 -0.7690 0.1352
vn -0.6543 -0.7477 0.1134
vn -0.6290 -0.6958 0.3468
vn -0.6567 -0.6775 0.3313
vn -0.5743 -0.5828 0.5749
vn -0.5577 -0.5961 0.5776
vn -0.5577 -0.5961 0.5776
vn -0.5419 -0.5961 0.5924
vn -0.6032 -0.7066 0.3699
vn -0.6290 -0.6958 0.3468
vn -0.5419 -0.5961 0.5924
vn -0.5179 -0.6005 0.6093
vn -0.5787 -0.7092 0.4027
vn -0.6032 -0.7066 0.3699
vn -0.5816 -0.8085 -0.0894
vn -0.6166 -0.7864 -0.0383
vn -0.5280 -0.7637 0.3714
vn -0.4572 -0.7996 0.3893
vn -0.6166 -0.7864 -0.0383
vn -0.6485 -0.7612 -0.0048
vn -0.5887 -0.7227 0.3622
vn -0.5280 -0.7637 0.3714
vn -0.4572 -0.7996 0.3893
vn -0.5280 -0.7637 0.3714
vn -0.5951 -0.7898 0.1488
vn -0.5388 -0.8263 0.1643
vn -0.5951 -0.7898 0.1488
vn -0.5280 -0.7637 0.3714
vn -0.5887 -0.7227 0.3622
vn -0.6392 -0.7596 0.1202
vn -0.4164 -0.8133 0.4064
vn -0.4572 -0.7996 0.3893
vn -0.5388 -0.8263 0.1643
vn -0.4510 -0.8779 0.1611
vn -0.5738 -0.7361 -0.3592
vn -0.5925 -0.7179 -0.3656
vn -0.5816 -0.8085 -0.0894
vn -0.5699 -0.8111 -0.1316
vn -0.5925 -0.7179 -0.3656
vn -0.6131 -0.7009 -0.3645
vn -0.6166 -0.7864 -0.0383
vn -0.5816 -0.8085 -0.0894
vn -0.6341 -0.7427 -0.2151
vn -0.6129 -0.7640 -0.2018
vn -0.5894 -0.7090 -0.3872
vn -0.6056 -0.7058 -0.3677
vn -0.5894 -0.7090 -0.3872
vn -0.5603 -0.7150 -0.4181
vn -0.5388 -0.8263 0.1643
vn -0.5951 -0.7898 0.1488
vn -0.6392 -0.7596 0.1202
vn -0.6056 -0.7058 -0.3677
vn -0.5894 -0.7090 -0.3872
vn -0.5951 -0.7898 0.1488
vn -0.4965 -0.6044 0.6230
vn -0.5179 -0.6005 0.6093
vn -0.3902 -0.4409 0.8083
vn -0.3729 -0.4612 0.8052
vn -0.4163 -0.4249 0.8039
vn -0.3902 -0.4409 0.8083
vn -0.5179 -0.6005 0.6093
vn -0.5419 -0.5961 0.5924
vn -0.4640 -0.5805 -0.6691
vn -0.4676 -0.5606 -0.6834
vn -0.5738 -0.7361 -0.3592
vn -0.5690 -0.7470 -0.3440
vn -0.2208 -0.2396 0.9454
vn -0.3850 -0.4452 0.8084
vn -0.3830 -0.4573 0.8027
vn -0.2033 -0.2473 0.9474
vn -0.3729 -0.4612 0.8052
vn -0.1792 -0.2575 0.9495
vn -0.2033 -0.2473 0.9474
vn -0.3830 -0.4573 0.8027
vn -0.3850 -0.4452 0.8084
vn -0.2208 -0.2396 0.9454
vn -0.2074 -0.2539 0.9447
vn -0.3538 -0.4524 0.8186
vn -0.1508 -0.2946 -0.9436
vn -0.2651 -0.4339 -0.8611
vn -0.2438 -0.4375 -0.8655
vn -0.1371 -0.2703 -0.9530
vn -0.1867 -0.2736 -0.9436
vn -0.3012 -0.4052 -0.8632
vn -0.2651 -0.4339 -0.8611
vn -0.1508 -0.2946 -0.9436
vn -0.3377 0.0392 -0.9404
vn -0.2141 0.2038 -0.9553
vn -0.0903 0.0724 -0.9933
vn -0.2192 -0.0921 -0.9713
vn -0.4684 0.2285 -0.8535
vn -0.3615 0.4035 -0.8405
vn -0.2141 0.2038 -0.9553
vn -0.3377 0.0392 -0.9404
vn -0.7193 0.5854 -0.3742
vn -0.5790 0.7638 -0.2854
vn -0.3615 0.4035 -0.8405
vn -0.4684 0.2285 -0.8535
vn -0.6568 0.6923 0.2988
vn -0.4921 0.7814 0.3838
vn -0.5790 0.7638 -0.2854
vn -0.7193 0.5854 -0.3742
vn -0.3809 0.9086 -0.1713
vn -0.4404 0.5966 -0.6709
vn -0.6513 0.5062 -0.5653
vn -0.7098 0.6984 -0.0919
vn -0.6694 -0.7097 -0.2195
vn -0.6901 -0.7201 0.0721
vn -0.6767 -0.7305 0.0922
vn -0.6498 -0.7265 -0.2236
vn -0.6739 -0.6691 0.3133
vn -0.6567 -0.6775 0.3313
vn -0.6767 -0.7305 0.0922
vn -0.6901 -0.7201 0.0721
vn -0.7002 -0.7110 0.0646
vn -0.6901 -0.7201 0.0721
vn -0.6694 -0.7097 -0.2195
vn -0.6965 -0.6902 -0.1961
vn -0.6901 -0.7201 0.0721
vn -0.7002 -0.7110 0.0646
vn -0.6775 -0.6733 0.2960
vn -0.6739 -0.6691 0.3133
vn -0.6131 -0.7009 -0.3645
vn -0.6262 -0.6912 -0.3609
vn -0.6485 -0.7612 -0.0048
vn -0.6166 -0.7864 -0.0383
vn -0.5887 -0.7227 0.3622
vn -0.6485 -0.7612 -0.0048
vn -0.6795 -0.7334 0.0171
vn -0.6323 -0.6874 0.3574
vn -0.6323 -0.6874 0.3574
vn -0.6760 -0.7288 0.1094
vn -0.6392 -0.7596 0.1202
vn -0.5887 -0.7227 0.3622
vn -0.6341 -0.7427 -0.2151
vn -0.6056 -0.7058 -0.3677
vn -0.6283 -0.6936 -0.3524
vn -0.6498 -0.7265 -0.2236
vn -0.4676 -0.5606 -0.6834
vn -0.4760 -0.5367 -0.6967
vn -0.5925 -0.7179 -0.3656
vn -0.5738 -0.7361 -0.3592
vn -0.4760 -0.5367 -0.6967
vn -0.4837 -0.5163 -0.7067
vn -0.6131 -0.7009 -0.3645
vn -0.5925 -0.7179 -0.3656
vn -0.2777 -0.3555 -0.8925
vn -0.2573 -0.3153 -0.9134
vn -0.4676 -0.5606 -0.6834
vn -0.4640 -0.5805 -0.6691
vn -0.2573 -0.3153 -0.9134
vn -0.2409 -0.2691 -0.9325
vn -0.4760 -0.5367 -0.6967
vn -0.4676 -0.5606 -0.6834
vn -0.1810 -0.2275 0.9568
vn -0.1792 -0.2575 0.9495
vn -0.3729 -0.4612 0.8052
vn -0.3902 -0.4409 0.8083
vn -0.1874 -0.2678 -0.9451
vn -0.2987 -0.4055 -0.8639
vn -0.3012 -0.4052 -0.8632
vn -0.1867 -0.2736 -0.9436
vn -0.2192 -0.0921 -0.9713
vn -0.0903 0.0724 -0.9933
vn -0.0234 -0.0212 -0.9995
vn -0.1277 -0.1928 -0.9729
vn -0.1277 -0.1928 -0.9729
vn -0.0234 -0.0212 -0.9995
vn -0.0330 -0.0809 -0.9962
vn -0.1125 -0.2429 -0.9635
vn -0.0265 -0.0287 0.9992
vn 0.1137 0.1363 0.9841
vn 0.0703 0.1619 0.9843
vn -0.0670 -0.0210 0.9975
vn 0.1137 0.1363 0.9841
vn -0.0265 -0.0287 0.9992
vn 0.0106 -0.0229 0.9997
vn 0.1372 0.1244 0.9827
vn -0.0670 -0.0210 0.9975
vn 0.0703 0.1619 0.9843
vn -0.0127 0.2244 0.9744
vn -0.1320 0.0343 0.9907
vn -0.1320 0.0343 0.9907
vn -0.2266 -0.1253 0.9659
vn -0.1737 -0.1714 0.9698
vn -0.0670 -0.0210 0.9975
vn -0.3546 0.8382 -0.4144
vn -0.6918 0.7033 -0.1635
vn -0.5468 0.6660 -0.5074
vn -0.3761 0.7739 -0.5095
vn -0.6918 0.7033 -0.1635
vn -0.3546 0.8382 -0.4144
vn -0.4323 0.6713 0.6021
vn -0.6091 0.3863 0.6926
vn -0.3761 0.7739 -0.5095
vn -0.5182 0.8263 0.2207
vn -0.2150 0.9563 0.1981
vn -0.1268 0.8694 -0.4776
vn -0.0684 0.7881 -0.6118
vn -0.3546 0.8382 -0.4144
vn -0.3761 0.7739 -0.5095
vn -0.1268 0.8694 -0.4776
vn -0.3615 0.4035 -0.8405
vn -0.1911 0.6087 -0.7700
vn -0.0439 0.3828 -0.9228
vn -0.2141 0.2038 -0.9553
vn -0.3546 0.8382 -0.4144
vn -0.0684 0.7881 -0.6118
vn -0.0769 0.9576 0.2775
vn -0.4323 0.6713 0.6021
vn -0.5890 0.4416 0.6768
vn -0.3735 0.6013 0.7064
vn -0.3823 0.8473 0.3687
vn -0.6536 0.6305 0.4187
vn -0.3735 0.6013 0.7064
vn 0.0008 0.7468 0.6651
vn 0.0726 0.9705 0.2299
vn -0.3823 0.8473 0.3687
vn 0.0008 0.7468 0.6651
vn -0.3735 0.6013 0.7064
vn -0.4323 0.6713 0.6021
vn -0.0769 0.9576 0.2775
vn -0.2287 0.6515 0.7234
vn -0.2150 0.9563 0.1981
vn -0.5182 0.8263 0.2207
vn -0.3779 0.5207 0.7656
vn -0.6965 -0.6902 -0.1961
vn -0.7096 -0.6875 -0.1541
vn -0.6971 -0.7132 0.0735
vn -0.7002 -0.7110 0.0646
vn -0.6713 -0.6850 0.2831
vn -0.6775 -0.6733 0.2960
vn -0.7002 -0.7110 0.0646
vn -0.6971 -0.7132 0.0735
vn -0.6971 -0.7132 0.0735
vn -0.6807 -0.7267 0.0926
vn -0.6429 -0.7117 0.2830
vn -0.6713 -0.6850 0.2831
vn -0.6975 -0.6489 -0.3040
vn -0.6965 -0.6902 -0.1961
vn -0.6694 -0.7097 -0.2195
vn -0.6606 -0.6740 -0.3307
vn -0.6965 -0.6902 -0.1961
vn -0.6975 -0.6489 -0.3040
vn -0.7255 -0.6352 -0.2650
vn -0.7096 -0.6875 -0.1541
vn -0.6713 -0.6850 0.2831
vn -0.5433 -0.5673 0.6189
vn -0.5706 -0.5626 0.5983
vn -0.6775 -0.6733 0.2960
vn -0.5807 -0.5665 0.5847
vn -0.5743 -0.5828 0.5749
vn -0.6567 -0.6775 0.3313
vn -0.6739 -0.6691 0.3133
vn -0.5706 -0.5626 0.5983
vn -0.5807 -0.5665 0.5847
vn -0.6739 -0.6691 0.3133
vn -0.6775 -0.6733 0.2960
vn -0.6498 -0.7265 -0.2236
vn -0.6283 -0.6936 -0.3524
vn -0.6606 -0.6740 -0.3307
vn -0.6694 -0.7097 -0.2195
vn -0.6323 -0.6874 0.3574
vn -0.6795 -0.7334 0.0171
vn -0.7072 -0.7065 0.0275
vn -0.6654 -0.6594 0.3500
vn -0.6572 -0.6611 -0.3619
vn -0.7072 -0.7065 0.0275
vn -0.6795 -0.7334 0.0171
vn -0.6415 -0.6784 -0.3581
vn -0.7072 -0.7065 0.0275
vn -0.6572 -0.6611 -0.3619
vn -0.6617 -0.6492 -0.3752
vn -0.7276 -0.6853 0.0308
vn -0.6654 -0.6594 0.3500
vn -0.7072 -0.7065 0.0275
vn -0.7276 -0.6853 0.0308
vn -0.6974 -0.6319 0.3381
vn -0.6760 -0.7288 0.1094
vn -0.6323 -0.6874 0.3574
vn -0.6654 -0.6594 0.3500
vn -0.7087 -0.6974 0.1068
vn -0.6485 -0.7612 -0.0048
vn -0.6262 -0.6912 -0.3609
vn -0.6415 -0.6784 -0.3581
vn -0.6795 -0.7334 0.0171
vn -0.6760 -0.7288 0.1094
vn -0.6283 -0.6936 -0.3524
vn -0.6056 -0.7058 -0.3677
vn -0.6392 -0.7596 0.1202
vn -0.6283 -0.6936 -0.3524
vn -0.6760 -0.7288 0.1094
vn -0.7087 -0.6974 0.1068
vn -0.6606 -0.6740 -0.3307
vn -0.6606 -0.6740 -0.3307
vn -0.7087 -0.6974 0.1068
vn -0.7430 -0.6622 0.0973
vn -0.6975 -0.6489 -0.3040
vn -0.6415 -0.6784 -0.3581
vn -0.4806 -0.5060 -0.7162
vn -0.4780 -0.4985 -0.7232
vn -0.6572 -0.6611 -0.3619
vn -0.4837 -0.5163 -0.7067
vn -0.4840 -0.5085 -0.7121
vn -0.6262 -0.6912 -0.3609
vn -0.6131 -0.7009 -0.3645
vn -0.6262 -0.6912 -0.3609
vn -0.4840 -0.5085 -0.7121
vn -0.4806 -0.5060 -0.7162
vn -0.6415 -0.6784 -0.3581
vn -0.4187 -0.4312 0.7992
vn -0.4163 -0.4249 0.8039
vn -0.5419 -0.5961 0.5924
vn -0.5577 -0.5961 0.5776
vn -0.4035 -0.4296 0.8079
vn -0.4187 -0.4312 0.7992
vn -0.5577 -0.5961 0.5776
vn -0.5743 -0.5828 0.5749
vn -0.1942 -0.1814 0.9640
vn -0.1810 -0.2275 0.9568
vn -0.3902 -0.4409 0.8083
vn -0.4163 -0.4249 0.8039
vn -0.2405 -0.2295 -0.9431
vn -0.2363 -0.2221 -0.9460
vn -0.4840 -0.5085 -0.7121
vn -0.4837 -0.5163 -0.7067
vn -0.2409 -0.2691 -0.9325
vn -0.2405 -0.2295 -0.9431
vn -0.4837 -0.5163 -0.7067
vn -0.4760 -0.5367 -0.6967
vn -0.2033 -0.2473 0.9474
vn -0.0676 -0.0901 0.9936
vn -0.0806 -0.0880 0.9929
vn -0.2208 -0.2396 0.9454
vn -0.0801 -0.1096 0.9907
vn -0.2074 -0.2539 0.9447
vn -0.2208 -0.2396 0.9454
vn -0.0806 -0.0880 0.9929
vn -0.2827 -0.3980 -0.8727
vn -0.2987 -0.4055 -0.8639
vn -0.1874 -0.2678 -0.9451
vn -0.1637 -0.2808 -0.9457
vn 0.0624 0.2702 -0.9608
vn -0.0903 0.0724 -0.9933
vn -0.2141 0.2038 -0.9553
vn -0.0439 0.3828 -0.9228
vn -0.0903 0.0724 -0.9933
vn 0.0624 0.2702 -0.9608
vn 0.1024 0.1845 -0.9775
vn -0.0234 -0.0212 -0.9995
vn -0.1739 0.8522 0.4935
vn -0.4921 0.7814 0.3838
vn -0.3779 0.8733 -0.3074
vn 0.0388 0.9805 -0.1927
vn -0.5790 0.7638 -0.2854
vn -0.3148 0.9411 -0.1235
vn -0.1911 0.6087 -0.7700
vn -0.3615 0.4035 -0.8405
vn -0.4921 0.7814 0.3838
vn -0.1739 0.8522 0.4935
vn -0.3148 0.9411 -0.1235
vn -0.5790 0.7638 -0.2854
vn -0.3809 0.9086 -0.1713
vn 0.0530 0.9726 -0.2265
vn -0.0803 0.7484 -0.6584
vn -0.4404 0.5966 -0.6709
vn 0.0530 0.9726 -0.2265
vn -0.3809 0.9086 -0.1713
vn -0.3823 0.8473 0.3687
vn 0.0726 0.9705 0.2299
vn -0.7055 -0.7024 -0.0946
vn -0.6338 -0.7727 -0.0357
vn -0.6179 -0.7770 0.1207
vn -0.6807 -0.7267 0.0926
vn -0.4191 -0.8847 0.2040
vn -0.6179 -0.7770 0.1207
vn -0.6338 -0.7727 -0.0357
vn -0.4358 -0.8998 0.0218
vn -0.5769 -0.7599 0.2994
vn -0.6429 -0.7117 0.2830
vn -0.6807 -0.7267 0.0926
vn -0.6179 -0.7770 0.1207
vn -0.7096 -0.6875 -0.1541
vn -0.7055 -0.7024 -0.0946
vn -0.6807 -0.7267 0.0926
vn -0.6971 -0.7132 0.0735
vn -0.7055 -0.7024 -0.0946
vn -0.7406 -0.6422 -0.1978
vn -0.6300 -0.7614 -0.1529
vn -0.6338 -0.7727 -0.0357
vn -0.7193 -0.6272 0.2986
vn -0.7176 -0.6962 0.0184
vn -0.6746 -0.7379 -0.0205
vn -0.7299 -0.6511 0.2083
vn -0.5718 -0.7158 -0.4009
vn -0.6746 -0.7379 -0.0205
vn -0.7176 -0.6962 0.0184
vn -0.6389 -0.6631 -0.3901
vn -0.5639 -0.8203 -0.0957
vn -0.6301 -0.7654 0.1308
vn -0.7299 -0.6511 0.2083
vn -0.6746 -0.7379 -0.0205
vn -0.4246 -0.7986 -0.4265
vn -0.5639 -0.8203 -0.0957
vn -0.6746 -0.7379 -0.0205
vn -0.5718 -0.7158 -0.4009
vn -0.7299 -0.6511 0.2083
vn -0.7837 -0.6186 0.0564
vn -0.7711 -0.6312 0.0842
vn -0.7193 -0.6272 0.2986
vn -0.6974 -0.6319 0.3381
vn -0.7276 -0.6853 0.0308
vn -0.7176 -0.6962 0.0184
vn -0.7193 -0.6272 0.2986
vn -0.7276 -0.6853 0.0308
vn -0.6617 -0.6492 -0.3752
vn -0.6389 -0.6631 -0.3901
vn -0.7176 -0.6962 0.0184
vn -0.7096 -0.6875 -0.1541
vn -0.7255 -0.6352 -0.2650
vn -0.7406 -0.6422 -0.1978
vn -0.7055 -0.7024 -0.0946
vn -0.7406 -0.6422 -0.1978
vn -0.7837 -0.6186 0.0564
vn -0.6527 -0.7562 0.0461
vn -0.6300 -0.7614 -0.1529
vn -0.7255 -0.6352 -0.2650
vn -0.7711 -0.6312 0.0842
vn -0.7837 -0.6186 0.0564
vn -0.7406 -0.6422 -0.1978
vn -0.7711 -0.6312 0.0842
vn -0.7255 -0.6352 -0.2650
vn -0.6975 -0.6489 -0.3040
vn -0.7430 -0.6622 0.0973
vn -0.6713 -0.6850 0.2831
vn -0.6429 -0.7117 0.2830
vn -0.4804 -0.5968 0.6427
vn -0.5433 -0.5673 0.6189
vn -0.6429 -0.7117 0.2830
vn -0.5769 -0.7599 0.2994
vn -0.3688 -0.6465 0.6678
vn -0.4804 -0.5968 0.6427
vn -0.5433 -0.5673 0.6189
vn -0.4804 -0.5968 0.6427
vn -0.1899 -0.3791 0.9056
vn -0.2755 -0.3670 0.8885
vn -0.2755 -0.3670 0.8885
vn -0.3373 -0.3815 0.8606
vn -0.5706 -0.5626 0.5983
vn -0.5433 -0.5673 0.6189
vn -0.6617 -0.6492 -0.3752
vn -0.4607 -0.4929 -0.7382
vn -0.4168 -0.4982 -0.7603
vn -0.6389 -0.6631 -0.3901
vn -0.7193 -0.6272 0.2986
vn -0.7711 -0.6312 0.0842
vn -0.7430 -0.6622 0.0973
vn -0.6974 -0.6319 0.3381
vn -0.7087 -0.6974 0.1068
vn -0.6654 -0.6594 0.3500
vn -0.6974 -0.6319 0.3381
vn -0.7430 -0.6622 0.0973
vn -0.5807 -0.5665 0.5847
vn -0.5706 -0.5626 0.5983
vn -0.3373 -0.3815 0.8606
vn -0.3768 -0.4092 0.8310
vn -0.6572 -0.6611 -0.3619
vn -0.4780 -0.4985 -0.7232
vn -0.4607 -0.4929 -0.7382
vn -0.6617 -0.6492 -0.3752
vn -0.5743 -0.5828 0.5749
vn -0.5807 -0.5665 0.5847
vn -0.3768 -0.4092 0.8310
vn -0.4035 -0.4296 0.8079
vn -0.4187 -0.4312 0.7992
vn -0.4035 -0.4296 0.8079
vn -0.1585 -0.1969 0.9675
vn -0.1874 -0.1749 0.9666
vn -0.4163 -0.4249 0.8039
vn -0.4187 -0.4312 0.7992
vn -0.1874 -0.1749 0.9666
vn -0.1942 -0.1814 0.9640
vn -0.4840 -0.5085 -0.7121
vn -0.2363 -0.2221 -0.9460
vn -0.2285 -0.2339 -0.9450
vn -0.4806 -0.5060 -0.7162
vn -0.4806 -0.5060 -0.7162
vn -0.2285 -0.2339 -0.9450
vn -0.2341 -0.2473 -0.9402
vn -0.4780 -0.4985 -0.7232
vn -0.1637 -0.2808 -0.9457
vn -0.1606 -0.2621 -0.9516
vn -0.2777 -0.3555 -0.8925
vn -0.2827 -0.3980 -0.8727
vn 0.0388 0.9805 -0.1927
vn -0.3779 0.8733 -0.3074
vn -0.0803 0.7484 -0.6584
vn 0.3184 0.7653 -0.5593
vn 0.1903 0.7967 0.5736
vn -0.1739 0.8522 0.4935
vn 0.0388 0.9805 -0.1927
vn 0.3388 0.9394 -0.0527
vn 0.0530 0.9726 -0.2265
vn 0.5001 0.8321 -0.2398
vn 0.3184 0.7653 -0.5593
vn -0.0803 0.7484 -0.6584
vn -0.2287 0.6515 0.7234
vn -0.0731 0.5893 0.8046
vn 0.0993 0.9258 0.3648
vn -0.2150 0.9563 0.1981
vn -0.2287 0.6515 0.7234
vn -0.3779 0.5207 0.7656
vn -0.2260 0.3771 0.8981
vn -0.0731 0.5893 0.8046
vn -0.3757 -0.9069 -0.1910
vn -0.4358 -0.8998 0.0218
vn -0.6338 -0.7727 -0.0357
vn -0.6300 -0.7614 -0.1529
vn -0.3420 -0.8467 0.4077
vn -0.5769 -0.7599 0.2994
vn -0.6179 -0.7770 0.1207
vn -0.4191 -0.8847 0.2040
vn -0.0466 -0.9897 0.1351
vn -0.0055 -0.9246 0.3809
vn -0.4191 -0.8847 0.2040
vn -0.4358 -0.8998 0.0218
vn -0.2092 -0.7235 0.6579
vn -0.3688 -0.6465 0.6678
vn -0.5769 -0.7599 0.2994
vn -0.3420 -0.8467 0.4077
vn -0.3586 -0.9329 0.0323
vn -0.3757 -0.9069 -0.1910
vn -0.6300 -0.7614 -0.1529
vn -0.6527 -0.7562 0.0461
vn -0.0596 -0.4372 0.8974
vn -0.1899 -0.3791 0.9056
vn -0.4804 -0.5968 0.6427
vn -0.3688 -0.6465 0.6678
vn -0.2092 -0.7235 0.6579
vn 0.0644 -0.5840 0.8092
vn -0.0596 -0.4372 0.8974
vn -0.3688 -0.6465 0.6678
vn -0.6301 -0.7654 0.1308
vn -0.6527 -0.7562 0.0461
vn -0.7837 -0.6186 0.0564
vn -0.7299 -0.6511 0.2083
vn -0.6301 -0.7654 0.1308
vn -0.5639 -0.8203 -0.0957
vn -0.2819 -0.9430 -0.1768
vn -0.3519 -0.9239 0.1500
vn -0.6527 -0.7562 0.0461
vn -0.6301 -0.7654 0.1308
vn -0.3519 -0.9239 0.1500
vn -0.3586 -0.9329 0.0323
vn -0.5718 -0.7158 -0.4009
vn -0.3453 -0.5285 -0.7755
vn -0.2048 -0.6094 -0.7659
vn -0.4246 -0.7986 -0.4265
vn -0.6389 -0.6631 -0.3901
vn -0.4168 -0.4982 -0.7603
vn -0.3453 -0.5285 -0.7755
vn -0.5718 -0.7158 -0.4009
vn -0.0902 -0.1982 0.9760
vn -0.1249 -0.2071 0.9703
vn -0.3768 -0.4092 0.8310
vn -0.3373 -0.3815 0.8606
vn -0.1249 -0.2071 0.9703
vn -0.1585 -0.1969 0.9675
vn -0.4035 -0.4296 0.8079
vn -0.3768 -0.4092 0.8310
vn -0.4780 -0.4985 -0.7232
vn -0.2341 -0.2473 -0.9402
vn -0.2178 -0.2736 -0.9368
vn -0.4607 -0.4929 -0.7382
vn -0.1606 -0.2621 -0.9516
vn -0.1368 -0.2357 -0.9622
vn -0.2573 -0.3153 -0.9134
vn -0.2777 -0.3555 -0.8925
vn -0.2409 -0.2691 -0.9325
vn -0.2573 -0.3153 -0.9134
vn -0.1368 -0.2357 -0.9622
vn -0.1306 -0.1908 -0.9729
vn 0.0086 -0.0183 0.9998
vn -0.0793 -0.1273 0.9887
vn -0.0801 -0.1096 0.9907
vn 0.0135 -0.0170 0.9998
vn -0.0664 -0.1465 0.9870
vn -0.1848 -0.2828 0.9412
vn -0.1913 -0.2662 0.9447
vn -0.0793 -0.1273 0.9887
vn -0.0793 -0.1273 0.9887
vn -0.1913 -0.2662 0.9447
vn -0.2074 -0.2539 0.9447
vn -0.0801 -0.1096 0.9907
vn 0.0237 -0.0211 0.9995
vn -0.0664 -0.1465 0.9870
vn -0.0793 -0.1273 0.9887
vn 0.0086 -0.0183 0.9998
vn 0.0135 -0.0170 0.9998
vn 0.1126 0.1043 0.9882
vn 0.1081 0.1182 0.9871
vn 0.0086 -0.0183 0.9998
vn -0.1125 -0.2429 -0.9635
vn -0.0330 -0.0809 -0.9962
vn -0.0650 -0.1203 -0.9906
vn -0.1371 -0.2703 -0.9530
vn -0.0330 -0.0809 -0.9962
vn 0.0878 0.1374 -0.9866
vn 0.0646 0.0983 -0.9931
vn -0.0650 -0.1203 -0.9906
vn 0.0878 0.1374 -0.9866
vn -0.0330 -0.0809 -0.9962
vn -0.0234 -0.0212 -0.9995
vn 0.1024 0.1845 -0.9775
vn 0.0448 0.7737 -0.6320
vn 0.1737 0.6371 -0.7510
vn -0.0439 0.3828 -0.9228
vn -0.1911 0.6087 -0.7700
vn -0.0439 0.3828 -0.9228
vn 0.1737 0.6371 -0.7510
vn 0.2481 0.5188 -0.8181
vn 0.0624 0.2702 -0.9608
vn 0.0448 0.7737 -0.6320
vn -0.1911 0.6087 -0.7700
vn -0.3148 0.9411 -0.1235
vn 0.1150 0.9892 0.0910
vn -0.1739 0.8522 0.4935
vn 0.1903 0.7967 0.5736
vn 0.1150 0.9892 0.0910
vn -0.3148 0.9411 -0.1235
vn 0.1523 0.7094 -0.6881
vn -0.0684 0.7881 -0.6118
vn -0.1268 0.8694 -0.4776
vn 0.1640 0.9216 -0.3518
vn 0.1640 0.9216 -0.3518
vn -0.1268 0.8694 -0.4776
vn -0.2150 0.9563 0.1981
vn 0.0993 0.9258 0.3648
vn 0.0726 0.9705 0.2299
vn 0.5467 0.8362 0.0439
vn 0.5001 0.8321 -0.2398
vn 0.0530 0.9726 -0.2265
vn -0.0121 -0.9753 -0.2206
vn -0.0466 -0.9897 0.1351
vn -0.4358 -0.8998 0.0218
vn -0.3757 -0.9069 -0.1910
vn 0.4306 -0.8674 0.2496
vn 0.3886 -0.7571 0.5251
vn -0.0055 -0.9246 0.3809
vn -0.0466 -0.9897 0.1351
vn -0.0055 -0.9246 0.3809
vn 0.0749 -0.7931 0.6045
vn -0.3420 -0.8467 0.4077
vn -0.4191 -0.8847 0.2040
vn -0.3519 -0.9239 0.1500
vn -0.2819 -0.9430 -0.1768
vn 0.1643 -0.9685 -0.1873
vn 0.0733 -0.9787 0.1915
vn -0.5639 -0.8203 -0.0957
vn -0.4246 -0.7986 -0.4265
vn -0.1204 -0.8710 -0.4763
vn -0.2819 -0.9430 -0.1768
vn -0.3586 -0.9329 0.0323
vn -0.3519 -0.9239 0.1500
vn 0.0733 -0.9787 0.1915
vn 0.0398 -0.9980 -0.0484
vn -0.3757 -0.9069 -0.1910
vn -0.3586 -0.9329 0.0323
vn 0.0398 -0.9980 -0.0484
vn -0.0121 -0.9753 -0.2206
vn -0.4246 -0.7986 -0.4265
vn -0.2048 -0.6094 -0.7659
vn 0.0541 -0.6873 -0.7244
vn -0.1204 -0.8710 -0.4763
vn 0.2613 -0.8175 -0.5132
vn 0.1643 -0.9685 -0.1873
vn -0.2819 -0.9430 -0.1768
vn -0.1204 -0.8710 -0.4763
vn -0.1188 -0.3203 -0.9398
vn -0.3453 -0.5285 -0.7755
vn -0.4168 -0.4982 -0.7603
vn -0.1687 -0.3016 -0.9384
vn -0.3453 -0.5285 -0.7755
vn -0.1188 -0.3203 -0.9398
vn -0.0183 -0.3914 -0.9200
vn -0.2048 -0.6094 -0.7659
vn 0.1028 -0.3096 0.9453
vn 0.0079 -0.2212 0.9752
vn -0.1899 -0.3791 0.9056
vn -0.0596 -0.4372 0.8974
vn -0.1687 -0.3016 -0.9384
vn -0.4168 -0.4982 -0.7603
vn -0.4607 -0.4929 -0.7382
vn -0.2178 -0.2736 -0.9368
vn -0.1345 -0.1525 -0.9791
vn -0.2285 -0.2339 -0.9450
vn -0.2363 -0.2221 -0.9460
vn -0.1679 -0.1433 -0.9753
vn 0.0405 -0.0449 0.9982
vn 0.0149 -0.0069 0.9999
vn -0.1585 -0.1969 0.9675
vn -0.1249 -0.2071 0.9703
vn -0.1874 -0.1749 0.9666
vn -0.1585 -0.1969 0.9675
vn 0.0149 -0.0069 0.9999
vn -0.0075 0.0154 0.9999
vn -0.1306 -0.1908 -0.9729
vn -0.1632 -0.1435 -0.9761
vn -0.2405 -0.2295 -0.9431
vn -0.2409 -0.2691 -0.9325
vn -0.2363 -0.2221 -0.9460
vn -0.2405 -0.2295 -0.9431
vn -0.1632 -0.1435 -0.9761
vn -0.1679 -0.1433 -0.9753
vn -0.0825 -0.1738 -0.9813
vn -0.0820 -0.1837 -0.9795
vn -0.1606 -0.2621 -0.9516
vn -0.1637 -0.2808 -0.9457
vn 0.0135 -0.0170 0.9998
vn -0.0801 -0.1096 0.9907
vn -0.0806 -0.0880 0.9929
vn 0.0154 0.0008 0.9999
vn -0.0805 -0.1612 -0.9836
vn -0.1508 -0.2946 -0.9436
vn -0.1371 -0.2703 -0.9530
vn -0.0650 -0.1203 -0.9906
vn 0.0441 0.0600 -0.9972
vn -0.0805 -0.1612 -0.9836
vn -0.0650 -0.1203 -0.9906
vn 0.0646 0.0983 -0.9931
vn 0.0624 0.2702 -0.9608
vn 0.2481 0.5188 -0.8181
vn 0.2826 0.4418 -0.8515
vn 0.1024 0.1845 -0.9775
vn 0.2821 0.4072 -0.8687
vn 0.0878 0.1374 -0.9866
vn 0.1024 0.1845 -0.9775
vn 0.2826 0.4418 -0.8515
vn -0.0127 0.2244 0.9744
vn 0.1569 0.4522 0.8780
vn 0.0490 0.5131 0.8569
vn -0.1093 0.2986 0.9481
vn -0.1320 0.0343 0.9907
vn -0.0127 0.2244 0.9744
vn -0.1093 0.2986 0.9481
vn -0.2235 0.1245 0.9667
vn 0.1569 0.4522 0.8780
vn -0.0127 0.2244 0.9744
vn 0.0703 0.1619 0.9843
vn 0.2315 0.3977 0.8878
vn -0.0731 0.5893 0.8046
vn 0.0490 0.5131 0.8569
vn 0.2799 0.8129 0.5107
vn 0.0993 0.9258 0.3648
vn -0.0731 0.5893 0.8046
vn -0.2260 0.3771 0.8981
vn -0.1093 0.2986 0.9481
vn 0.0490 0.5131 0.8569
vn 0.1150 0.9892 0.0910
vn 0.1903 0.7967 0.5736
vn 0.3885 0.7379 0.5519
vn 0.4183 0.9072 -0.0450
vn 0.3885 0.7379 0.5519
vn 0.1903 0.7967 0.5736
vn 0.3388 0.9394 -0.0527
vn 0.3894 0.9210 0.0115
vn 0.3388 0.9394 -0.0527
vn 0.0388 0.9805 -0.1927
vn 0.3184 0.7653 -0.5593
vn 0.3857 0.8127 -0.4367
vn 0.5467 0.8362 0.0439
vn 0.0726 0.9705 0.2299
vn 0.0008 0.7468 0.6651
vn 0.4603 0.7459 0.4815
vn -0.0769 0.9576 0.2775
vn 0.3734 0.9210 -0.1108
vn 0.4603 0.7459 0.4815
vn 0.0008 0.7468 0.6651
vn 0.0541 -0.6873 -0.7244
vn 0.3393 -0.6527 -0.6774
vn 0.2613 -0.8175 -0.5132
vn -0.1204 -0.8710 -0.4763
vn 0.1616 -0.5151 -0.8417
vn 0.0541 -0.6873 -0.7244
vn -0.2048 -0.6094 -0.7659
vn -0.0183 -0.3914 -0.9200
vn -0.0808 -0.1416 -0.9866
vn -0.2178 -0.2736 -0.9368
vn -0.2341 -0.2473 -0.9402
vn -0.1170 -0.1301 -0.9846
vn -0.2285 -0.2339 -0.9450
vn -0.1345 -0.1525 -0.9791
vn -0.1170 -0.1301 -0.9846
vn -0.2341 -0.2473 -0.9402
vn -0.0820 -0.1837 -0.9795
vn -0.0745 -0.1944 -0.9781
vn -0.1368 -0.2357 -0.9622
vn -0.1606 -0.2621 -0.9516
vn 0.0329 0.0126 0.9994
vn 0.0154 0.0008 0.9999
vn -0.0806 -0.0880 0.9929
vn -0.0676 -0.0901 0.9936
vn 0.0808 -0.0031 0.9967
vn 0.0329 0.0126 0.9994
vn -0.0676 -0.0901 0.9936
vn -0.0324 -0.1096 0.9935
vn -0.0324 -0.1096 0.9935
vn -0.0676 -0.0901 0.9936
vn -0.2033 -0.2473 0.9474
vn -0.1792 -0.2575 0.9495
vn 0.1238 0.1014 0.9871
vn 0.1126 0.1043 0.9882
vn 0.0135 -0.0170 0.9998
vn 0.0154 0.0008 0.9999
vn -0.0987 -0.1743 -0.9797
vn -0.1867 -0.2736 -0.9436
vn -0.1508 -0.2946 -0.9436
vn -0.0805 -0.1612 -0.9836
vn 0.2779 0.3883 -0.8786
vn 0.0646 0.0983 -0.9931
vn 0.0878 0.1374 -0.9866
vn 0.2821 0.4072 -0.8687
vn 0.1569 0.4522 0.8780
vn 0.3963 0.7388 0.5451
vn 0.2799 0.8129 0.5107
vn 0.0490 0.5131 0.8569
vn 0.3027 0.6551 -0.6922
vn 0.5263 0.8151 -0.2422
vn 0.3734 0.9210 -0.1108
vn 0.1523 0.7094 -0.6881
vn 0.3027 0.6551 -0.6922
vn 0.1523 0.7094 -0.6881
vn 0.1640 0.9216 -0.3518
vn 0.3984 0.8957 -0.1973
vn 0.0448 0.7737 -0.6320
vn 0.1150 0.9892 0.0910
vn 0.4183 0.9072 -0.0450
vn 0.1737 0.6371 -0.7510
vn 0.3984 0.8957 -0.1973
vn 0.1640 0.9216 -0.3518
vn 0.0993 0.9258 0.3648
vn 0.2799 0.8129 0.5107
vn 0.4759 -0.8631 -0.1690
vn 0.4306 -0.8674 0.2496
vn -0.0466 -0.9897 0.1351
vn -0.0121 -0.9753 -0.2206
vn 0.4306 -0.8674 0.2496
vn 0.4759 -0.8631 -0.1690
vn 0.7327 -0.6575 -0.1757
vn 0.6512 -0.7035 0.2847
vn 0.6512 -0.7035 0.2847
vn 0.5473 -0.6059 0.5774
vn 0.3886 -0.7571 0.5251
vn 0.4306 -0.8674 0.2496
vn 0.5370 -0.8260 0.1710
vn 0.0733 -0.9787 0.1915
vn 0.1643 -0.9685 -0.1873
vn 0.5678 -0.8195 -0.0777
vn 0.0398 -0.9980 -0.0484
vn 0.0733 -0.9787 0.1915
vn 0.5370 -0.8260 0.1710
vn 0.5411 -0.8250 -0.1634
vn 0.5411 -0.8250 -0.1634
vn 0.4759 -0.8631 -0.1690
vn -0.0121 -0.9753 -0.2206
vn 0.0398 -0.9980 -0.0484
vn -0.0241 -0.1814 -0.9831
vn -0.1687 -0.3016 -0.9384
vn -0.2178 -0.2736 -0.9368
vn -0.0808 -0.1416 -0.9866
vn -0.1306 -0.1908 -0.9729
vn -0.1368 -0.2357 -0.9622
vn -0.0745 -0.1944 -0.9781
vn -0.1020 -0.1761 -0.9791
vn -0.1632 -0.1435 -0.9761
vn -0.1306 -0.1908 -0.9729
vn -0.1020 -0.1761 -0.9791
vn -0.1325 -0.1327 -0.9823
vn -0.0324 -0.1096 0.9935
vn -0.0056 -0.0897 0.9960
vn 0.0980 -0.0078 0.9952
vn 0.0808 -0.0031 0.9967
vn 0.1670 0.0996 0.9809
vn 0.1475 0.1106 0.9829
vn 0.0329 0.0126 0.9994
vn 0.0808 -0.0031 0.9967
vn 0.0154 0.0008 0.9999
vn 0.0329 0.0126 0.9994
vn 0.1475 0.1106 0.9829
vn 0.1238 0.1014 0.9871
vn 0.0646 0.0983 -0.9931
vn 0.2779 0.3883 -0.8786
vn 0.2786 0.3776 -0.8831
vn 0.0441 0.0600 -0.9972
vn 0.2481 0.5188 -0.8181
vn 0.5097 0.8274 -0.2359
vn 0.5310 0.7695 -0.3548
vn 0.2826 0.4418 -0.8515
vn 0.1737 0.6371 -0.7510
vn 0.4183 0.9072 -0.0450
vn 0.5097 0.8274 -0.2359
vn 0.2481 0.5188 -0.8181
vn 0.4868 0.8606 -0.1497
vn 0.5001 0.8321 -0.2398
vn 0.5467 0.8362 0.0439
vn 0.6005 0.7981 0.0496
vn 0.4603 0.7459 0.4815
vn 0.6110 0.7239 0.3204
vn 0.6005 0.7981 0.0496
vn 0.5467 0.8362 0.0439
vn 0.6110 0.7239 0.3204
vn 0.4603 0.7459 0.4815
vn 0.3734 0.9210 -0.1108
vn 0.5263 0.8151 -0.2422
vn 0.2613 -0.8175 -0.5132
vn 0.5354 -0.7076 -0.4610
vn 0.5678 -0.8195 -0.0777
vn 0.1643 -0.9685 -0.1873
vn 0.3393 -0.6527 -0.6774
vn 0.5053 -0.5704 -0.6476
vn 0.5354 -0.7076 -0.4610
vn 0.2613 -0.8175 -0.5132
vn -0.1188 -0.3203 -0.9398
vn 0.0122 -0.2041 -0.9789
vn 0.0829 -0.2610 -0.9618
vn -0.0183 -0.3914 -0.9200
vn 0.0122 -0.2041 -0.9789
vn -0.1188 -0.3203 -0.9398
vn -0.1687 -0.3016 -0.9384
vn -0.0241 -0.1814 -0.9831
vn 0.2222 -0.4402 0.8700
vn 0.1028 -0.3096 0.9453
vn -0.0596 -0.4372 0.8974
vn 0.0644 -0.5840 0.8092
vn 0.1068 -0.1242 0.9865
vn 0.0755 -0.0945 0.9927
vn -0.0443 -0.1971 0.9794
vn 0.0079 -0.2212 0.9752
vn 0.0079 -0.2212 0.9752
vn -0.0443 -0.1971 0.9794
vn -0.2755 -0.3670 0.8885
vn -0.1899 -0.3791 0.9056
vn 0.1894 -0.2111 0.9589
vn 0.1068 -0.1242 0.9865
vn 0.0079 -0.2212 0.9752
vn 0.1028 -0.3096 0.9453
vn -0.1325 -0.1327 -0.9823
vn -0.0847 -0.1060 -0.9908
vn -0.1679 -0.1433 -0.9753
vn -0.1632 -0.1435 -0.9761
vn 0.0552 -0.0316 -0.9980
vn 0.0364 -0.0091 -0.9993
vn -0.1020 -0.1761 -0.9791
vn -0.0745 -0.1944 -0.9781
vn 0.0445 -0.0257 -0.9987
vn -0.0820 -0.1837 -0.9795
vn -0.0825 -0.1738 -0.9813
vn 0.0330 -0.0170 -0.9993
vn 0.0445 -0.0257 -0.9987
vn 0.0552 -0.0316 -0.9980
vn -0.0745 -0.1944 -0.9781
vn -0.0820 -0.1837 -0.9795
vn -0.0805 -0.1612 -0.9836
vn 0.0441 0.0600 -0.9972
vn 0.0348 0.0178 -0.9992
vn -0.0987 -0.1743 -0.9797
vn 0.0441 0.0600 -0.9972
vn 0.2786 0.3776 -0.8831
vn 0.2796 0.3619 -0.8893
vn 0.0348 0.0178 -0.9992
vn 0.5818 0.7810 -0.2273
vn 0.6257 0.7220 0.2952
vn 0.2464 0.8964 0.3685
vn 0.3504 0.9102 -0.2209
vn 0.5263 0.8151 -0.2422
vn 0.3027 0.6551 -0.6922
vn 0.3707 0.6699 -0.6432
vn 0.3504 0.9102 -0.2209
vn 0.3504 0.9102 -0.2209
vn 0.2464 0.8964 0.3685
vn 0.6110 0.7239 0.3204
vn 0.5263 0.8151 -0.2422
vn 0.5201 0.8440 -0.1313
vn 0.3707 0.6699 -0.6432
vn 0.3027 0.6551 -0.6922
vn 0.3984 0.8957 -0.1973
vn 0.5562 0.8196 -0.1374
vn 0.4657 0.6687 -0.5796
vn 0.3707 0.6699 -0.6432
vn 0.5201 0.8440 -0.1313
vn 0.5818 0.7810 -0.2273
vn 0.3504 0.9102 -0.2209
vn 0.3707 0.6699 -0.6432
vn 0.4657 0.6687 -0.5796
vn 0.5346 0.8415 0.0772
vn 0.3894 0.9210 0.0115
vn 0.2651 0.8757 -0.4035
vn 0.5039 0.7152 -0.4843
vn 0.7210 0.6156 -0.3182
vn 0.5820 0.7707 0.2594
vn 0.5346 0.8415 0.0772
vn 0.5039 0.7152 -0.4843
vn 0.4868 0.8606 -0.1497
vn 0.2192 0.9742 -0.0536
vn 0.2651 0.8757 -0.4035
vn 0.3857 0.8127 -0.4367
vn 0.5039 0.7152 -0.4843
vn 0.2651 0.8757 -0.4035
vn 0.2192 0.9742 -0.0536
vn 0.6662 0.6991 -0.2598
vn 0.5039 0.7152 -0.4843
vn 0.6662 0.6991 -0.2598
vn 0.8578 0.4253 -0.2885
vn 0.7210 0.6156 -0.3182
vn 0.5346 0.8415 0.0772
vn 0.4757 0.7493 0.4607
vn 0.3885 0.7379 0.5519
vn 0.3894 0.9210 0.0115
vn 0.3857 0.8127 -0.4367
vn 0.2651 0.8757 -0.4035
vn 0.3894 0.9210 0.0115
vn 0.3388 0.9394 -0.0527
vn 0.4757 0.7493 0.4607
vn 0.5097 0.8274 -0.2359
vn 0.4183 0.9072 -0.0450
vn 0.3885 0.7379 0.5519
vn 0.5820 0.7707 0.2594
vn 0.5250 0.7648 0.3735
vn 0.4757 0.7493 0.4607
vn 0.5346 0.8415 0.0772
vn 0.5250 0.7648 0.3735
vn 0.5310 0.7695 -0.3548
vn 0.5097 0.8274 -0.2359
vn 0.4757 0.7493 0.4607
vn 0.3857 0.8127 -0.4367
vn 0.3184 0.7653 -0.5593
vn 0.5001 0.8321 -0.2398
vn 0.4868 0.8606 -0.1497
vn 0.2192 0.9742 -0.0536
vn 0.4868 0.8606 -0.1497
vn 0.6005 0.7981 0.0496
vn 0.2093 0.9506 0.2291
vn 0.3984 0.8957 -0.1973
vn 0.2799 0.8129 0.5107
vn 0.3963 0.7388 0.5451
vn 0.5201 0.8440 -0.1313
vn 0.5370 -0.8260 0.1710
vn 0.5678 -0.8195 -0.0777
vn 0.7389 -0.6669 0.0961
vn 0.7860 -0.5914 0.1801
vn 0.7860 -0.5914 0.1801
vn 0.7930 -0.5580 -0.2444
vn 0.5411 -0.8250 -0.1634
vn 0.5370 -0.8260 0.1710
vn -0.0902 -0.1982 0.9760
vn -0.0443 -0.1971 0.9794
vn 0.0755 -0.0945 0.9927
vn 0.0537 -0.0692 0.9962
vn 0.0537 -0.0692 0.9962
vn 0.0755 -0.0945 0.9927
vn 0.1528 -0.0077 0.9882
vn 0.1308 0.0183 0.9912
vn 0.0755 -0.0945 0.9927
vn 0.1068 -0.1242 0.9865
vn 0.1820 -0.0421 0.9824
vn 0.1528 -0.0077 0.9882
vn -0.1249 -0.2071 0.9703
vn -0.0902 -0.1982 0.9760
vn 0.0537 -0.0692 0.9962
vn 0.0405 -0.0449 0.9982
vn -0.1170 -0.1301 -0.9846
vn 0.0054 -0.0440 -0.9990
vn 0.0429 -0.0388 -0.9983
vn -0.0808 -0.1416 -0.9866
vn 0.0369 -0.0106 -0.9993
vn -0.0943 -0.1676 -0.9813
vn -0.0987 -0.1743 -0.9797
vn 0.0348 0.0178 -0.9992
vn -0.1867 -0.2736 -0.9436
vn -0.0987 -0.1743 -0.9797
vn -0.0943 -0.1676 -0.9813
vn -0.1874 -0.2678 -0.9451
vn 0.0348 0.0178 -0.9992
vn 0.2796 0.3619 -0.8893
vn 0.2840 0.3321 -0.8995
vn 0.0369 -0.0106 -0.9993
vn 0.0330 -0.0170 -0.9993
vn -0.0825 -0.1738 -0.9813
vn -0.0943 -0.1676 -0.9813
vn 0.0369 -0.0106 -0.9993
vn 0.0369 -0.0106 -0.9993
vn 0.2840 0.3321 -0.8995
vn 0.2826 0.3095 -0.9079
vn 0.0330 -0.0170 -0.9993
vn 0.5099 0.6997 -0.5004
vn 0.2779 0.3883 -0.8786
vn 0.2821 0.4072 -0.8687
vn 0.5198 0.7347 -0.4359
vn 0.2826 0.4418 -0.8515
vn 0.5310 0.7695 -0.3548
vn 0.5198 0.7347 -0.4359
vn 0.2821 0.4072 -0.8687
vn 0.4803 0.8120 0.3317
vn 0.5573 0.7689 0.3134
vn 0.5250 0.7648 0.3735
vn 0.5820 0.7707 0.2594
vn 0.3718 0.9228 -0.1015
vn 0.4803 0.8120 0.3317
vn 0.5820 0.7707 0.2594
vn 0.7210 0.6156 -0.3182
vn 0.5343 0.8315 -0.1519
vn 0.5611 0.7325 0.3854
vn 0.4803 0.8120 0.3317
vn 0.3718 0.9228 -0.1015
vn 0.5611 0.7325 0.3854
vn 0.5766 0.7741 0.2612
vn 0.5573 0.7689 0.3134
vn 0.4803 0.8120 0.3317
vn 0.1616 -0.5151 -0.8417
vn 0.3067 -0.4507 -0.8384
vn 0.3393 -0.6527 -0.6774
vn 0.0541 -0.6873 -0.7244
vn 0.1588 -0.3347 -0.9288
vn 0.1616 -0.5151 -0.8417
vn -0.0183 -0.3914 -0.9200
vn 0.0829 -0.2610 -0.9618
vn 0.0122 -0.2041 -0.9789
vn 0.1232 -0.0957 -0.9878
vn 0.1770 -0.1612 -0.9709
vn 0.0829 -0.2610 -0.9618
vn 0.1003 -0.0707 -0.9924
vn -0.0241 -0.1814 -0.9831
vn -0.0808 -0.1416 -0.9866
vn 0.0429 -0.0388 -0.9983
vn -0.0241 -0.1814 -0.9831
vn 0.1003 -0.0707 -0.9924
vn 0.1232 -0.0957 -0.9878
vn 0.0122 -0.2041 -0.9789
vn -0.0098 -0.0878 -0.9961
vn -0.1345 -0.1525 -0.9791
vn -0.1679 -0.1433 -0.9753
vn -0.0847 -0.1060 -0.9908
vn -0.0847 -0.1060 -0.9908
vn 0.1194 0.0246 -0.9925
vn 0.1560 0.0371 -0.9871
vn -0.0098 -0.0878 -0.9961
vn -0.1345 -0.1525 -0.9791
vn -0.0098 -0.0878 -0.9961
vn 0.0054 -0.0440 -0.9990
vn -0.1170 -0.1301 -0.9846
vn -0.1637 -0.2808 -0.9457
vn -0.1874 -0.2678 -0.9451
vn -0.0943 -0.1676 -0.9813
vn -0.0825 -0.1738 -0.9813
vn 0.2779 0.3883 -0.8786
vn 0.5099 0.6997 -0.5004
vn 0.5055 0.6700 -0.5437
vn 0.2786 0.3776 -0.8831
vn 0.5010 0.6536 -0.5673
vn 0.2796 0.3619 -0.8893
vn 0.2786 0.3776 -0.8831
vn 0.5055 0.6700 -0.5437
vn 0.8578 0.4253 -0.2885
vn 0.6662 0.6991 -0.2598
vn 0.6796 0.7262 0.1035
vn 0.9107 0.4091 -0.0574
vn 0.6662 0.6991 -0.2598
vn 0.2192 0.9742 -0.0536
vn 0.2093 0.9506 0.2291
vn 0.6796 0.7262 0.1035
vn 0.7389 -0.6669 0.0961
vn 0.5678 -0.8195 -0.0777
vn 0.5354 -0.7076 -0.4610
vn 0.6890 -0.6319 -0.3550
vn 0.8870 -0.3894 0.2481
vn 0.8424 -0.3845 -0.3775
vn 0.7930 -0.5580 -0.2444
vn 0.7860 -0.5914 0.1801
vn 0.7930 -0.5580 -0.2444
vn 0.7327 -0.6575 -0.1757
vn 0.4759 -0.8631 -0.1690
vn 0.5411 -0.8250 -0.1634
vn 0.3067 -0.4507 -0.8384
vn 0.4492 -0.3509 -0.8216
vn 0.5053 -0.5704 -0.6476
vn 0.3393 -0.6527 -0.6774
vn 0.4492 -0.3509 -0.8216
vn 0.5963 -0.2359 -0.7673
vn 0.6454 -0.4646 -0.6063
vn 0.5053 -0.5704 -0.6476
vn 0.5053 -0.5704 -0.6476
vn 0.6454 -0.4646 -0.6063
vn 0.6890 -0.6319 -0.3550
vn 0.5354 -0.7076 -0.4610
vn 0.3067 -0.4507 -0.8384
vn 0.1616 -0.5151 -0.8417
vn 0.1588 -0.3347 -0.9288
vn 0.2489 -0.2646 -0.9317
vn 0.2489 -0.2646 -0.9317
vn 0.1588 -0.3347 -0.9288
vn 0.0829 -0.2610 -0.9618
vn 0.1770 -0.1612 -0.9709
vn 0.1801 0.0642 -0.9815
vn 0.0429 -0.0388 -0.9983
vn 0.0054 -0.0440 -0.9990
vn 0.1454 0.0669 -0.9871
vn 0.1454 0.0669 -0.9871
vn 0.0054 -0.0440 -0.9990
vn -0.0098 -0.0878 -0.9961
vn 0.1560 0.0371 -0.9871
vn 0.2968 0.2733 -0.9150
vn 0.2918 0.2824 -0.9138
vn 0.0364 -0.0091 -0.9993
vn 0.0552 -0.0316 -0.9980
vn 0.4443 0.8669 0.2260
vn 0.2949 0.9249 0.2402
vn 0.4130 0.9092 -0.0523
vn 0.5443 0.8378 0.0426
vn 0.5443 0.8378 0.0426
vn 0.4130 0.9092 -0.0523
vn 0.4754 0.6961 -0.5380
vn 0.5124 0.7008 -0.4964
vn 0.5443 0.8378 0.0426
vn 0.7933 0.6088 -0.0031
vn 0.8179 0.5672 0.0967
vn 0.4443 0.8669 0.2260
vn 0.8750 0.4745 0.0958
vn 0.2949 0.9249 0.2402
vn 0.2378 0.9608 0.1427
vn 0.9107 0.4091 -0.0574
vn 0.4443 0.8669 0.2260
vn 0.5694 0.8216 0.0276
vn 0.2378 0.9608 0.1427
vn 0.2949 0.9249 0.2402
vn 0.2949 0.9249 0.2402
vn 0.8750 0.4745 0.0958
vn 0.7700 0.6084 -0.1922
vn 0.4130 0.9092 -0.0523
vn 0.3718 0.9228 -0.1015
vn 0.7210 0.6156 -0.3182
vn 0.8578 0.4253 -0.2885
vn 0.2556 0.9653 -0.0540
vn 0.5343 0.8315 -0.1519
vn 0.3718 0.9228 -0.1015
vn 0.2556 0.9653 -0.0540
vn 0.5993 0.7695 -0.2207
vn 0.5343 0.8315 -0.1519
vn 0.5993 0.7695 -0.2207
vn 0.7979 0.5152 -0.3129
vn 0.7549 0.6529 -0.0614
vn 0.5766 0.7741 0.2612
vn 0.5099 0.6997 -0.5004
vn 0.5198 0.7347 -0.4359
vn 0.5573 0.7689 0.3134
vn 0.5310 0.7695 -0.3548
vn 0.5250 0.7648 0.3735
vn 0.5573 0.7689 0.3134
vn 0.5198 0.7347 -0.4359
vn 0.5756 0.7921 -0.2031
vn 0.5327 0.6212 -0.5748
vn 0.4657 0.6687 -0.5796
vn 0.5562 0.8196 -0.1374
vn 0.5912 0.7623 -0.2633
vn 0.4754 0.6961 -0.5380
vn 0.5327 0.6212 -0.5748
vn 0.5756 0.7921 -0.2031
vn 0.5818 0.7810 -0.2273
vn 0.4657 0.6687 -0.5796
vn 0.5327 0.6212 -0.5748
vn 0.7700 0.6084 -0.1922
vn 0.2556 0.9653 -0.0540
vn 0.8578 0.4253 -0.2885
vn 0.9107 0.4091 -0.0574
vn 0.2378 0.9608 0.1427
vn 0.6257 0.7220 0.2952
vn 0.8750 0.4745 0.0958
vn 0.9107 0.4091 -0.0574
vn 0.6796 0.7262 0.1035
vn 0.2464 0.8964 0.3685
vn 0.6257 0.7220 0.2952
vn 0.6796 0.7262 0.1035
vn 0.2093 0.9506 0.2291
vn 0.4492 -0.3509 -0.8216
vn 0.3067 -0.4507 -0.8384
vn 0.2489 -0.2646 -0.9317
vn 0.3703 -0.1652 -0.9141
vn 0.1232 -0.0957 -0.9878
vn 0.2519 0.0300 -0.9673
vn 0.2997 -0.0434 -0.9530
vn 0.1770 -0.1612 -0.9709
vn 0.2324 0.0431 -0.9717
vn 0.1003 -0.0707 -0.9924
vn 0.0429 -0.0388 -0.9983
vn 0.1801 0.0642 -0.9815
vn 0.1003 -0.0707 -0.9924
vn 0.2324 0.0431 -0.9717
vn 0.2519 0.0300 -0.9673
vn 0.1232 -0.0957 -0.9878
vn -0.1325 -0.1327 -0.9823
vn 0.0536 0.0145 -0.9985
vn 0.1194 0.0246 -0.9925
vn -0.0847 -0.1060 -0.9908
vn 0.0364 -0.0091 -0.9993
vn 0.0536 0.0145 -0.9985
vn -0.1325 -0.1327 -0.9823
vn -0.1020 -0.1761 -0.9791
vn 0.3135 0.2757 -0.9087
vn 0.3249 0.2457 -0.9133
vn 0.1194 0.0246 -0.9925
vn 0.0536 0.0145 -0.9985
vn 0.0536 0.0145 -0.9985
vn 0.0364 -0.0091 -0.9993
vn 0.2918 0.2824 -0.9138
vn 0.3135 0.2757 -0.9087
vn 0.2930 0.2882 -0.9116
vn 0.0445 -0.0257 -0.9987
vn 0.0330 -0.0170 -0.9993
vn 0.2826 0.3095 -0.9079
vn 0.5152 0.6252 -0.5863
vn 0.2826 0.3095 -0.9079
vn 0.2840 0.3321 -0.8995
vn 0.5053 0.6392 -0.5797
vn 0.5053 0.6392 -0.5797
vn 0.2840 0.3321 -0.8995
vn 0.2796 0.3619 -0.8893
vn 0.5010 0.6536 -0.5673
vn 0.5325 0.6607 -0.5291
vn 0.4756 0.7203 -0.5049
vn 0.5274 0.8440 0.0976
vn 0.5937 0.8028 0.0539
vn 0.4653 0.8348 0.2945
vn 0.8179 0.5672 0.0967
vn 0.7933 0.6088 -0.0031
vn 0.5937 0.8028 0.0539
vn 0.7192 0.6940 -0.0327
vn 0.5274 0.8440 0.0976
vn 0.4756 0.7203 -0.5049
vn 0.5400 0.6517 -0.5326
vn 0.5711 0.7231 -0.3887
vn 0.5697 0.7324 -0.3729
vn 0.4756 0.7203 -0.5049
vn 0.5325 0.6607 -0.5291
vn 0.5808 0.7632 0.2831
vn 0.4653 0.8348 0.2945
vn 0.5937 0.8028 0.0539
vn 0.5274 0.8440 0.0976
vn 0.5443 0.8378 0.0426
vn 0.5124 0.7008 -0.4964
vn 0.6108 0.6208 -0.4915
vn 0.7933 0.6088 -0.0031
vn 0.5691 0.7506 -0.3357
vn 0.6108 0.6208 -0.4915
vn 0.5124 0.7008 -0.4964
vn 0.5703 0.7516 -0.3314
vn 0.5000 0.6627 0.5575
vn 0.5703 0.7516 -0.3314
vn 0.5912 0.7623 -0.2633
vn 0.4971 0.6623 0.5606
vn 0.5703 0.7516 -0.3314
vn 0.5124 0.7008 -0.4964
vn 0.4754 0.6961 -0.5380
vn 0.5912 0.7623 -0.2633
vn 0.5067 0.6601 0.5544
vn 0.5691 0.7506 -0.3357
vn 0.5703 0.7516 -0.3314
vn 0.5000 0.6627 0.5575
vn 0.5711 0.7231 -0.3887
vn 0.5325 0.6607 -0.5291
vn 0.6108 0.6208 -0.4915
vn 0.5691 0.7506 -0.3357
vn 0.8309 0.5425 -0.1235
vn 0.5694 0.8216 0.0276
vn 0.4443 0.8669 0.2260
vn 0.8179 0.5672 0.0967
vn 0.7979 0.5152 -0.3129
vn 0.5993 0.7695 -0.2207
vn 0.5694 0.8216 0.0276
vn 0.8309 0.5425 -0.1235
vn 0.3132 0.9190 -0.2394
vn 0.7979 0.5152 -0.3129
vn 0.8309 0.5425 -0.1235
vn 0.3638 0.9306 0.0413
vn 0.2378 0.9608 0.1427
vn 0.5694 0.8216 0.0276
vn 0.5993 0.7695 -0.2207
vn 0.2556 0.9653 -0.0540
vn 0.5916 0.7772 0.2146
vn 0.5055 0.6700 -0.5437
vn 0.5099 0.6997 -0.5004
vn 0.5766 0.7741 0.2612
vn 0.5756 0.7921 -0.2031
vn 0.4709 0.6890 0.5510
vn 0.4971 0.6623 0.5606
vn 0.5912 0.7623 -0.2633
vn 0.4438 0.7093 0.5476
vn 0.2315 0.3977 0.8878
vn 0.2606 0.3567 0.8971
vn 0.4709 0.6890 0.5510
vn 0.4971 0.6623 0.5606
vn 0.2704 0.3257 0.9060
vn 0.2586 0.3152 0.9131
vn 0.5000 0.6627 0.5575
vn 0.2704 0.3257 0.9060
vn 0.4971 0.6623 0.5606
vn 0.4709 0.6890 0.5510
vn 0.2606 0.3567 0.8971
vn 0.1770 -0.1612 -0.9709
vn 0.2997 -0.0434 -0.9530
vn 0.3703 -0.1652 -0.9141
vn 0.2489 -0.2646 -0.9317
vn 0.3117 0.2211 -0.9241
vn 0.1560 0.0371 -0.9871
vn 0.1194 0.0246 -0.9925
vn 0.3249 0.2457 -0.9133
vn 0.1560 0.0371 -0.9871
vn 0.3117 0.2211 -0.9241
vn 0.3055 0.2213 -0.9261
vn 0.1454 0.0669 -0.9871
vn 0.2930 0.2882 -0.9116
vn 0.2968 0.2733 -0.9150
vn 0.0552 -0.0316 -0.9980
vn 0.0445 -0.0257 -0.9987
vn 0.7081 0.6855 -0.1695
vn 0.7192 0.6940 -0.0327
vn 0.5400 0.6517 -0.5326
vn 0.5270 0.5953 -0.6066
vn 0.5400 0.6517 -0.5326
vn 0.4756 0.7203 -0.5049
vn 0.5697 0.7324 -0.3729
vn 0.5955 0.7526 -0.2809
vn 0.5270 0.5953 -0.6066
vn 0.5400 0.6517 -0.5326
vn 0.5955 0.7526 -0.2809
vn 0.5936 0.7743 -0.2194
vn 0.6993 0.6959 0.1636
vn 0.7937 0.5924 0.1384
vn 0.7192 0.6940 -0.0327
vn 0.7081 0.6855 -0.1695
vn 0.5274 0.8440 0.0976
vn 0.7192 0.6940 -0.0327
vn 0.7937 0.5924 0.1384
vn 0.5808 0.7632 0.2831
vn 0.5013 0.6954 0.5149
vn 0.6059 0.7774 0.1688
vn 0.5916 0.7772 0.2146
vn 0.5813 0.6605 0.4752
vn 0.5055 0.6700 -0.5437
vn 0.5916 0.7772 0.2146
vn 0.6059 0.7774 0.1688
vn 0.5010 0.6536 -0.5673
vn 0.5766 0.7741 0.2612
vn 0.5611 0.7325 0.3854
vn 0.5813 0.6605 0.4752
vn 0.5916 0.7772 0.2146
vn 0.5813 0.6605 0.4752
vn 0.7549 0.6529 -0.0614
vn 0.4563 0.8894 0.0281
vn 0.5013 0.6954 0.5149
vn 0.6024 0.7981 0.0080
vn 0.5270 0.6862 0.5014
vn 0.5013 0.6954 0.5149
vn 0.4563 0.8894 0.0281
vn 0.6059 0.7774 0.1688
vn 0.5013 0.6954 0.5149
vn 0.5270 0.6862 0.5014
vn 0.6121 0.7816 0.1205
vn 0.4754 0.6961 -0.5380
vn 0.4130 0.9092 -0.0523
vn 0.7700 0.6084 -0.1922
vn 0.5327 0.6212 -0.5748
vn 0.7327 -0.6575 -0.1757
vn 0.7930 -0.5580 -0.2444
vn 0.8424 -0.3845 -0.3775
vn 0.7833 -0.5350 -0.3165
vn 0.8424 -0.3845 -0.3775
vn 0.8587 -0.2601 -0.4415
vn 0.8376 -0.2908 -0.4624
vn 0.7833 -0.5350 -0.3165
vn 0.7833 -0.5350 -0.3165
vn 0.7627 -0.5931 0.2579
vn 0.6512 -0.7035 0.2847
vn 0.7327 -0.6575 -0.1757
vn 0.3841 0.1817 -0.9052
vn 0.2324 0.0431 -0.9717
vn 0.1801 0.0642 -0.9815
vn 0.3452 0.2061 -0.9156
vn 0.3452 0.2061 -0.9156
vn 0.1801 0.0642 -0.9815
vn 0.1454 0.0669 -0.9871
vn 0.3055 0.2213 -0.9261
vn 0.2918 0.2824 -0.9138
vn 0.2968 0.2733 -0.9150
vn 0.5259 0.5978 -0.6050
vn 0.5294 0.5863 -0.6132
vn 0.5259 0.5978 -0.6050
vn 0.2968 0.2733 -0.9150
vn 0.2930 0.2882 -0.9116
vn 0.5295 0.6065 -0.5931
vn 0.5295 0.6065 -0.5931
vn 0.2930 0.2882 -0.9116
vn 0.2826 0.3095 -0.9079
vn 0.5152 0.6252 -0.5863
vn 0.5445 0.8167 0.1913
vn 0.6993 0.6959 0.1636
vn 0.7081 0.6855 -0.1695
vn 0.5470 0.7722 -0.3231
vn 0.5445 0.8167 0.1913
vn 0.5328 0.8269 0.1797
vn 0.5198 0.8388 0.1620
vn 0.5932 0.7871 0.1694
vn 0.6993 0.6959 0.1636
vn 0.5445 0.8167 0.1913
vn 0.5932 0.7871 0.1694
vn 0.6241 0.7713 0.1251
vn 0.5470 0.7722 -0.3231
vn 0.7081 0.6855 -0.1695
vn 0.5270 0.5953 -0.6066
vn 0.4344 0.5986 -0.6730
vn 0.5328 0.8269 0.1797
vn 0.5445 0.8167 0.1913
vn 0.5470 0.7722 -0.3231
vn 0.5172 0.7301 -0.4466
vn 0.6780 0.7349 0.0159
vn 0.7497 0.6070 -0.2637
vn 0.5294 0.8309 -0.1714
vn 0.5452 0.8383 0.0029
vn 0.5452 0.8383 0.0029
vn 0.5294 0.8309 -0.1714
vn 0.6294 0.7674 -0.1219
vn 0.6327 0.7744 -0.0006
vn 0.5379 0.6753 0.5045
vn 0.6780 0.7349 0.0159
vn 0.5452 0.8383 0.0029
vn 0.5234 0.7066 0.4762
vn 0.5234 0.7066 0.4762
vn 0.5452 0.8383 0.0029
vn 0.6327 0.7744 -0.0006
vn 0.5535 0.7108 0.4341
vn 0.7497 0.6070 -0.2637
vn 0.5917 0.7449 -0.3082
vn 0.6649 0.7470 0.0053
vn 0.8179 0.5747 -0.0274
vn 0.8179 0.5747 -0.0274
vn 0.6241 0.7713 0.1251
vn 0.5294 0.8309 -0.1714
vn 0.7497 0.6070 -0.2637
vn 0.6294 0.7674 -0.1219
vn 0.5294 0.8309 -0.1714
vn 0.6241 0.7713 0.1251
vn 0.5932 0.7871 0.1694
vn 0.3638 0.9306 0.0413
vn 0.6649 0.7470 0.0053
vn 0.5917 0.7449 -0.3082
vn 0.3132 0.9190 -0.2394
vn 0.4653 0.8348 0.2945
vn 0.5808 0.7632 0.2831
vn 0.6649 0.7470 0.0053
vn 0.3638 0.9306 0.0413
vn 0.8179 0.5747 -0.0274
vn 0.6649 0.7470 0.0053
vn 0.5808 0.7632 0.2831
vn 0.7937 0.5924 0.1384
vn 0.6241 0.7713 0.1251
vn 0.8179 0.5747 -0.0274
vn 0.7937 0.5924 0.1384
vn 0.6993 0.6959 0.1636
vn 0.6024 0.7981 0.0080
vn 0.4563 0.8894 0.0281
vn 0.3132 0.9190 -0.2394
vn 0.5917 0.7449 -0.3082
vn 0.7497 0.6070 -0.2637
vn 0.6780 0.7349 0.0159
vn 0.6024 0.7981 0.0080
vn 0.5917 0.7449 -0.3082
vn 0.3132 0.9190 -0.2394
vn 0.4563 0.8894 0.0281
vn 0.7549 0.6529 -0.0614
vn 0.7979 0.5152 -0.3129
vn 0.3638 0.9306 0.0413
vn 0.8309 0.5425 -0.1235
vn 0.8179 0.5672 0.0967
vn 0.4653 0.8348 0.2945
vn 0.5691 0.7506 -0.3357
vn 0.5067 0.6601 0.5544
vn 0.5206 0.6523 0.5509
vn 0.5711 0.7231 -0.3887
vn 0.6121 0.7816 0.1205
vn 0.5053 0.6392 -0.5797
vn 0.5010 0.6536 -0.5673
vn 0.6059 0.7774 0.1688
vn 0.5963 -0.2359 -0.7673
vn 0.4492 -0.3509 -0.8216
vn 0.3703 -0.1652 -0.9141
vn 0.5168 -0.0392 -0.8552
vn 0.2997 -0.0434 -0.9530
vn 0.4412 0.1038 -0.8914
vn 0.5168 -0.0392 -0.8552
vn 0.3703 -0.1652 -0.9141
vn 0.4412 0.1038 -0.8914
vn 0.2997 -0.0434 -0.9530
vn 0.2519 0.0300 -0.9673
vn 0.4009 0.1677 -0.9007
vn 0.4009 0.1677 -0.9007
vn 0.2519 0.0300 -0.9673
vn 0.2324 0.0431 -0.9717
vn 0.3841 0.1817 -0.9052
vn 0.3117 0.2211 -0.9241
vn 0.3249 0.2457 -0.9133
vn 0.5509 0.5635 -0.6157
vn 0.5418 0.5526 -0.6333
vn 0.3135 0.2757 -0.9087
vn 0.2918 0.2824 -0.9138
vn 0.5294 0.5863 -0.6132
vn 0.5536 0.5646 -0.6122
vn 0.5536 0.5646 -0.6122
vn 0.5509 0.5635 -0.6157
vn 0.3249 0.2457 -0.9133
vn 0.3135 0.2757 -0.9087
vn 0.4344 0.5986 -0.6730
vn 0.4237 0.5840 -0.6924
vn 0.5172 0.7301 -0.4466
vn 0.5470 0.7722 -0.3231
vn 0.4237 0.5840 -0.6924
vn 0.4282 0.5553 -0.7129
vn 0.5813 0.6487 -0.4912
vn 0.5172 0.7301 -0.4466
vn 0.6988 0.6993 0.1505
vn 0.5328 0.8269 0.1797
vn 0.5172 0.7301 -0.4466
vn 0.5813 0.6487 -0.4912
vn 0.4237 0.5840 -0.6924
vn 0.4344 0.5986 -0.6730
vn 0.5913 0.7944 -0.1387
vn 0.6217 0.7800 -0.0714
vn 0.4344 0.5986 -0.6730
vn 0.5270 0.5953 -0.6066
vn 0.5936 0.7743 -0.2194
vn 0.5913 0.7944 -0.1387
vn 0.5932 0.7871 0.1694
vn 0.5198 0.8388 0.1620
vn 0.5281 0.8462 -0.0709
vn 0.6294 0.7674 -0.1219
vn 0.5281 0.8462 -0.0709
vn 0.5595 0.8242 -0.0880
vn 0.6327 0.7744 -0.0006
vn 0.6294 0.7674 -0.1219
vn 0.3055 0.2213 -0.9261
vn 0.5354 0.5289 -0.6585
vn 0.5558 0.4762 -0.6814
vn 0.3452 0.2061 -0.9156
vn 0.5354 0.5289 -0.6585
vn 0.3055 0.2213 -0.9261
vn 0.3117 0.2211 -0.9241
vn 0.5418 0.5526 -0.6333
vn 0.4175 0.8986 0.1353
vn 0.6033 0.7913 0.0996
vn 0.5088 0.7206 -0.4710
vn 0.4319 0.8131 -0.3903
vn 0.5813 0.6487 -0.4912
vn 0.5088 0.7206 -0.4710
vn 0.6033 0.7913 0.0996
vn 0.6988 0.6993 0.1505
vn 0.7276 0.6857 -0.0208
vn 0.7494 0.6446 0.1511
vn 0.6988 0.6993 0.1505
vn 0.6033 0.7913 0.0996
vn 0.4153 0.5424 -0.7303
vn 0.4101 0.5719 -0.7105
vn 0.4319 0.8131 -0.3903
vn 0.5088 0.7206 -0.4710
vn 0.4214 0.8857 -0.1949
vn 0.7276 0.6857 -0.0208
vn 0.6033 0.7913 0.0996
vn 0.4175 0.8986 0.1353
vn 0.5666 0.7989 0.2017
vn 0.4676 0.8706 -0.1531
vn 0.4214 0.8857 -0.1949
vn 0.4175 0.8986 0.1353
vn 0.5389 0.7558 -0.3718
vn 0.5666 0.7989 0.2017
vn 0.4175 0.8986 0.1353
vn 0.4319 0.8131 -0.3903
vn 0.4282 0.5553 -0.7129
vn 0.4153 0.5424 -0.7303
vn 0.5088 0.7206 -0.4710
vn 0.5813 0.6487 -0.4912
vn 0.6217 0.7800 -0.0714
vn 0.6436 0.7654 -0.0082
vn 0.4282 0.5553 -0.7129
vn 0.4237 0.5840 -0.6924
vn 0.6436 0.7654 -0.0082
vn 0.6523 0.7572 0.0350
vn 0.4153 0.5424 -0.7303
vn 0.4282 0.5553 -0.7129
vn 0.5198 0.8388 0.1620
vn 0.7494 0.6446 0.1511
vn 0.7217 0.6912 0.0365
vn 0.5281 0.8462 -0.0709
vn 0.6244 0.7771 0.0789
vn 0.6275 0.7669 0.1342
vn 0.5294 0.5863 -0.6132
vn 0.5259 0.5978 -0.6050
vn 0.6275 0.7669 0.1342
vn 0.6516 0.7413 0.1608
vn 0.5536 0.5646 -0.6122
vn 0.5294 0.5863 -0.6132
vn 0.5152 0.6252 -0.5863
vn 0.6167 0.7805 0.1030
vn 0.6378 0.7665 0.0755
vn 0.5295 0.6065 -0.5931
vn 0.6244 0.7771 0.0789
vn 0.5259 0.5978 -0.6050
vn 0.5295 0.6065 -0.5931
vn 0.6378 0.7665 0.0755
vn 0.5234 0.7066 0.4762
vn 0.6378 0.7665 0.0755
vn 0.6167 0.7805 0.1030
vn 0.5379 0.6753 0.5045
vn 0.6907 0.1182 -0.7135
vn 0.5168 -0.0392 -0.8552
vn 0.4412 0.1038 -0.8914
vn 0.5987 0.2782 -0.7511
vn 0.5963 -0.2359 -0.7673
vn 0.7737 -0.0887 -0.6273
vn 0.7896 -0.3128 -0.5279
vn 0.6454 -0.4646 -0.6063
vn 0.7737 -0.0887 -0.6273
vn 0.5963 -0.2359 -0.7673
vn 0.5168 -0.0392 -0.8552
vn 0.6907 0.1182 -0.7135
vn 0.5623 0.3746 -0.7373
vn 0.4009 0.1677 -0.9007
vn 0.3841 0.1817 -0.9052
vn 0.5695 0.4237 -0.7044
vn 0.5987 0.2782 -0.7511
vn 0.4412 0.1038 -0.8914
vn 0.4009 0.1677 -0.9007
vn 0.5623 0.3746 -0.7373
vn 0.3452 0.2061 -0.9156
vn 0.5558 0.4762 -0.6814
vn 0.5695 0.4237 -0.7044
vn 0.3841 0.1817 -0.9052
vn 0.5251 0.8493 -0.0542
vn 0.8322 0.5484 0.0825
vn 0.7276 0.6857 -0.0208
vn 0.4214 0.8857 -0.1949
vn 0.7217 0.6912 0.0365
vn 0.8322 0.5484 0.0825
vn 0.8015 0.5955 0.0554
vn 0.6908 0.7158 -0.1026
vn 0.8322 0.5484 0.0825
vn 0.7217 0.6912 0.0365
vn 0.7494 0.6446 0.1511
vn 0.7276 0.6857 -0.0208
vn 0.8322 0.5484 0.0825
vn 0.5251 0.8493 -0.0542
vn 0.5881 0.8031 0.0963
vn 0.8015 0.5955 0.0554
vn 0.5251 0.8493 -0.0542
vn 0.4214 0.8857 -0.1949
vn 0.4676 0.8706 -0.1531
vn 0.3539 0.9293 -0.1057
vn 0.5509 0.5635 -0.6157
vn 0.5536 0.5646 -0.6122
vn 0.6516 0.7413 0.1608
vn 0.6358 0.7565 0.1529
vn 0.5281 0.8462 -0.0709
vn 0.7217 0.6912 0.0365
vn 0.6908 0.7158 -0.1026
vn 0.5595 0.8242 -0.0880
vn 0.5535 0.7108 0.4341
vn 0.6244 0.7771 0.0789
vn 0.6378 0.7665 0.0755
vn 0.5234 0.7066 0.4762
vn 0.7953 -0.5192 0.3131
vn 0.7389 -0.6669 0.0961
vn 0.6890 -0.6319 -0.3550
vn 0.8231 -0.5297 -0.2048
vn 0.6454 -0.4646 -0.6063
vn 0.7896 -0.3128 -0.5279
vn 0.8231 -0.5297 -0.2048
vn 0.6890 -0.6319 -0.3550
vn 0.7896 -0.3128 -0.5279
vn 0.9974 -0.0284 -0.0658
vn 0.9578 -0.2687 0.1018
vn 0.8231 -0.5297 -0.2048
vn 0.9578 -0.2687 0.1018
vn 0.8571 -0.1889 0.4793
vn 0.7953 -0.5192 0.3131
vn 0.8231 -0.5297 -0.2048
vn 0.9578 -0.2687 0.1018
vn 0.9974 -0.0284 -0.0658
vn 0.9278 0.0568 0.3687
vn 0.8571 -0.1889 0.4793
vn 0.7737 -0.0887 -0.6273
vn 0.9730 0.1922 -0.1276
vn 0.9974 -0.0284 -0.0658
vn 0.7896 -0.3128 -0.5279
vn 0.9344 0.0167 -0.3559
vn 0.8376 -0.2908 -0.4624
vn 0.8587 -0.2601 -0.4415
vn 0.9264 -0.2398 -0.2902
vn 0.7833 -0.5350 -0.3165
vn 0.8376 -0.2908 -0.4624
vn 0.9178 -0.3743 0.1321
vn 0.7627 -0.5931 0.2579
vn 0.8424 -0.3845 -0.3775
vn 0.8870 -0.3894 0.2481
vn 0.9411 -0.2328 0.2453
vn 0.8587 -0.2601 -0.4415
vn 0.9264 -0.2398 -0.2902
vn 0.8587 -0.2601 -0.4415
vn 0.9411 -0.2328 0.2453
vn 0.9701 -0.2070 0.1269
vn 0.9880 -0.1158 -0.1027
vn 0.9264 -0.2398 -0.2902
vn 0.9701 -0.2070 0.1269
vn 0.9933 -0.0646 -0.0956
vn 0.9264 -0.2398 -0.2902
vn 0.9880 -0.1158 -0.1027
vn 0.9960 0.0893 0.0028
vn 0.9344 0.0167 -0.3559
vn 0.3539 0.9293 -0.1057
vn 0.4676 0.8706 -0.1531
vn 0.6283 0.7763 0.0500
vn 0.4599 0.8879 0.0141
vn 0.5881 0.8031 0.0963
vn 0.5251 0.8493 -0.0542
vn 0.3539 0.9293 -0.1057
vn 0.3794 0.9251 -0.0162
vn 0.4101 0.5719 -0.7105
vn 0.4477 0.6104 -0.6534
vn 0.5389 0.7558 -0.3718
vn 0.4319 0.8131 -0.3903
vn 0.4101 0.5719 -0.7105
vn 0.4153 0.5424 -0.7303
vn 0.6523 0.7572 0.0350
vn 0.6466 0.7587 0.0792
vn 0.5389 0.7558 -0.3718
vn 0.6281 0.6441 -0.4367
vn 0.7015 0.6710 0.2400
vn 0.5666 0.7989 0.2017
vn 0.6358 0.7565 0.1529
vn 0.6124 0.7808 0.1236
vn 0.5418 0.5526 -0.6333
vn 0.5509 0.5635 -0.6157
vn 0.5354 0.5289 -0.6585
vn 0.5418 0.5526 -0.6333
vn 0.6124 0.7808 0.1236
vn 0.6135 0.7828 0.1043
vn 0.8015 0.5955 0.0554
vn 0.5881 0.8031 0.0963
vn 0.5538 0.7625 0.3346
vn 0.6611 0.6854 0.3052
vn 0.6124 0.7808 0.1236
vn 0.6358 0.7565 0.1529
vn 0.6611 0.6854 0.3052
vn 0.5538 0.7625 0.3346
vn 0.6908 0.7158 -0.1026
vn 0.8015 0.5955 0.0554
vn 0.6611 0.6854 0.3052
vn 0.6138 0.7236 0.3157
vn 0.5553 0.7399 0.3798
vn 0.6138 0.7236 0.3157
vn 0.6516 0.7413 0.1608
vn 0.6275 0.7669 0.1342
vn 0.6358 0.7565 0.1529
vn 0.6516 0.7413 0.1608
vn 0.6138 0.7236 0.3157
vn 0.6611 0.6854 0.3052
vn 0.5595 0.8242 -0.0880
vn 0.6908 0.7158 -0.1026
vn 0.6138 0.7236 0.3157
vn 0.5553 0.7399 0.3798
vn 0.6275 0.7669 0.1342
vn 0.6244 0.7771 0.0789
vn 0.5535 0.7108 0.4341
vn 0.5553 0.7399 0.3798
vn 0.9447 0.3081 -0.1121
vn 0.9943 0.0430 -0.0980
vn 0.9344 0.0167 -0.3559
vn 0.9960 0.0893 0.0028
vn 0.8376 -0.2908 -0.4624
vn 0.9344 0.0167 -0.3559
vn 0.9943 0.0430 -0.0980
vn 0.9178 -0.3743 0.1321
vn 0.5695 0.4237 -0.7044
vn 0.6827 0.7291 0.0474
vn 0.6995 0.7140 -0.0310
vn 0.5623 0.3746 -0.7373
vn 0.5558 0.4762 -0.6814
vn 0.6629 0.7460 0.0640
vn 0.6827 0.7291 0.0474
vn 0.5695 0.4237 -0.7044
vn 0.4827 0.5826 -0.6539
vn 0.6281 0.6441 -0.4367
vn 0.5389 0.7558 -0.3718
vn 0.4477 0.6104 -0.6534
vn 0.6466 0.7587 0.0792
vn 0.6533 0.7430 0.1455
vn 0.4477 0.6104 -0.6534
vn 0.4101 0.5719 -0.7105
vn 0.6533 0.7430 0.1455
vn 0.6690 0.7193 0.1871
vn 0.4827 0.5826 -0.6539
vn 0.4477 0.6104 -0.6534
vn 0.6281 0.6441 -0.4367
vn 0.4827 0.5826 -0.6539
vn 0.5041 0.5888 -0.6318
vn 0.5227 0.7240 -0.4502
vn 0.6281 0.6441 -0.4367
vn 0.5227 0.7240 -0.4502
vn 0.5221 0.8020 0.2904
vn 0.7015 0.6710 0.2400
vn 0.6523 0.7572 0.0350
vn 0.6436 0.7654 -0.0082
vn 0.5141 0.5242 0.6788
vn 0.5094 0.5079 0.6946
vn 0.6466 0.7587 0.0792
vn 0.6523 0.7572 0.0350
vn 0.5094 0.5079 0.6946
vn 0.4933 0.4979 0.7132
vn 0.5068 0.5478 0.6656
vn 0.5141 0.5242 0.6788
vn 0.6436 0.7654 -0.0082
vn 0.6217 0.7800 -0.0714
vn 0.6907 0.1182 -0.7135
vn 0.9077 0.3847 -0.1676
vn 0.9730 0.1922 -0.1276
vn 0.7737 -0.0887 -0.6273
vn 0.9077 0.3847 -0.1676
vn 0.6907 0.1182 -0.7135
vn 0.5987 0.2782 -0.7511
vn 0.8012 0.5831 -0.1340
vn 0.5623 0.3746 -0.7373
vn 0.6995 0.7140 -0.0310
vn 0.8012 0.5831 -0.1340
vn 0.5987 0.2782 -0.7511
vn 0.5599 0.7842 -0.2674
vn 0.6196 0.7810 -0.0783
vn 0.5815 0.8050 0.1177
vn 0.4894 0.8549 -0.1722
vn 0.5948 0.7913 -0.1418
vn 0.6995 0.7140 -0.0310
vn 0.6827 0.7291 0.0474
vn 0.6196 0.7810 -0.0783
vn 0.6827 0.7291 0.0474
vn 0.6629 0.7460 0.0640
vn 0.5815 0.8050 0.1177
vn 0.6196 0.7810 -0.0783
vn 0.5815 0.8050 0.1177
vn 0.4837 0.8357 0.2602
vn 0.3794 0.9251 -0.0162
vn 0.4894 0.8549 -0.1722
vn 0.5194 0.8517 0.0697
vn 0.5599 0.7842 -0.2674
vn 0.4894 0.8549 -0.1722
vn 0.4599 0.8879 0.0141
vn 0.5815 0.8050 0.1177
vn 0.6629 0.7460 0.0640
vn 0.6135 0.7828 0.1043
vn 0.4837 0.8357 0.2602
vn 0.4837 0.8357 0.2602
vn 0.6135 0.7828 0.1043
vn 0.6124 0.7808 0.1236
vn 0.5538 0.7625 0.3346
vn 0.4599 0.8879 0.0141
vn 0.4894 0.8549 -0.1722
vn 0.3794 0.9251 -0.0162
vn 0.3539 0.9293 -0.1057
vn 0.4837 0.8357 0.2602
vn 0.5538 0.7625 0.3346
vn 0.5881 0.8031 0.0963
vn 0.3794 0.9251 -0.0162
vn 0.4977 0.8502 0.1715
vn 0.6283 0.7763 0.0500
vn 0.7015 0.6710 0.2400
vn 0.5221 0.8020 0.2904
vn 0.4977 0.8502 0.1715
vn 0.5194 0.8517 0.0697
vn 0.4599 0.8879 0.0141
vn 0.6283 0.7763 0.0500
vn 0.7015 0.6710 0.2400
vn 0.6283 0.7763 0.0500
vn 0.4676 0.8706 -0.1531
vn 0.5666 0.7989 0.2017
vn 0.9507 0.2979 -0.0860
vn 0.9480 -0.0614 0.3122
vn 0.9943 0.0430 -0.0980
vn 0.9447 0.3081 -0.1121
vn 0.9480 -0.0614 0.3122
vn 0.7683 -0.3612 0.5285
vn 0.9178 -0.3743 0.1321
vn 0.9943 0.0430 -0.0980
vn 0.9447 0.3081 -0.1121
vn 0.8880 0.4204 0.1862
vn 0.8432 0.4688 -0.2632
vn 0.9507 0.2979 -0.0860
vn 0.8432 0.4688 -0.2632
vn 0.8885 0.4536 -0.0696
vn 0.8815 0.2060 0.4249
vn 0.9507 0.2979 -0.0860
vn 0.5542 0.6396 -0.5327
vn 0.7077 0.6101 -0.3562
vn 0.6470 0.7024 -0.2967
vn 0.4281 0.8139 -0.3929
vn 0.8880 0.4204 0.1862
vn 0.6225 0.7030 0.3439
vn 0.6470 0.7024 -0.2967
vn 0.8432 0.4688 -0.2632
vn 0.3756 0.8583 0.3495
vn 0.4281 0.8139 -0.3929
vn 0.6470 0.7024 -0.2967
vn 0.6225 0.7030 0.3439
vn 0.5041 0.5888 -0.6318
vn 0.5542 0.6396 -0.5327
vn 0.4281 0.8139 -0.3929
vn 0.5227 0.7240 -0.4502
vn 0.7077 0.6101 -0.3562
vn 0.5542 0.6396 -0.5327
vn 0.7034 0.6169 0.3531
vn 0.7272 0.5207 0.4473
vn 0.8885 0.4536 -0.0696
vn 0.8432 0.4688 -0.2632
vn 0.6470 0.7024 -0.2967
vn 0.7077 0.6101 -0.3562
vn 0.7739 0.3883 0.5003
vn 0.8885 0.4536 -0.0696
vn 0.7077 0.6101 -0.3562
vn 0.7272 0.5207 0.4473
vn 0.5419 0.7604 -0.3579
vn 0.5948 0.7913 -0.1418
vn 0.6196 0.7810 -0.0783
vn 0.5599 0.7842 -0.2674
vn 0.7876 0.5988 -0.1452
vn 0.8012 0.5831 -0.1340
vn 0.6995 0.7140 -0.0310
vn 0.5948 0.7913 -0.1418
vn 0.5390 0.8423 -0.0036
vn 0.5419 0.7604 -0.3579
vn 0.5599 0.7842 -0.2674
vn 0.5194 0.8517 0.0697
vn 0.5948 0.7913 -0.1418
vn 0.5419 0.7604 -0.3579
vn 0.7362 0.5710 -0.3632
vn 0.7876 0.5988 -0.1452
vn 0.5221 0.8020 0.2904
vn 0.5227 0.7240 -0.4502
vn 0.4281 0.8139 -0.3929
vn 0.3756 0.8583 0.3495
vn 0.6690 0.7193 0.1871
vn 0.6849 0.6836 0.2522
vn 0.5041 0.5888 -0.6318
vn 0.4827 0.5826 -0.6539
vn 0.6849 0.6836 0.2522
vn 0.7034 0.6169 0.3531
vn 0.5542 0.6396 -0.5327
vn 0.5041 0.5888 -0.6318
vn 0.3756 0.8583 0.3495
vn 0.4402 0.8876 0.1355
vn 0.4977 0.8502 0.1715
vn 0.5221 0.8020 0.2904
vn 0.7046 0.7019 0.1044
vn 0.4402 0.8876 0.1355
vn 0.3756 0.8583 0.3495
vn 0.6225 0.7030 0.3439
vn 0.5390 0.8423 -0.0036
vn 0.5194 0.8517 0.0697
vn 0.4977 0.8502 0.1715
vn 0.4402 0.8876 0.1355
vn 0.5390 0.8423 -0.0036
vn 0.4402 0.8876 0.1355
vn 0.7046 0.7019 0.1044
vn 0.7368 0.6744 -0.0483
vn 0.5354 0.5289 -0.6585
vn 0.6135 0.7828 0.1043
vn 0.6629 0.7460 0.0640
vn 0.5558 0.4762 -0.6814
vn 0.4957 0.4350 0.7517
vn 0.5037 0.3940 0.7688
vn 0.6849 0.6836 0.2522
vn 0.6690 0.7193 0.1871
vn 0.4933 0.4979 0.7132
vn 0.4966 0.4643 0.7334
vn 0.6533 0.7430 0.1455
vn 0.6466 0.7587 0.0792
vn 0.6690 0.7193 0.1871
vn 0.6533 0.7430 0.1455
vn 0.4966 0.4643 0.7334
vn 0.4957 0.4350 0.7517
vn 0.9933 -0.0646 -0.0956
vn 0.9683 0.2083 0.1379
vn 0.9308 0.3596 -0.0650
vn 0.9200 0.2762 -0.2782
vn 0.9730 0.1922 -0.1276
vn 0.9077 0.3847 -0.1676
vn 0.9308 0.3596 -0.0650
vn 0.9683 0.2083 0.1379
vn 0.7876 0.5988 -0.1452
vn 0.7362 0.5710 -0.3632
vn 0.9200 0.2762 -0.2782
vn 0.9308 0.3596 -0.0650
vn 0.9933 -0.0646 -0.0956
vn 0.9200 0.2762 -0.2782
vn 0.9372 0.3437 -0.0588
vn 0.9880 -0.1158 -0.1027
vn 0.9197 0.3697 0.1322
vn 0.7046 0.7019 0.1044
vn 0.6225 0.7030 0.3439
vn 0.8880 0.4204 0.1862
vn 0.7362 0.5710 -0.3632
vn 0.5419 0.7604 -0.3579
vn 0.5390 0.8423 -0.0036
vn 0.7368 0.6744 -0.0483
vn 0.7046 0.7019 0.1044
vn 0.9197 0.3697 0.1322
vn 0.9372 0.3437 -0.0588
vn 0.7368 0.6744 -0.0483
vn -0.1848 -0.2828 0.9412
vn -0.0664 -0.1465 0.9870
vn -0.0803 -0.1539 0.9848
vn -0.2156 -0.2878 0.9331
vn 0.0106 -0.0229 0.9997
vn -0.1335 -0.1544 0.9789
vn -0.0803 -0.1539 0.9848
vn 0.0337 -0.0228 0.9992
vn 0.0337 -0.0228 0.9992
vn -0.0803 -0.1539 0.9848
vn -0.0664 -0.1465 0.9870
vn 0.0237 -0.0211 0.9995
vn -0.1792 -0.2575 0.9495
vn -0.1810 -0.2275 0.9568
vn -0.0056 -0.0897 0.9960
vn -0.0324 -0.1096 0.9935
vn 0.0337 -0.0228 0.9992
vn 0.1348 0.1220 0.9833
vn 0.1372 0.1244 0.9827
vn 0.0106 -0.0229 0.9997
vn 0.3734 0.9210 -0.1108
vn -0.0769 0.9576 0.2775
vn -0.0684 0.7881 -0.6118
vn 0.1523 0.7094 -0.6881
vn -0.1810 -0.2275 0.9568
vn -0.1942 -0.1814 0.9640
vn -0.0054 -0.0250 0.9997
vn -0.0056 -0.0897 0.9960
vn 0.0237 -0.0211 0.9995
vn 0.1170 0.1234 0.9854
vn 0.1348 0.1220 0.9833
vn 0.0337 -0.0228 0.9992
vn 0.1170 0.1234 0.9854
vn 0.0237 -0.0211 0.9995
vn 0.0086 -0.0183 0.9998
vn 0.1081 0.1182 0.9871
vn 0.0749 -0.7931 0.6045
vn 0.0644 -0.5840 0.8092
vn -0.2092 -0.7235 0.6579
vn -0.3420 -0.8467 0.4077
vn -0.0443 -0.1971 0.9794
vn -0.0902 -0.1982 0.9760
vn -0.3373 -0.3815 0.8606
vn -0.2755 -0.3670 0.8885
vn -0.0075 0.0154 0.9999
vn -0.0054 -0.0250 0.9997
vn -0.1942 -0.1814 0.9640
vn -0.1874 -0.1749 0.9666
vn 0.2606 0.3567 0.8971
vn 0.1137 0.1363 0.9841
vn 0.1372 0.1244 0.9827
vn 0.2704 0.3257 0.9060
vn 0.0749 -0.7931 0.6045
vn -0.0055 -0.9246 0.3809
vn 0.3886 -0.7571 0.5251
vn 0.3371 -0.6073 0.7194
vn -0.0056 -0.0897 0.9960
vn -0.0054 -0.0250 0.9997
vn 0.0728 0.0186 0.9972
vn 0.0980 -0.0078 0.9952
vn 0.2704 0.3257 0.9060
vn 0.1372 0.1244 0.9827
vn 0.1348 0.1220 0.9833
vn 0.2586 0.3152 0.9131
vn 0.1137 0.1363 0.9841
vn 0.2606 0.3567 0.8971
vn 0.2315 0.3977 0.8878
vn 0.0703 0.1619 0.9843
vn 0.3963 0.7388 0.5451
vn 0.1569 0.4522 0.8780
vn 0.2315 0.3977 0.8878
vn 0.4438 0.7093 0.5476
vn 0.3371 -0.6073 0.7194
vn 0.2222 -0.4402 0.8700
vn 0.0644 -0.5840 0.8092
vn 0.0749 -0.7931 0.6045
vn 0.3371 -0.6073 0.7194
vn 0.3886 -0.7571 0.5251
vn 0.5473 -0.6059 0.5774
vn 0.4535 -0.4889 0.7452
vn 0.2222 -0.4402 0.8700
vn 0.3371 -0.6073 0.7194
vn 0.4535 -0.4889 0.7452
vn 0.3162 -0.3434 0.8844
vn 0.1170 0.1234 0.9854
vn 0.2477 0.3121 0.9172
vn 0.2586 0.3152 0.9131
vn 0.1348 0.1220 0.9833
vn 0.1081 0.1182 0.9871
vn 0.2501 0.3072 0.9182
vn 0.2477 0.3121 0.9172
vn 0.1170 0.1234 0.9854
vn 0.6110 0.7239 0.3204
vn 0.2464 0.8964 0.3685
vn 0.2093 0.9506 0.2291
vn 0.6005 0.7981 0.0496
vn 0.1308 0.0183 0.9912
vn 0.1106 0.0360 0.9932
vn 0.0405 -0.0449 0.9982
vn 0.0537 -0.0692 0.9962
vn 0.0149 -0.0069 0.9999
vn 0.0405 -0.0449 0.9982
vn 0.1106 0.0360 0.9932
vn 0.0739 0.0605 0.9954
vn 0.0739 0.0605 0.9954
vn 0.0528 0.0566 0.9970
vn -0.0075 0.0154 0.9999
vn 0.0149 -0.0069 0.9999
vn 0.1471 0.0787 0.9860
vn 0.1670 0.0996 0.9809
vn 0.0808 -0.0031 0.9967
vn 0.0980 -0.0078 0.9952
vn 0.1222 0.0708 0.9900
vn 0.1471 0.0787 0.9860
vn 0.0980 -0.0078 0.9952
vn 0.0728 0.0186 0.9972
vn 0.2501 0.3072 0.9182
vn 0.1081 0.1182 0.9871
vn 0.1126 0.1043 0.9882
vn 0.2525 0.2967 0.9210
vn 0.5000 0.6627 0.5575
vn 0.2586 0.3152 0.9131
vn 0.2477 0.3121 0.9172
vn 0.5067 0.6601 0.5544
vn 0.3162 -0.3434 0.8844
vn 0.1894 -0.2111 0.9589
vn 0.1028 -0.3096 0.9453
vn 0.2222 -0.4402 0.8700
vn 0.0728 0.0186 0.9972
vn 0.0528 0.0566 0.9970
vn 0.1206 0.0895 0.9887
vn 0.1222 0.0708 0.9900
vn 0.5818 0.7810 -0.2273
vn 0.7700 0.6084 -0.1922
vn 0.8750 0.4745 0.0958
vn 0.6257 0.7220 0.2952
vn 0.4438 0.7093 0.5476
vn 0.5562 0.8196 -0.1374
vn 0.5201 0.8440 -0.1313
vn 0.3963 0.7388 0.5451
vn 0.4709 0.6890 0.5510
vn 0.5756 0.7921 -0.2031
vn 0.5562 0.8196 -0.1374
vn 0.4438 0.7093 0.5476
vn 0.4535 -0.4889 0.7452
vn 0.5473 -0.6059 0.5774
vn 0.6401 -0.5036 0.5802
vn 0.5234 -0.4002 0.7522
vn 0.7627 -0.5931 0.2579
vn 0.6401 -0.5036 0.5802
vn 0.5473 -0.6059 0.5774
vn 0.6512 -0.7035 0.2847
vn 0.3162 -0.3434 0.8844
vn 0.4535 -0.4889 0.7452
vn 0.5234 -0.4002 0.7522
vn 0.3844 -0.2525 0.8879
vn 0.1894 -0.2111 0.9589
vn 0.3162 -0.3434 0.8844
vn 0.3844 -0.2525 0.8879
vn 0.2587 -0.1193 0.9586
vn 0.0528 0.0566 0.9970
vn 0.0728 0.0186 0.9972
vn -0.0054 -0.0250 0.9997
vn -0.0075 0.0154 0.9999
vn 0.1433 0.1090 0.9837
vn 0.1206 0.0895 0.9887
vn 0.0528 0.0566 0.9970
vn 0.0739 0.0605 0.9954
vn 0.2598 0.2393 0.9355
vn 0.2722 0.2484 0.9296
vn 0.1475 0.1106 0.9829
vn 0.1670 0.0996 0.9809
vn 0.2722 0.2484 0.9296
vn 0.2663 0.2686 0.9257
vn 0.1238 0.1014 0.9871
vn 0.1475 0.1106 0.9829
vn 0.2663 0.2686 0.9257
vn 0.2525 0.2967 0.9210
vn 0.1126 0.1043 0.9882
vn 0.1238 0.1014 0.9871
vn 0.5067 0.6601 0.5544
vn 0.2477 0.3121 0.9172
vn 0.2501 0.3072 0.9182
vn 0.5206 0.6523 0.5509
vn 0.7549 0.6529 -0.0614
vn 0.5813 0.6605 0.4752
vn 0.5611 0.7325 0.3854
vn 0.5343 0.8315 -0.1519
vn 0.1068 -0.1242 0.9865
vn 0.1894 -0.2111 0.9589
vn 0.2587 -0.1193 0.9586
vn 0.1820 -0.0421 0.9824
vn 0.1106 0.0360 0.9932
vn 0.1308 0.0183 0.9912
vn 0.2064 0.0945 0.9739
vn 0.1821 0.1031 0.9779
vn 0.0739 0.0605 0.9954
vn 0.1106 0.0360 0.9932
vn 0.1821 0.1031 0.9779
vn 0.1433 0.1090 0.9837
vn 0.1670 0.0996 0.9809
vn 0.1471 0.0787 0.9860
vn 0.2524 0.2323 0.9393
vn 0.2598 0.2393 0.9355
vn 0.2525 0.2967 0.9210
vn 0.2663 0.2686 0.9257
vn 0.5172 0.6199 0.5901
vn 0.5177 0.6499 0.5565
vn 0.2501 0.3072 0.9182
vn 0.2525 0.2967 0.9210
vn 0.5177 0.6499 0.5565
vn 0.5206 0.6523 0.5509
vn 0.7933 0.6088 -0.0031
vn 0.6108 0.6208 -0.4915
vn 0.5325 0.6607 -0.5291
vn 0.5937 0.8028 0.0539
vn 0.7953 -0.5192 0.3131
vn 0.8870 -0.3894 0.2481
vn 0.7860 -0.5914 0.1801
vn 0.7389 -0.6669 0.0961
vn 0.6153 -0.2644 0.7427
vn 0.4710 -0.1196 0.8740
vn 0.3844 -0.2525 0.8879
vn 0.5234 -0.4002 0.7522
vn 0.4710 -0.1196 0.8740
vn 0.3508 -0.0055 0.9364
vn 0.2587 -0.1193 0.9586
vn 0.3844 -0.2525 0.8879
vn 0.1308 0.0183 0.9912
vn 0.1528 -0.0077 0.9882
vn 0.2333 0.0795 0.9692
vn 0.2064 0.0945 0.9739
vn 0.2752 0.0534 0.9599
vn 0.2333 0.0795 0.9692
vn 0.1528 -0.0077 0.9882
vn 0.1820 -0.0421 0.9824
vn 0.2802 0.2331 0.9312
vn 0.2670 0.2269 0.9366
vn 0.1222 0.0708 0.9900
vn 0.1206 0.0895 0.9887
vn 0.2670 0.2269 0.9366
vn 0.2524 0.2323 0.9393
vn 0.1471 0.0787 0.9860
vn 0.1222 0.0708 0.9900
vn 0.2663 0.2686 0.9257
vn 0.2722 0.2484 0.9296
vn 0.5070 0.5878 0.6304
vn 0.5172 0.6199 0.5901
vn 0.5379 0.6753 0.5045
vn 0.5270 0.6862 0.5014
vn 0.6024 0.7981 0.0080
vn 0.6780 0.7349 0.0159
vn 0.5206 0.6523 0.5509
vn 0.5177 0.6499 0.5565
vn 0.5697 0.7324 -0.3729
vn 0.5711 0.7231 -0.3887
vn 0.6153 -0.2644 0.7427
vn 0.5234 -0.4002 0.7522
vn 0.6401 -0.5036 0.5802
vn 0.7683 -0.3612 0.5285
vn 0.7683 -0.3612 0.5285
vn 0.6401 -0.5036 0.5802
vn 0.7627 -0.5931 0.2579
vn 0.9178 -0.3743 0.1321
vn 0.3508 -0.0055 0.9364
vn 0.2752 0.0534 0.9599
vn 0.1820 -0.0421 0.9824
vn 0.2587 -0.1193 0.9586
vn 0.1433 0.1090 0.9837
vn 0.1821 0.1031 0.9779
vn 0.3071 0.2260 0.9244
vn 0.2840 0.2395 0.9284
vn 0.1206 0.0895 0.9887
vn 0.1433 0.1090 0.9837
vn 0.2840 0.2395 0.9284
vn 0.2802 0.2331 0.9312
vn 0.2598 0.2393 0.9355
vn 0.2524 0.2323 0.9393
vn 0.5068 0.5478 0.6656
vn 0.4955 0.5685 0.6567
vn 0.2524 0.2323 0.9393
vn 0.2670 0.2269 0.9366
vn 0.5141 0.5242 0.6788
vn 0.5068 0.5478 0.6656
vn 0.2722 0.2484 0.9296
vn 0.2598 0.2393 0.9355
vn 0.4955 0.5685 0.6567
vn 0.5070 0.5878 0.6304
vn 0.5177 0.6499 0.5565
vn 0.5172 0.6199 0.5901
vn 0.5955 0.7526 -0.2809
vn 0.5697 0.7324 -0.3729
vn 0.3198 0.2147 0.9228
vn 0.3071 0.2260 0.9244
vn 0.1821 0.1031 0.9779
vn 0.2064 0.0945 0.9739
vn 0.2064 0.0945 0.9739
vn 0.2333 0.0795 0.9692
vn 0.3405 0.1917 0.9205
vn 0.3198 0.2147 0.9228
vn 0.5936 0.7743 -0.2194
vn 0.5955 0.7526 -0.2809
vn 0.5172 0.6199 0.5901
vn 0.5070 0.5878 0.6304
vn 0.6121 0.7816 0.1205
vn 0.5270 0.6862 0.5014
vn 0.5379 0.6753 0.5045
vn 0.6167 0.7805 0.1030
vn 0.5053 0.6392 -0.5797
vn 0.6121 0.7816 0.1205
vn 0.6167 0.7805 0.1030
vn 0.5152 0.6252 -0.5863
vn 0.8571 -0.1889 0.4793
vn 0.9411 -0.2328 0.2453
vn 0.8870 -0.3894 0.2481
vn 0.7953 -0.5192 0.3131
vn 0.7683 -0.3612 0.5285
vn 0.9480 -0.0614 0.3122
vn 0.7396 -0.0632 0.6701
vn 0.6153 -0.2644 0.7427
vn 0.4710 -0.1196 0.8740
vn 0.6153 -0.2644 0.7427
vn 0.7396 -0.0632 0.6701
vn 0.5664 0.0305 0.8236
vn 0.3873 0.1573 0.9084
vn 0.3405 0.1917 0.9205
vn 0.2333 0.0795 0.9692
vn 0.2752 0.0534 0.9599
vn 0.2840 0.2395 0.9284
vn 0.3071 0.2260 0.9244
vn 0.4966 0.4643 0.7334
vn 0.4933 0.4979 0.7132
vn 0.2670 0.2269 0.9366
vn 0.2802 0.2331 0.9312
vn 0.5094 0.5079 0.6946
vn 0.5141 0.5242 0.6788
vn 0.4933 0.4979 0.7132
vn 0.5094 0.5079 0.6946
vn 0.2802 0.2331 0.9312
vn 0.2840 0.2395 0.9284
vn 0.7494 0.6446 0.1511
vn 0.5198 0.8388 0.1620
vn 0.5328 0.8269 0.1797
vn 0.6988 0.6993 0.1505
vn 0.5913 0.7944 -0.1387
vn 0.5936 0.7743 -0.2194
vn 0.5070 0.5878 0.6304
vn 0.4955 0.5685 0.6567
vn 0.5553 0.7399 0.3798
vn 0.5535 0.7108 0.4341
vn 0.6327 0.7744 -0.0006
vn 0.5595 0.8242 -0.0880
vn 0.9278 0.0568 0.3687
vn 0.9701 -0.2070 0.1269
vn 0.9411 -0.2328 0.2453
vn 0.8571 -0.1889 0.4793
vn 0.5664 0.0305 0.8236
vn 0.4537 0.1139 0.8838
vn 0.3508 -0.0055 0.9364
vn 0.4710 -0.1196 0.8740
vn 0.4537 0.1139 0.8838
vn 0.3873 0.1573 0.9084
vn 0.2752 0.0534 0.9599
vn 0.3508 -0.0055 0.9364
vn 0.4957 0.4350 0.7517
vn 0.4966 0.4643 0.7334
vn 0.3071 0.2260 0.9244
vn 0.3198 0.2147 0.9228
vn 0.3198 0.2147 0.9228
vn 0.3405 0.1917 0.9205
vn 0.5037 0.3940 0.7688
vn 0.4957 0.4350 0.7517
vn 0.6217 0.7800 -0.0714
vn 0.5913 0.7944 -0.1387
vn 0.4955 0.5685 0.6567
vn 0.5068 0.5478 0.6656
vn 0.8815 0.2060 0.4249
vn 0.6774 0.1922 0.7101
vn 0.5664 0.0305 0.8236
vn 0.7396 -0.0632 0.6701
vn 0.9480 -0.0614 0.3122
vn 0.9507 0.2979 -0.0860
vn 0.8815 0.2060 0.4249
vn 0.7396 -0.0632 0.6701
vn 0.9933 -0.0646 -0.0956
vn 0.9701 -0.2070 0.1269
vn 0.9278 0.0568 0.3687
vn 0.9683 0.2083 0.1379
vn 0.9683 0.2083 0.1379
vn 0.9278 0.0568 0.3687
vn 0.9974 -0.0284 -0.0658
vn 0.9730 0.1922 -0.1276
vn 0.3405 0.1917 0.9205
vn 0.3873 0.1573 0.9084
vn 0.5348 0.3238 0.7805
vn 0.5037 0.3940 0.7688
vn 0.6774 0.1922 0.7101
vn 0.5657 0.2580 0.7832
vn 0.4537 0.1139 0.8838
vn 0.5664 0.0305 0.8236
vn 0.8885 0.4536 -0.0696
vn 0.7739 0.3883 0.5003
vn 0.6774 0.1922 0.7101
vn 0.8815 0.2060 0.4249
vn 0.5657 0.2580 0.7832
vn 0.5348 0.3238 0.7805
vn 0.3873 0.1573 0.9084
vn 0.4537 0.1139 0.8838
vn 0.7739 0.3883 0.5003
vn 0.7272 0.5207 0.4473
vn 0.5657 0.2580 0.7832
vn 0.6774 0.1922 0.7101
vn 0.7272 0.5207 0.4473
vn 0.7034 0.6169 0.3531
vn 0.5348 0.3238 0.7805
vn 0.5657 0.2580 0.7832
vn 0.7034 0.6169 0.3531
vn 0.6849 0.6836 0.2522
vn 0.5037 0.3940 0.7688
vn 0.5348 0.3238 0.7805
vn 0.7876 0.5988 -0.1452
vn 0.9308 0.3596 -0.0650
vn 0.9077 0.3847 -0.1676
vn 0.8012 0.5831 -0.1340
vn 0.9960 0.0893 0.0028
vn 0.9197 0.3697 0.1322
vn 0.8880 0.4204 0.1862
vn 0.9447 0.3081 -0.1121
vn 0.9197 0.3697 0.1322
vn 0.9960 0.0893 0.0028
vn 0.9880 -0.1158 -0.1027
vn 0.9372 0.3437 -0.0588
vn 0.9200 0.2762 -0.2782
vn 0.7362 0.5710 -0.3632
vn 0.7368 0.6744 -0.0483
vn 0.9372 0.3437 -0.0588
vn -0.7593 0.3894 -0.5214
vn -0.4404 0.5966 -0.6709
vn -0.5289 0.8068 -0.2634
vn -0.8463 0.4616 0.2658
# 3416 vertex normals

vt 0.1228 0.1200 0.0000
vt 0.1040 0.1274 0.0000
vt 0.1023 0.0985 0.0000
vt 0.1111 0.0967 0.0000
vt 0.9434 0.0803 0.0000
vt 0.9825 0.0820 0.0000
vt 0.9619 0.1101 0.0000
vt 0.9340 0.1105 0.0000
vt 0.9818 0.0542 0.0000
vt 0.9495 0.0511 0.0000
vt 0.1255 0.1501 0.0000
vt 0.1023 0.1562 0.0000
vt 0.1009 0.1843 0.0000
vt 0.1239 0.1797 0.0000
vt 0.0794 0.1063 0.0000
vt 0.0790 0.1336 0.0000
vt 0.0770 0.1610 0.0000
vt 0.9529 0.0237 0.0000
vt 0.9284 0.0573 0.0000
vt 0.9332 0.0286 0.0000
vt 0.0902 0.0696 0.0000
vt 0.0726 0.0795 0.0000
vt 0.0568 0.1142 0.0000
vt 0.0556 0.0951 0.0000
vt 0.0543 0.1383 0.0000
vt 0.0779 0.0424 0.0000
vt 0.1001 0.0584 0.0000
vt 0.0657 0.0511 0.0000
vt 0.0497 0.0711 0.0000
vt 0.0340 0.1152 0.0000
vt 0.0386 0.0923 0.0000
vt 0.0755 0.1880 0.0000
vt 0.2464 0.1469 0.0000
vt 0.2176 0.1491 0.0000
vt 0.2135 0.1188 0.0000
vt 0.2466 0.1171 0.0000
vt 0.5505 0.1526 0.0000
vt 0.5234 0.1531 0.0000
vt 0.5243 0.1247 0.0000
vt 0.5519 0.1236 0.0000
vt 0.5260 0.0949 0.0000
vt 0.5541 0.0933 0.0000
vt 0.2429 0.1753 0.0000
vt 0.2161 0.1773 0.0000
vt 0.2134 0.0894 0.0000
vt 0.2453 0.0872 0.0000
vt 0.1849 0.1513 0.0000
vt 0.1884 0.1253 0.0000
vt 0.5169 0.7546 0.0000
vt 0.4883 0.7538 0.0000
vt 0.4916 0.7273 0.0000
vt 0.5200 0.7250 0.0000
vt 0.5589 0.0631 0.0000
vt 0.5305 0.0653 0.0000
vt 0.0521 0.1638 0.0000
vt 0.0507 0.1896 0.0000
vt 0.0310 0.1393 0.0000
vt 0.0293 0.1643 0.0000
vt 0.0099 0.1377 0.0000
vt 0.0132 0.1126 0.0000
vt 0.5406 0.0366 0.0000
vt 0.5660 0.0342 0.0000
vt 0.2139 0.0631 0.0000
vt 0.2407 0.0576 0.0000
vt 0.4916 0.7028 0.0000
vt 0.5139 0.6966 0.0000
vt 0.9808 0.0295 0.0000
vt 0.2109 0.0399 0.0000
vt 0.2298 0.0308 0.0000
vt 0.0282 0.0643 0.0000
vt 0.0190 0.0882 0.0000
vt 0.5031 0.6700 0.0000
vt 0.4883 0.6831 0.0000
vt 0.5573 0.0114 0.0000
vt 0.5789 0.0071 0.0000
vt 0.7450 0.7901 0.0000
vt 0.7236 0.7896 0.0000
vt 0.7114 0.7562 0.0000
vt 0.7292 0.7662 0.0000
vt 0.0418 0.0414 0.0000
vt 0.0591 0.0258 0.0000
vt 0.9569 0.0000 0.0000
vt 0.9818 0.0056 0.0000
vt 0.2824 0.7951 0.0000
vt 0.2697 0.7753 0.0000
vt 0.2896 0.7700 0.0000
vt 0.2962 0.7748 0.0000
vt 0.0992 0.2395 0.0000
vt 0.0997 0.2120 0.0000
vt 0.1224 0.2083 0.0000
vt 0.1228 0.2365 0.0000
vt 0.0738 0.2414 0.0000
vt 0.0745 0.2147 0.0000
vt 0.1224 0.2646 0.0000
vt 0.0987 0.2670 0.0000
vt 0.1434 0.2330 0.0000
vt 0.1427 0.2616 0.0000
vt 0.1399 0.2045 0.0000
vt 0.9293 0.1397 0.0000
vt 0.9507 0.1386 0.0000
vt 0.9430 0.1667 0.0000
vt 0.9284 0.1684 0.0000
vt 0.9681 0.1970 0.0000
vt 0.9404 0.1952 0.0000
vt 0.9704 0.1699 0.0000
vt 0.2113 0.2046 0.0000
vt 0.1777 0.2035 0.0000
vt 0.1822 0.1775 0.0000
vt 0.2055 0.2311 0.0000
vt 0.1728 0.2293 0.0000
vt 0.1461 0.2314 0.0000
vt 0.1424 0.2043 0.0000
vt 0.2391 0.2030 0.0000
vt 0.1413 0.1767 0.0000
vt 0.0483 0.2422 0.0000
vt 0.0492 0.2159 0.0000
vt 0.9788 0.1431 0.0000
vt 0.1426 0.1488 0.0000
vt 0.1493 0.1228 0.0000
vt 0.9892 0.1163 0.0000
vt 1.0000 0.0916 0.0000
vt 0.0272 0.1898 0.0000
vt 0.0055 0.1887 0.0000
vt 0.0084 0.1631 0.0000
vt 0.0224 0.0355 0.0000
vt 0.0098 0.0597 0.0000
vt 0.0000 0.0842 0.0000
vt 0.7647 0.7739 0.0000
vt 0.7334 0.7509 0.0000
vt 0.5959 0.0301 0.0000
vt 0.6003 0.0020 0.0000
vt 0.2466 0.7439 0.0000
vt 0.2688 0.7486 0.0000
vt 0.2478 0.7708 0.0000
vt 0.2912 0.7504 0.0000
vt 0.9645 0.2244 0.0000
vt 0.9402 0.2239 0.0000
vt 0.1425 0.2902 0.0000
vt 0.1221 0.2928 0.0000
vt 0.0732 0.2683 0.0000
vt 0.0985 0.2946 0.0000
vt 0.0729 0.2952 0.0000
vt 0.2034 0.2581 0.0000
vt 0.2355 0.2300 0.0000
vt 0.2339 0.2566 0.0000
vt 0.5224 0.1808 0.0000
vt 0.5489 0.1806 0.0000
vt 0.5472 0.2078 0.0000
vt 0.5201 0.2077 0.0000
vt 0.5906 0.0602 0.0000
vt 0.1230 0.0678 0.0000
vt 0.1093 0.0888 0.0000
vt 0.0986 0.0646 0.0000
vt 0.1060 0.0513 0.0000
vt 0.1958 0.7316 0.0000
vt 0.1937 0.7202 0.0000
vt 0.2092 0.7098 0.0000
vt 0.2092 0.7368 0.0000
vt 0.8633 0.0797 0.0000
vt 0.8428 0.0777 0.0000
vt 0.8454 0.0523 0.0000
vt 0.8650 0.0553 0.0000
vt 0.8609 0.1050 0.0000
vt 0.8402 0.1036 0.0000
vt 0.1777 0.0527 0.0000
vt 0.1973 0.0564 0.0000
vt 0.1969 0.0748 0.0000
vt 0.1708 0.0726 0.0000
vt 0.1869 0.0380 0.0000
vt 0.1160 0.0328 0.0000
vt 0.1367 0.0459 0.0000
vt 0.1211 0.0152 0.0000
vt 0.1439 0.0250 0.0000
vt 0.1616 0.6857 0.0000
vt 0.1616 0.7105 0.0000
vt 0.1433 0.7016 0.0000
vt 0.1421 0.6795 0.0000
vt 0.0930 0.0264 0.0000
vt 0.0785 0.0410 0.0000
vt 0.0953 0.7185 0.0000
vt 0.0932 0.7369 0.0000
vt 0.0755 0.7381 0.0000
vt 0.0741 0.7218 0.0000
vt 0.0987 0.3222 0.0000
vt 0.1226 0.3209 0.0000
vt 0.1438 0.3190 0.0000
vt 0.0729 0.3223 0.0000
vt 0.1237 0.3486 0.0000
vt 0.0992 0.3495 0.0000
vt 0.0730 0.3493 0.0000
vt 0.2037 0.2854 0.0000
vt 0.2330 0.2830 0.0000
vt 0.1742 0.2875 0.0000
vt 0.1734 0.2590 0.0000
vt 0.2324 0.3093 0.0000
vt 0.2048 0.3126 0.0000
vt 0.1757 0.3167 0.0000
vt 0.5200 0.2344 0.0000
vt 0.5466 0.2346 0.0000
vt 0.5474 0.2613 0.0000
vt 0.5209 0.2610 0.0000
vt 0.0471 0.3219 0.0000
vt 0.0475 0.2952 0.0000
vt 0.0477 0.2687 0.0000
vt 0.1479 0.2590 0.0000
vt 0.1487 0.2871 0.0000
vt 0.1518 0.3153 0.0000
vt 0.9403 0.2528 0.0000
vt 0.9625 0.2525 0.0000
vt 0.5788 0.2069 0.0000
vt 0.5783 0.2340 0.0000
vt 0.0249 0.2158 0.0000
vt 0.0241 0.2419 0.0000
vt 0.0232 0.2682 0.0000
vt 0.5866 0.0911 0.0000
vt 0.5840 0.1216 0.0000
vt 0.5818 0.1510 0.0000
vt 0.8574 0.1307 0.0000
vt 0.8372 0.1296 0.0000
vt 0.1609 0.0967 0.0000
vt 0.1922 0.0987 0.0000
vt 0.1377 0.0858 0.0000
vt 0.1222 0.1160 0.0000
vt 0.1289 0.0000 0.0000
vt 0.1452 0.0066 0.0000
vt 0.1654 0.0184 0.0000
vt 0.1590 0.0380 0.0000
vt 0.3715 0.7323 0.0000
vt 0.3912 0.7320 0.0000
vt 0.3968 0.7493 0.0000
vt 0.3726 0.7531 0.0000
vt 0.1018 0.0079 0.0000
vt 0.2737 0.7219 0.0000
vt 0.2943 0.7269 0.0000
vt 0.2503 0.7179 0.0000
vt 0.1468 0.3470 0.0000
vt 0.0993 0.3762 0.0000
vt 0.1239 0.3757 0.0000
vt 0.1425 0.3734 0.0000
vt 0.9638 0.2810 0.0000
vt 0.9413 0.2819 0.0000
vt 0.9704 0.3080 0.0000
vt 0.9436 0.3104 0.0000
vt 0.2081 0.3392 0.0000
vt 0.2336 0.3353 0.0000
vt 0.1800 0.3447 0.0000
vt 0.5483 0.2879 0.0000
vt 0.5226 0.2877 0.0000
vt 0.0224 0.3209 0.0000
vt 0.0231 0.2944 0.0000
vt 0.5801 0.1793 0.0000
vt 0.0038 0.2146 0.0000
vt 0.8561 0.1564 0.0000
vt 0.8350 0.1557 0.0000
vt 0.1521 0.0609 0.0000
vt 0.0741 0.7012 0.0000
vt 0.0926 0.6982 0.0000
vt 0.7087 0.7386 0.0000
vt 0.1210 0.7488 0.0000
vt 0.1232 0.7262 0.0000
vt 0.1421 0.7212 0.0000
vt 0.1421 0.7396 0.0000
vt 0.6228 0.0269 0.0000
vt 0.6204 0.0575 0.0000
vt 0.7481 0.7434 0.0000
vt 0.7684 0.7522 0.0000
vt 0.6225 -0.0000 0.0000
vt 0.7147 0.7315 0.0000
vt 0.7419 0.7270 0.0000
vt 0.7689 0.7288 0.0000
vt 0.3757 0.7088 0.0000
vt 0.3939 0.7155 0.0000
vt 0.3471 0.7526 0.0000
vt 0.3482 0.7289 0.0000
vt 0.3520 0.7053 0.0000
vt 0.3968 0.6956 0.0000
vt 0.3815 0.6906 0.0000
vt 0.3632 0.6909 0.0000
vt 0.2118 0.3654 0.0000
vt 0.1851 0.3707 0.0000
vt 0.2356 0.3621 0.0000
vt 0.2147 0.3923 0.0000
vt 0.1886 0.3959 0.0000
vt 0.1547 0.3412 0.0000
vt 0.1584 0.3672 0.0000
vt 0.0732 0.3760 0.0000
vt 0.5264 0.3143 0.0000
vt 0.5510 0.3149 0.0000
vt 0.5811 0.3156 0.0000
vt 0.5796 0.2883 0.0000
vt 0.0469 0.3485 0.0000
vt 0.5787 0.2612 0.0000
vt 0.0028 0.2666 0.0000
vt 0.0034 0.2406 0.0000
vt 0.8543 0.1825 0.0000
vt 0.8326 0.1817 0.0000
vt 0.6178 0.0887 0.0000
vt 0.6155 0.1194 0.0000
vt 0.3574 0.6742 0.0000
vt 0.3839 0.6748 0.0000
vt 0.9369 0.3649 0.0000
vt 0.9339 0.3376 0.0000
vt 0.9508 0.3379 0.0000
vt 0.9565 0.3647 0.0000
vt 0.9590 0.3920 0.0000
vt 0.9382 0.3918 0.0000
vt 0.1001 0.4029 0.0000
vt 0.1252 0.4023 0.0000
vt 0.9764 0.3350 0.0000
vt 0.9782 0.3632 0.0000
vt 0.0735 0.4028 0.0000
vt 0.0737 0.4295 0.0000
vt 0.1003 0.4295 0.0000
vt 0.1259 0.4289 0.0000
vt 0.0469 0.3752 0.0000
vt 0.0470 0.4019 0.0000
vt 0.0217 0.3474 0.0000
vt 0.0217 0.3741 0.0000
vt 0.0021 0.2928 0.0000
vt 0.6130 0.1483 0.0000
vt 0.6116 0.1771 0.0000
vt 0.8142 0.1284 0.0000
vt 0.8171 0.1022 0.0000
vt 0.8113 0.1546 0.0000
vt 0.8224 0.0260 0.0000
vt 0.8449 0.0280 0.0000
vt 0.8220 0.0508 0.0000
vt 0.8201 0.0761 0.0000
vt 0.7962 0.0047 0.0000
vt 0.8197 0.0029 0.0000
vt 0.7980 0.0259 0.0000
vt 0.7966 0.0498 0.0000
vt 0.8428 0.0041 0.0000
vt 0.2774 0.6952 0.0000
vt 0.2562 0.6934 0.0000
vt 0.7103 0.7083 0.0000
vt 0.7372 0.7059 0.0000
vt 0.2371 0.7377 0.0000
vt 0.2122 0.7320 0.0000
vt 0.2092 0.7102 0.0000
vt 0.2371 0.7095 0.0000
vt 0.3733 0.7689 0.0000
vt 0.3477 0.7697 0.0000
vt 0.3445 0.7877 0.0000
vt 0.3697 0.7875 0.0000
vt 0.4783 0.6965 0.0000
vt 0.4570 0.6858 0.0000
vt 0.4713 0.6700 0.0000
vt 0.4878 0.6795 0.0000
vt 0.2954 0.7008 0.0000
vt 0.3218 0.7293 0.0000
vt 0.3293 0.6999 0.0000
vt 0.1006 0.4562 0.0000
vt 0.1259 0.4556 0.0000
vt 0.1258 0.4824 0.0000
vt 0.1008 0.4830 0.0000
vt 0.0740 0.4830 0.0000
vt 0.0738 0.4562 0.0000
vt 0.0468 0.4827 0.0000
vt 0.0467 0.4557 0.0000
vt 0.0469 0.4288 0.0000
vt 0.2173 0.4198 0.0000
vt 0.1912 0.4224 0.0000
vt 0.2189 0.4478 0.0000
vt 0.1926 0.4498 0.0000
vt 0.1639 0.4228 0.0000
vt 0.1611 0.3949 0.0000
vt 0.1645 0.4508 0.0000
vt 0.2377 0.3894 0.0000
vt 0.2391 0.4171 0.0000
vt 0.9596 0.4193 0.0000
vt 0.9387 0.4187 0.0000
vt 0.9784 0.3914 0.0000
vt 0.1436 0.4262 0.0000
vt 0.1436 0.4532 0.0000
vt 0.0219 0.4008 0.0000
vt 0.0213 0.4278 0.0000
vt 0.5298 0.3418 0.0000
vt 0.5536 0.3423 0.0000
vt 0.0004 0.3458 0.0000
vt 0.0010 0.3192 0.0000
vt 0.0008 0.3724 0.0000
vt 0.6105 0.2052 0.0000
vt 0.6099 0.2329 0.0000
vt 0.6472 0.0864 0.0000
vt 0.6481 0.0556 0.0000
vt 0.6479 0.0260 0.0000
vt 0.6458 0.0012 0.0000
vt 0.7666 0.7033 0.0000
vt 0.1007 0.5099 0.0000
vt 0.1252 0.5094 0.0000
vt 0.0742 0.5100 0.0000
vt 0.1250 0.5367 0.0000
vt 0.1005 0.5370 0.0000
vt 0.0744 0.5370 0.0000
vt 0.2405 0.4451 0.0000
vt 0.2193 0.4759 0.0000
vt 0.1926 0.4777 0.0000
vt 0.1645 0.4788 0.0000
vt 0.9587 0.4468 0.0000
vt 0.9378 0.4456 0.0000
vt 0.5323 0.3696 0.0000
vt 0.5556 0.3700 0.0000
vt 0.5563 0.3981 0.0000
vt 0.5339 0.3977 0.0000
vt 0.5827 0.3432 0.0000
vt 0.5839 0.3710 0.0000
vt 0.0015 0.3990 0.0000
vt 0.6101 0.2606 0.0000
vt 0.6452 0.1167 0.0000
vt 0.6434 0.1460 0.0000
vt 0.7914 0.1009 0.0000
vt 0.7882 0.1272 0.0000
vt 0.7851 0.1534 0.0000
vt 0.7944 0.0749 0.0000
vt 0.0794 0.6795 0.0000
vt 0.0938 0.6797 0.0000
vt 0.3257 0.7728 0.0000
vt 0.3207 0.7891 0.0000
vt 0.2808 0.6700 0.0000
vt 0.2962 0.6756 0.0000
vt 0.4484 0.0252 0.0000
vt 0.4647 0.0122 0.0000
vt 0.4768 0.0262 0.0000
vt 0.4615 0.0357 0.0000
vt 0.6720 0.0557 0.0000
vt 0.6711 0.0281 0.0000
vt 0.2980 0.7911 0.0000
vt 0.3083 0.7783 0.0000
vt 0.3208 0.7555 0.0000
vt 0.2962 0.7279 0.0000
vt 0.2988 0.7562 0.0000
vt 0.4763 0.7168 0.0000
vt 0.4505 0.7115 0.0000
vt 0.2617 0.6745 0.0000
vt 0.1005 0.5641 0.0000
vt 0.1253 0.5642 0.0000
vt 0.0747 0.5640 0.0000
vt 0.0750 0.5908 0.0000
vt 0.1005 0.5915 0.0000
vt 0.9339 0.4998 0.0000
vt 0.9365 0.4727 0.0000
vt 0.9568 0.4743 0.0000
vt 0.9532 0.5019 0.0000
vt 0.1447 0.5640 0.0000
vt 0.1439 0.5360 0.0000
vt 0.0477 0.5643 0.0000
vt 0.0474 0.5371 0.0000
vt 0.0470 0.5099 0.0000
vt 0.2199 0.5040 0.0000
vt 0.1930 0.5058 0.0000
vt 0.2413 0.4734 0.0000
vt 0.2421 0.5019 0.0000
vt 0.2427 0.5306 0.0000
vt 0.2204 0.5326 0.0000
vt 0.1933 0.5341 0.0000
vt 0.1649 0.5071 0.0000
vt 0.1435 0.4806 0.0000
vt 0.1434 0.5082 0.0000
vt 0.1654 0.5354 0.0000
vt 0.5530 0.4834 0.0000
vt 0.5307 0.4828 0.0000
vt 0.5330 0.4544 0.0000
vt 0.5550 0.4548 0.0000
vt 0.5341 0.4260 0.0000
vt 0.5561 0.4264 0.0000
vt 0.0209 0.4549 0.0000
vt 0.0209 0.4822 0.0000
vt 0.0008 0.4261 0.0000
vt 0.5839 0.4274 0.0000
vt 0.5843 0.3991 0.0000
vt 0.8240 0.2869 0.0000
vt 0.8467 0.2878 0.0000
vt 0.8460 0.3144 0.0000
vt 0.8232 0.3134 0.0000
vt 0.8253 0.2604 0.0000
vt 0.8474 0.2613 0.0000
vt 0.6105 0.2883 0.0000
vt 0.6724 0.0852 0.0000
vt 0.6713 0.1146 0.0000
vt 0.7087 0.6949 0.0000
vt 0.7324 0.6850 0.0000
vt 0.6678 0.0105 0.0000
vt 0.7596 0.6783 0.0000
vt 0.3302 0.6700 0.0000
vt 0.3058 0.6963 0.0000
vt 0.1240 0.6211 0.0000
vt 0.1002 0.6191 0.0000
vt 0.1251 0.5921 0.0000
vt 0.1195 0.6509 0.0000
vt 0.0970 0.6471 0.0000
vt 0.0758 0.6170 0.0000
vt 0.1455 0.6217 0.0000
vt 0.1455 0.5924 0.0000
vt 0.2193 0.5914 0.0000
vt 0.1933 0.5921 0.0000
vt 0.1938 0.5628 0.0000
vt 0.2208 0.5616 0.0000
vt 0.2432 0.5598 0.0000
vt 0.2422 0.5896 0.0000
vt 0.1919 0.6225 0.0000
vt 0.2161 0.6221 0.0000
vt 0.2381 0.6198 0.0000
vt 0.1664 0.5639 0.0000
vt 0.1670 0.5926 0.0000
vt 0.1672 0.6214 0.0000
vt 0.0488 0.5914 0.0000
vt 0.0510 0.6174 0.0000
vt 0.0271 0.5920 0.0000
vt 0.0241 0.5648 0.0000
vt 0.0227 0.5372 0.0000
vt 0.5473 0.5409 0.0000
vt 0.5238 0.5403 0.0000
vt 0.5276 0.5113 0.0000
vt 0.5503 0.5121 0.0000
vt 0.0217 0.5096 0.0000
vt 0.0004 0.4809 0.0000
vt 0.0000 0.4534 0.0000
vt 0.5825 0.4558 0.0000
vt 0.5802 0.4844 0.0000
vt 0.6111 0.3160 0.0000
vt 0.3500 0.0043 0.0000
vt 0.3545 0.0259 0.0000
vt 0.3288 0.0331 0.0000
vt 0.3252 0.0220 0.0000
vt 0.9284 0.0126 0.0000
vt 0.9197 0.0310 0.0000
vt 0.8989 0.0215 0.0000
vt 0.9118 0.0000 0.0000
vt 0.3866 0.0290 0.0000
vt 0.3881 -0.0000 0.0000
vt 0.7495 0.0226 0.0000
vt 0.7630 0.0000 0.0000
vt 0.7772 0.0083 0.0000
vt 0.7728 0.0260 0.0000
vt 0.1412 0.6517 0.0000
vt 0.0746 0.6423 0.0000
vt 0.1086 0.6789 0.0000
vt 0.0845 0.6726 0.0000
vt 0.0544 0.6364 0.0000
vt 0.1597 0.6478 0.0000
vt 0.0318 0.6186 0.0000
vt 0.0423 0.6424 0.0000
vt 0.2090 0.6528 0.0000
vt 0.1849 0.6535 0.0000
vt 0.5433 0.5988 0.0000
vt 0.5200 0.6002 0.0000
vt 0.5207 0.5699 0.0000
vt 0.5445 0.5699 0.0000
vt 0.8447 0.4777 0.0000
vt 0.8635 0.4779 0.0000
vt 0.8644 0.5055 0.0000
vt 0.8444 0.5055 0.0000
vt 0.0020 0.5086 0.0000
vt 0.5777 0.5129 0.0000
vt 0.6117 0.3440 0.0000
vt 0.6119 0.3720 0.0000
vt 0.8271 0.2341 0.0000
vt 0.8013 0.2593 0.0000
vt 0.8031 0.2330 0.0000
vt 0.8514 0.2087 0.0000
vt 0.8492 0.2349 0.0000
vt 0.8294 0.2079 0.0000
vt 0.8054 0.2068 0.0000
vt 0.7757 0.2579 0.0000
vt 0.7775 0.2317 0.0000
vt 0.6420 0.1748 0.0000
vt 0.6701 0.1723 0.0000
vt 0.6706 0.1436 0.0000
vt 0.2547 0.0509 0.0000
vt 0.2685 0.0243 0.0000
vt 0.2817 0.0335 0.0000
vt 0.2747 0.0545 0.0000
vt 0.2672 0.0814 0.0000
vt 0.2466 0.0797 0.0000
vt 0.2922 0.0087 0.0000
vt 0.3053 0.0292 0.0000
vt 0.7484 0.6572 0.0000
vt 0.7284 0.6704 0.0000
vt 0.4872 0.0474 0.0000
vt 0.4686 0.0541 0.0000
vt 0.4942 0.0209 0.0000
vt 0.5064 0.0454 0.0000
vt 0.4187 0.0059 0.0000
vt 0.4186 0.0362 0.0000
vt 0.1323 0.6795 0.0000
vt 0.5219 0.8361 0.0000
vt 0.5200 0.8113 0.0000
vt 0.5435 0.8220 0.0000
vt 0.5475 0.8455 0.0000
vt 0.0612 0.6620 0.0000
vt 0.1966 0.6793 0.0000
vt 0.1725 0.6786 0.0000
vt 0.2290 0.6497 0.0000
vt 0.1493 0.6707 0.0000
vt 0.2054 0.6830 0.0000
vt 0.2092 0.7094 0.0000
vt 0.1892 0.7098 0.0000
vt 0.1892 0.6795 0.0000
vt 0.5465 0.6261 0.0000
vt 0.5244 0.6306 0.0000
vt 0.5346 0.7113 0.0000
vt 0.5200 0.7024 0.0000
vt 0.5294 0.6771 0.0000
vt 0.5491 0.6870 0.0000
vt 0.5746 0.5412 0.0000
vt 0.5713 0.5691 0.0000
vt 0.5685 0.5968 0.0000
vt 0.8643 0.5605 0.0000
vt 0.8630 0.5873 0.0000
vt 0.8428 0.5883 0.0000
vt 0.8439 0.5609 0.0000
vt 0.6111 0.4287 0.0000
vt 0.6094 0.4571 0.0000
vt 0.8448 0.4500 0.0000
vt 0.8213 0.4768 0.0000
vt 0.8212 0.4490 0.0000
vt 0.8208 0.4215 0.0000
vt 0.8447 0.4224 0.0000
vt 0.6117 0.4003 0.0000
vt 0.6407 0.3162 0.0000
vt 0.6405 0.2879 0.0000
vt 0.7998 0.2857 0.0000
vt 0.6412 0.2033 0.0000
vt 0.6699 0.2009 0.0000
vt 0.6932 0.0848 0.0000
vt 0.6937 0.1131 0.0000
vt 0.6938 0.1416 0.0000
vt 0.7701 0.0488 0.0000
vt 0.7672 0.0737 0.0000
vt 0.7642 0.0998 0.0000
vt 0.7445 0.0472 0.0000
vt 0.8896 0.0462 0.0000
vt 0.8687 0.0406 0.0000
vt 0.8802 0.0126 0.0000
vt 0.9138 0.0524 0.0000
vt 0.3565 0.0502 0.0000
vt 0.3304 0.0513 0.0000
vt 0.4531 0.7404 0.0000
vt 0.4343 0.7408 0.0000
vt 0.4286 0.7091 0.0000
vt 0.4778 0.7379 0.0000
vt 0.5422 0.6547 0.0000
vt 0.5669 0.6467 0.0000
vt 0.5661 0.6236 0.0000
vt 0.6071 0.4854 0.0000
vt 0.6050 0.5136 0.0000
vt 0.6407 0.3446 0.0000
vt 0.7990 0.3122 0.0000
vt 0.8222 0.3402 0.0000
vt 0.7980 0.3390 0.0000
vt 0.8447 0.3412 0.0000
vt 0.7742 0.2843 0.0000
vt 0.6406 0.2315 0.0000
vt 0.6936 0.1700 0.0000
vt 0.7414 0.0731 0.0000
vt 0.4497 0.0814 0.0000
vt 0.4513 0.0586 0.0000
vt 0.4715 0.0772 0.0000
vt 0.4953 0.0725 0.0000
vt 0.3015 0.0565 0.0000
vt 0.5151 0.0711 0.0000
vt 0.5238 0.7844 0.0000
vt 0.5452 0.7940 0.0000
vt 0.5761 0.8034 0.0000
vt 0.5744 0.8294 0.0000
vt 0.5767 0.8511 0.0000
vt 0.5600 0.7202 0.0000
vt 0.5568 0.7454 0.0000
vt 0.5301 0.7389 0.0000
vt 0.5556 0.7686 0.0000
vt 0.5365 0.7608 0.0000
vt 0.6015 0.5414 0.0000
vt 0.6407 0.3730 0.0000
vt 0.6402 0.4016 0.0000
vt 0.7966 0.3658 0.0000
vt 0.8211 0.3671 0.0000
vt 0.7720 0.3374 0.0000
vt 0.7731 0.3108 0.0000
vt 0.6939 0.1985 0.0000
vt 0.2886 0.1111 0.0000
vt 0.2621 0.1094 0.0000
vt 0.2941 0.0837 0.0000
vt 0.4111 0.0658 0.0000
vt 0.3849 0.0569 0.0000
vt 0.4319 0.0750 0.0000
vt 0.4396 0.0472 0.0000
vt 0.4878 0.7585 0.0000
vt 0.4684 0.7643 0.0000
vt 0.5750 0.6957 0.0000
vt 0.5948 0.6743 0.0000
vt 0.5698 0.6691 0.0000
vt 0.5974 0.5685 0.0000
vt 0.5925 0.5948 0.0000
vt 0.8598 0.6117 0.0000
vt 0.8409 0.6143 0.0000
vt 0.8212 0.5325 0.0000
vt 0.8443 0.5333 0.0000
vt 0.8208 0.5604 0.0000
vt 0.8650 0.5331 0.0000
vt 0.8204 0.5885 0.0000
vt 0.6393 0.4301 0.0000
vt 0.6680 0.3737 0.0000
vt 0.6684 0.3447 0.0000
vt 0.6692 0.2871 0.0000
vt 0.6692 0.3159 0.0000
vt 0.6699 0.2297 0.0000
vt 0.6941 0.2272 0.0000
vt 0.2092 0.7095 0.0000
vt 0.2171 0.6852 0.0000
vt 0.2332 0.6795 0.0000
vt 0.2332 0.7041 0.0000
vt 0.4724 0.1018 0.0000
vt 0.4493 0.1060 0.0000
vt 0.4276 0.1029 0.0000
vt 0.4982 0.0988 0.0000
vt 0.4986 0.1251 0.0000
vt 0.4729 0.1274 0.0000
vt 0.4515 0.1288 0.0000
vt 0.3590 0.0730 0.0000
vt 0.3595 0.0950 0.0000
vt 0.3299 0.0943 0.0000
vt 0.3302 0.0726 0.0000
vt 0.3547 0.1197 0.0000
vt 0.3279 0.1176 0.0000
vt 0.3854 0.0835 0.0000
vt 0.3868 0.1067 0.0000
vt 0.3791 0.1260 0.0000
vt 0.8822 0.0708 0.0000
vt 0.9090 0.0743 0.0000
vt 0.8650 0.0684 0.0000
vt 0.9045 0.0979 0.0000
vt 0.8772 0.0963 0.0000
vt 0.3155 0.0886 0.0000
vt 0.3145 0.1139 0.0000
vt 0.4078 0.0944 0.0000
vt 0.5185 0.0974 0.0000
vt 0.5888 0.7276 0.0000
vt 0.5849 0.7505 0.0000
vt 0.5803 0.7777 0.0000
vt 0.8213 0.5046 0.0000
vt 0.7966 0.5310 0.0000
vt 0.7964 0.5031 0.0000
vt 0.7965 0.5590 0.0000
vt 0.6316 0.5146 0.0000
vt 0.6339 0.4866 0.0000
vt 0.6405 0.2597 0.0000
vt 0.6696 0.2584 0.0000
vt 0.6948 0.2562 0.0000
vt 0.6946 0.2857 0.0000
vt 0.2554 0.1659 0.0000
vt 0.2584 0.1376 0.0000
vt 0.2851 0.1385 0.0000
vt 0.2821 0.1661 0.0000
vt 0.8739 0.1225 0.0000
vt 0.9004 0.1233 0.0000
vt 0.3249 0.1427 0.0000
vt 0.3498 0.1489 0.0000
vt 0.3479 0.1678 0.0000
vt 0.3206 0.1666 0.0000
vt 0.8708 0.1491 0.0000
vt 0.8965 0.1477 0.0000
vt 0.5899 0.6333 0.0000
vt 0.5883 0.6118 0.0000
vt 0.6227 0.5685 0.0000
vt 0.6158 0.5938 0.0000
vt 0.6276 0.5419 0.0000
vt 0.6374 0.4586 0.0000
vt 0.6616 0.4595 0.0000
vt 0.6649 0.4313 0.0000
vt 0.2794 0.1942 0.0000
vt 0.2527 0.1942 0.0000
vt 0.2771 0.2228 0.0000
vt 0.2505 0.2228 0.0000
vt 0.0474 0.6795 0.0000
vt 0.0505 0.7107 0.0000
vt 0.0251 0.7112 0.0000
vt 0.0237 0.6862 0.0000
vt 0.0204 0.7095 0.0000
vt -0.0000 0.7105 0.0000
vt 0.0066 0.6795 0.0000
vt 0.0237 0.6823 0.0000
vt 0.6010 0.7032 0.0000
vt 0.6100 0.7549 0.0000
vt 0.6071 0.7834 0.0000
vt 0.5899 0.6572 0.0000
vt 0.6126 0.6402 0.0000
vt 0.6399 0.6667 0.0000
vt 0.6195 0.6821 0.0000
vt 0.6145 0.6572 0.0000
vt 0.6060 0.6164 0.0000
vt 0.6590 0.4875 0.0000
vt 0.6569 0.5155 0.0000
vt 0.6923 0.3739 0.0000
vt 0.6931 0.3444 0.0000
vt 0.4261 0.7464 0.0000
vt 0.4286 0.7726 0.0000
vt 0.4113 0.7772 0.0000
vt 0.4043 0.7514 0.0000
vt 0.4644 0.1786 0.0000
vt 0.4662 0.2030 0.0000
vt 0.4418 0.1992 0.0000
vt 0.4355 0.1780 0.0000
vt 0.4140 0.2142 0.0000
vt 0.4237 0.1891 0.0000
vt 0.4344 0.2226 0.0000
vt 0.4138 0.1721 0.0000
vt 0.3939 0.1653 0.0000
vt 0.4009 0.1339 0.0000
vt 0.4215 0.1432 0.0000
vt 0.3968 0.7229 0.0000
vt 0.4219 0.7212 0.0000
vt 0.4421 0.1504 0.0000
vt 0.3719 0.1581 0.0000
vt 0.4286 0.6725 0.0000
vt 0.4246 0.6968 0.0000
vt 0.3998 0.6927 0.0000
vt 0.4164 0.6700 0.0000
vt 0.3659 0.1969 0.0000
vt 0.3385 0.1936 0.0000
vt 0.3740 0.1773 0.0000
vt 0.3126 0.1398 0.0000
vt 0.3103 0.1661 0.0000
vt 0.4687 0.1529 0.0000
vt 0.4978 0.1511 0.0000
vt 0.4964 0.1772 0.0000
vt 0.0443 0.7405 0.0000
vt 0.0237 0.7364 0.0000
vt 0.0237 0.7373 0.0000
vt 0.0029 0.7409 0.0000
vt 0.6286 0.6186 0.0000
vt 0.6401 0.5951 0.0000
vt 0.6473 0.5693 0.0000
vt 0.6524 0.5426 0.0000
vt 0.6674 0.4027 0.0000
vt 0.6887 0.4318 0.0000
vt 0.6908 0.4030 0.0000
vt 0.6946 0.3151 0.0000
vt 0.2480 0.2813 0.0000
vt 0.2486 0.2518 0.0000
vt 0.2749 0.2519 0.0000
vt 0.2736 0.2814 0.0000
vt 0.4585 0.2774 0.0000
vt 0.4299 0.2745 0.0000
vt 0.4276 0.2487 0.0000
vt 0.4593 0.2519 0.0000
vt 0.4060 0.2439 0.0000
vt 0.4595 0.3014 0.0000
vt 0.4299 0.2969 0.0000
vt 0.4898 0.2532 0.0000
vt 0.4890 0.2783 0.0000
vt 0.1377 0.7039 0.0000
vt 0.1392 0.7212 0.0000
vt 0.1127 0.7212 0.0000
vt 0.1125 0.6988 0.0000
vt 0.4620 0.2268 0.0000
vt 0.4938 0.2028 0.0000
vt 0.4930 0.2277 0.0000
vt 0.5198 0.1766 0.0000
vt 0.5187 0.2026 0.0000
vt 0.5181 0.2284 0.0000
vt 0.3910 0.2043 0.0000
vt 0.4018 0.1838 0.0000
vt 0.1847 0.7095 0.0000
vt 0.1623 0.7058 0.0000
vt 0.1616 0.6795 0.0000
vt 0.1892 0.6795 0.0000
vt 0.3885 0.2335 0.0000
vt 0.3618 0.2287 0.0000
vt 0.3080 0.1938 0.0000
vt 0.5200 0.1503 0.0000
vt 0.7610 0.1261 0.0000
vt 0.7341 0.1253 0.0000
vt 0.7379 0.0992 0.0000
vt 0.7552 0.1783 0.0000
vt 0.7281 0.1773 0.0000
vt 0.7310 0.1514 0.0000
vt 0.7580 0.1523 0.0000
vt 0.6861 0.4602 0.0000
vt 0.6833 0.4883 0.0000
vt 0.4593 0.3257 0.0000
vt 0.4287 0.3209 0.0000
vt 0.4910 0.3040 0.0000
vt 0.4913 0.3294 0.0000
vt 0.4033 0.3163 0.0000
vt 0.4075 0.2909 0.0000
vt 0.4116 0.2675 0.0000
vt 0.8693 0.1769 0.0000
vt 0.8947 0.1747 0.0000
vt 0.8925 0.2036 0.0000
vt 0.8686 0.2057 0.0000
vt 0.3056 0.2225 0.0000
vt 0.3349 0.2242 0.0000
vt 0.3164 0.2222 0.0000
vt 0.3187 0.1935 0.0000
vt 0.3323 0.2518 0.0000
vt 0.3143 0.2513 0.0000
vt 0.8904 0.2329 0.0000
vt 0.8690 0.2352 0.0000
vt 0.6072 0.8059 0.0000
vt 0.6327 0.7850 0.0000
vt 0.6377 0.8036 0.0000
vt 0.6059 0.8324 0.0000
vt 0.6801 0.5160 0.0000
vt 0.6752 0.5431 0.0000
vt 0.2720 0.3410 0.0000
vt 0.2722 0.3710 0.0000
vt 0.2472 0.3698 0.0000
vt 0.2475 0.3402 0.0000
vt 0.2472 0.3108 0.0000
vt 0.2725 0.3112 0.0000
vt 0.4349 0.3479 0.0000
vt 0.4063 0.3436 0.0000
vt 0.3864 0.3703 0.0000
vt 0.3827 0.3379 0.0000
vt 0.4127 0.3707 0.0000
vt 0.3817 0.3110 0.0000
vt 0.4625 0.3512 0.0000
vt 0.4404 0.3745 0.0000
vt 0.3564 0.2781 0.0000
vt 0.3577 0.3051 0.0000
vt 0.3302 0.3103 0.0000
vt 0.3302 0.2797 0.0000
vt 0.3572 0.3339 0.0000
vt 0.3320 0.3408 0.0000
vt 0.9122 0.2895 0.0000
vt 0.8921 0.2923 0.0000
vt 0.8917 0.2623 0.0000
vt 0.9114 0.2590 0.0000
vt 0.3119 0.3420 0.0000
vt 0.3135 0.3109 0.0000
vt 0.3887 0.2609 0.0000
vt 0.3827 0.2825 0.0000
vt 0.3604 0.2541 0.0000
vt 0.1124 0.6795 0.0000
vt 0.1421 0.6853 0.0000
vt 0.5166 0.2543 0.0000
vt 0.3028 0.2518 0.0000
vt 0.6509 0.6216 0.0000
vt 0.6341 0.6443 0.0000
vt 0.6618 0.5962 0.0000
vt 0.6693 0.5698 0.0000
vt 0.2466 0.4278 0.0000
vt 0.2715 0.4290 0.0000
vt 0.2711 0.4573 0.0000
vt 0.2469 0.4563 0.0000
vt 0.2721 0.4004 0.0000
vt 0.2468 0.3990 0.0000
vt 0.4627 0.3776 0.0000
vt 0.4606 0.4047 0.0000
vt 0.4398 0.4016 0.0000
vt 0.4144 0.3989 0.0000
vt 0.4910 0.3554 0.0000
vt 0.4891 0.3819 0.0000
vt 0.3603 0.3685 0.0000
vt 0.3321 0.3712 0.0000
vt 0.2716 0.5132 0.0000
vt 0.2474 0.5123 0.0000
vt 0.2470 0.4845 0.0000
vt 0.2714 0.4853 0.0000
vt 0.4128 0.4263 0.0000
vt 0.4372 0.4291 0.0000
vt 0.4358 0.4574 0.0000
vt 0.4190 0.4521 0.0000
vt 0.3920 0.3995 0.0000
vt 0.3877 0.4249 0.0000
vt 0.1421 0.7388 0.0000
vt 0.1421 0.7105 0.0000
vt 0.1636 0.7116 0.0000
vt 0.1636 0.7385 0.0000
vt 0.3912 0.4530 0.0000
vt 0.3938 0.4803 0.0000
vt 0.4182 0.4811 0.0000
vt 0.1674 0.7095 0.0000
vt 0.1892 0.7095 0.0000
vt 0.1877 0.7362 0.0000
vt 0.1684 0.7387 0.0000
vt 0.4576 0.4314 0.0000
vt 0.4871 0.4088 0.0000
vt 0.4847 0.4356 0.0000
vt 0.3677 0.3985 0.0000
vt 0.2982 0.3419 0.0000
vt 0.3008 0.3722 0.0000
vt 0.3003 0.4015 0.0000
vt 0.3015 0.2815 0.0000
vt 0.2998 0.3115 0.0000
vt 0.8702 0.2649 0.0000
vt 0.8714 0.2949 0.0000
vt 0.2477 0.6181 0.0000
vt 0.2477 0.5926 0.0000
vt 0.2714 0.5949 0.0000
vt 0.2703 0.6214 0.0000
vt 0.6430 0.6936 0.0000
vt 0.6638 0.6812 0.0000
vt 0.2499 0.6409 0.0000
vt 0.2715 0.6449 0.0000
vt 0.2483 0.5663 0.0000
vt 0.2481 0.5395 0.0000
vt 0.2723 0.5409 0.0000
vt 0.2724 0.5681 0.0000
vt 0.3602 0.4220 0.0000
vt 0.3629 0.4540 0.0000
vt 0.3383 0.4264 0.0000
vt 0.3387 0.4013 0.0000
vt 0.3390 0.4550 0.0000
vt 0.3642 0.4839 0.0000
vt 0.2998 0.4298 0.0000
vt 0.8744 0.3252 0.0000
vt 0.8936 0.3234 0.0000
vt 0.6250 0.7117 0.0000
vt 0.6148 0.7347 0.0000
vt 0.6444 0.7233 0.0000
vt 0.6619 0.7120 0.0000
vt 0.6391 0.7379 0.0000
vt 0.2092 0.7368 0.0000
vt 0.2092 0.7628 0.0000
vt 0.1937 0.7599 0.0000
vt 0.1951 0.7369 0.0000
vt 0.6821 0.7018 0.0000
vt 0.6595 0.7807 0.0000
vt 0.6621 0.8035 0.0000
vt 0.6369 0.8307 0.0000
vt 0.6345 0.7569 0.0000
vt 0.6592 0.7543 0.0000
vt 0.6845 0.7472 0.0000
vt 0.6871 0.7738 0.0000
vt 0.6843 0.7978 0.0000
vt 0.3925 0.5081 0.0000
vt 0.3675 0.5077 0.0000
vt 0.3402 0.4846 0.0000
vt 0.4353 0.4834 0.0000
vt 0.4556 0.4582 0.0000
vt 0.4549 0.4854 0.0000
vt 0.4818 0.4625 0.0000
vt 0.4130 0.5091 0.0000
vt 0.4332 0.5107 0.0000
vt 0.2996 0.4577 0.0000
vt 0.3013 0.4847 0.0000
vt 0.3132 0.4561 0.0000
vt 0.3121 0.4290 0.0000
vt 0.9074 0.4097 0.0000
vt 0.9102 0.4365 0.0000
vt 0.8843 0.4402 0.0000
vt 0.8815 0.4124 0.0000
vt 0.3103 0.4021 0.0000
vt 0.9027 0.3832 0.0000
vt 0.8781 0.3843 0.0000
vt 0.8742 0.3552 0.0000
vt 0.8981 0.3533 0.0000
vt 0.3112 0.3720 0.0000
vt 0.3846 0.6591 0.0000
vt 0.3898 0.6366 0.0000
vt 0.4078 0.6363 0.0000
vt 0.4054 0.6700 0.0000
vt 0.6655 0.8256 0.0000
vt 0.3027 0.5671 0.0000
vt 0.3024 0.5400 0.0000
vt 0.3015 0.5120 0.0000
vt 0.4517 0.5127 0.0000
vt 0.4801 0.4896 0.0000
vt 0.4767 0.5165 0.0000
vt 0.1159 0.7551 0.0000
vt 0.0953 0.7556 0.0000
vt 0.0986 0.7280 0.0000
vt 0.1159 0.7284 0.0000
vt 0.4080 0.5370 0.0000
vt 0.4310 0.5382 0.0000
vt 0.7178 0.3869 0.0000
vt 0.7175 0.4139 0.0000
vt 0.6971 0.4109 0.0000
vt 0.6987 0.3840 0.0000
vt 0.7170 0.4410 0.0000
vt 0.6967 0.4379 0.0000
vt 0.6999 0.3570 0.0000
vt 0.7180 0.3599 0.0000
vt 0.2974 0.6453 0.0000
vt 0.2976 0.6209 0.0000
vt 0.3006 0.5942 0.0000
vt 0.3174 0.5375 0.0000
vt 0.3154 0.5102 0.0000
vt 0.3440 0.5094 0.0000
vt 0.3445 0.5369 0.0000
vt 0.8949 0.5486 0.0000
vt 0.8918 0.5218 0.0000
vt 0.9179 0.5170 0.0000
vt 0.9185 0.5440 0.0000
vt 0.8875 0.4941 0.0000
vt 0.9116 0.4902 0.0000
vt 0.3152 0.4831 0.0000
vt 0.3668 0.5361 0.0000
vt 0.8857 0.4669 0.0000
vt 0.9098 0.4632 0.0000
vt 0.3888 0.5358 0.0000
vt 0.4278 0.6478 0.0000
vt 0.4281 0.6661 0.0000
vt 0.6352 0.8538 0.0000
vt 0.6640 0.8497 0.0000
vt 0.4290 0.6190 0.0000
vt 0.4130 0.6167 0.0000
vt 0.4456 0.6222 0.0000
vt 0.4480 0.6407 0.0000
vt 0.4312 0.5912 0.0000
vt 0.4310 0.5647 0.0000
vt 0.4487 0.5656 0.0000
vt 0.4483 0.5936 0.0000
vt 0.4157 0.5901 0.0000
vt 0.4124 0.5632 0.0000
vt 0.4498 0.5393 0.0000
vt 0.4701 0.5692 0.0000
vt 0.4650 0.5938 0.0000
vt 0.4595 0.6138 0.0000
vt 0.3176 0.5646 0.0000
vt 0.3427 0.5634 0.0000
vt 0.9006 0.5756 0.0000
vt 0.9170 0.5698 0.0000
vt 0.3685 0.5631 0.0000
vt 0.3417 0.5918 0.0000
vt 0.3183 0.5905 0.0000
vt 0.4739 0.5432 0.0000
vt 0.0575 0.6836 0.0000
vt 0.0741 0.6795 0.0000
vt 0.0720 0.7064 0.0000
vt 0.0505 0.7104 0.0000
vt 0.0741 0.7330 0.0000
vt 0.0591 0.7381 0.0000
vt 0.3968 0.5612 0.0000
vt 0.3960 0.5901 0.0000
vt 0.3686 0.5905 0.0000
vt 0.7176 0.5226 0.0000
vt 0.6949 0.5191 0.0000
vt 0.6948 0.4921 0.0000
vt 0.7171 0.4954 0.0000
vt 0.6957 0.4650 0.0000
vt 0.7168 0.4682 0.0000
vt 0.3177 0.6358 0.0000
vt 0.3179 0.6135 0.0000
vt 0.3434 0.6174 0.0000
vt 0.3425 0.6332 0.0000
vt 0.7059 0.7382 0.0000
vt 0.7087 0.7658 0.0000
vt 0.3950 0.6178 0.0000
vt 0.3704 0.6178 0.0000
vt 0.8082 0.1807 0.0000
vt 0.8435 0.3680 0.0000
vt 0.7822 0.1796 0.0000
vt 0.4436 0.0390 0.0000
vt 0.8203 0.3941 0.0000
vt 0.8440 0.3951 0.0000
vt 0.7796 0.2056 0.0000
vt 0.5533 0.8667 0.0000
vt 0.5292 0.8577 0.0000
vt 0.7955 0.3929 0.0000
vt 0.8612 0.6317 0.0000
vt 0.8399 0.6378 0.0000
vt 0.5801 0.8710 0.0000
vt 0.8151 0.6391 0.0000
vt 0.8180 0.6149 0.0000
vt 0.7526 0.2042 0.0000
vt 0.7506 0.2302 0.0000
vt 0.7962 0.4753 0.0000
vt 0.7959 0.4476 0.0000
vt 0.7954 0.4202 0.0000
vt 0.7708 0.3642 0.0000
vt 0.7702 0.3912 0.0000
vt 0.7489 0.2562 0.0000
vt 0.7253 0.2029 0.0000
vt 0.7700 0.4185 0.0000
vt 0.4374 0.1230 0.0000
vt 0.5200 0.1239 0.0000
vt 0.6062 0.8539 0.0000
vt 0.6075 0.8735 0.0000
vt 0.7895 0.6388 0.0000
vt 0.7938 0.6143 0.0000
vt 0.7960 0.5872 0.0000
vt 0.7702 0.4459 0.0000
vt 0.7467 0.3090 0.0000
vt 0.7455 0.3355 0.0000
vt 0.7478 0.2825 0.0000
vt 0.7235 0.2288 0.0000
vt 0.7706 0.5010 0.0000
vt 0.7704 0.4734 0.0000
vt 0.7446 0.3623 0.0000
vt 0.7213 0.2806 0.0000
vt 0.7219 0.2545 0.0000
vt 0.7689 0.6116 0.0000
vt 0.7636 0.6362 0.0000
vt 0.7711 0.5845 0.0000
vt 0.7709 0.5287 0.0000
vt 0.7713 0.5566 0.0000
vt 0.7441 0.3893 0.0000
vt 0.7437 0.4165 0.0000
vt 0.7205 0.3068 0.0000
vt 0.9042 0.2313 0.0000
vt 0.5153 0.2801 0.0000
vt 0.6347 0.8732 0.0000
vt 0.7436 0.4711 0.0000
vt 0.7436 0.4438 0.0000
vt 0.7190 0.3332 0.0000
vt 0.5141 0.3061 0.0000
vt 0.7439 0.4984 0.0000
vt 0.7444 0.5258 0.0000
vt 0.5121 0.3323 0.0000
vt 0.7379 0.6308 0.0000
vt 0.7548 0.6549 0.0000
vt 0.7268 0.6475 0.0000
vt 0.7442 0.6067 0.0000
vt 0.7454 0.5531 0.0000
vt 0.5100 0.3587 0.0000
vt 0.6623 0.7338 0.0000
vt 0.7460 0.5803 0.0000
vt 0.5072 0.3853 0.0000
vt 0.7213 0.5998 0.0000
vt 0.7147 0.6197 0.0000
vt 0.7046 0.6279 0.0000
vt 0.6787 0.7235 0.0000
vt 0.3197 0.6533 0.0000
vt 0.2977 0.6638 0.0000
vt 0.7197 0.5494 0.0000
vt 0.7220 0.5756 0.0000
vt 0.6961 0.6004 0.0000
vt 0.7044 0.5912 0.0000
vt 0.7000 0.5706 0.0000
vt 0.6971 0.5455 0.0000
vt 0.9134 0.6020 0.0000
vt 0.9284 0.5924 0.0000
vt 0.6983 0.8147 0.0000
vt 0.6766 0.8198 0.0000
vt 0.7075 0.7923 0.0000
vt 0.1124 0.7095 0.0000
vt 0.0953 0.7280 0.0000
vt 0.1023 0.7007 0.0000
vt 0.0953 0.6795 0.0000
# 1232 texture coords

g HotDog
usemtl HotDog
s 1
f 4/3/1 22/4/2 1/1/3 3/2/4 
f 45/7/5 2/8/6 1/5/7 96/6/8 
f 22/10/9 101/9/10 96/6/11 1/5/12 
f 2/11/13 12/12/14 3/2/15 1/1/16 
f 40/14/17 11/13/18 12/12/19 2/11/20 
f 3/2/21 6/16/22 5/15/23 4/3/24 
f 12/12/25 17/17/26 6/16/27 3/2/28 
f 8/20/29 26/18/30 22/10/31 4/19/32 
f 9/22/33 8/21/34 4/3/35 5/15/36 
f 10/24/37 9/22/38 5/15/39 7/23/40 
f 6/16/41 18/25/42 7/23/43 5/15/44 
f 8/21/45 52/28/46 29/26/47 26/27/48 
f 9/22/49 50/29/50 52/28/51 8/21/52 
f 25/31/53 10/24/54 7/23/55 19/30/56 
f 10/24/57 25/31/58 50/29/59 9/22/60 
f 17/17/61 12/12/62 11/13/63 42/32/64 
f 16/36/65 13/33/66 14/34/67 15/35/68 
f 13/39/69 94/40/70 63/37/71 64/38/72 
f 94/40/73 13/39/74 16/41/75 95/42/76 
f 64/43/77 38/44/78 14/34/79 13/33/80 
f 16/36/81 15/35/82 21/45/83 20/46/84 
f 99/48/85 15/35/86 14/34/87 44/47/88 
f 100/51/89 21/52/90 15/49/91 99/50/92 
f 20/54/93 65/53/94 95/42/95 16/41/96 
f 17/17/97 46/55/98 18/25/99 6/16/100 
f 46/55/101 17/17/102 42/32/103 654/56/104 
f 18/25/105 48/57/106 19/30/107 7/23/108 
f 48/57/109 18/25/110 46/55/111 47/58/112 
f 67/60/113 19/30/114 48/57/115 98/59/116 
f 65/53/117 20/54/118 24/61/119 49/62/120 
f 20/46/121 21/45/122 23/63/123 24/64/124 
f 69/65/125 23/66/126 21/52/127 100/51/128 
f 101/9/129 22/10/130 26/18/131 66/67/132 
f 27/68/133 28/69/134 24/64/135 23/63/136 
f 25/31/137 68/71/138 51/70/139 50/29/140 
f 68/71/141 25/31/142 19/30/143 67/60/144 
f 70/73/145 27/72/146 23/66/147 69/65/148 
f 49/62/149 24/61/150 28/74/151 53/75/152 
f 71/79/153 28/76/154 27/77/155 133/78/156 
f 55/81/157 29/26/158 52/28/159 54/80/160 
f 102/83/161 66/67/162 26/18/163 29/82/164 
f 75/86/165 102/87/166 29/84/167 55/85/168 
f 34/91/169 30/88/170 31/89/171 32/90/172 
f 41/93/173 31/89/174 30/88/175 59/92/176 
f 30/88/177 34/91/178 57/94/179 58/95/180 
f 32/90/181 31/89/182 11/13/183 40/14/184 
f 42/32/185 11/13/186 31/89/187 41/93/188 
f 34/91/189 33/96/190 56/97/191 57/94/192 
f 32/90/193 35/98/194 33/96/195 34/91/196 
f 35/101/197 32/102/198 40/99/199 43/100/200 
f 93/105/201 89/103/202 33/104/203 35/101/204 
f 39/108/205 38/44/206 36/106/207 37/107/208 
f 61/109/209 87/110/210 37/107/211 36/106/212 
f 93/112/213 37/107/214 87/110/215 89/111/216 
f 44/47/217 14/34/218 38/44/219 39/108/220 
f 62/113/221 36/106/222 38/44/223 64/43/224 
f 92/114/225 39/108/226 37/107/227 93/112/228 
f 43/100/229 40/99/230 2/8/231 45/7/232 
f 59/92/233 90/115/234 91/116/235 41/93/236 
f 654/56/237 42/32/238 41/93/239 91/116/240 
f 93/105/241 35/101/242 43/100/243 92/117/244 
f 656/118/245 44/47/246 39/108/247 92/114/248 
f 44/47/249 656/118/250 125/119/251 99/48/252 
f 45/7/253 656/120/254 92/117/255 43/100/256 
f 656/120/257 45/7/258 96/6/259 125/121/260 
f 97/124/261 47/58/262 123/122/263 124/123/264 
f 654/56/265 123/122/266 47/58/267 46/55/268 
f 98/59/269 48/57/270 47/58/271 97/124/272 
f 54/80/273 52/28/274 50/29/275 51/70/276 
f 51/70/277 178/126/278 103/125/279 54/80/280 
f 68/71/281 176/127/282 178/126/283 51/70/284 
f 71/79/285 137/129/286 53/128/287 28/76/288 
f 53/75/289 136/131/290 135/130/291 49/62/292 
f 54/134/293 103/132/294 107/133/295 55/85/296 
f 107/133/297 106/135/298 75/86/299 55/85/300 
f 33/104/301 89/103/302 119/136/303 56/137/304 
f 86/138/305 76/139/306 57/94/307 56/97/308 
f 58/95/309 83/140/310 59/92/311 30/88/312 
f 58/95/313 57/94/314 76/139/315 78/141/316 
f 83/140/317 58/95/318 78/141/319 82/142/320 
f 81/145/321 80/143/322 61/109/323 60/144/324 
f 36/106/325 62/113/326 60/144/327 61/109/328 
f 122/147/329 62/146/330 64/38/331 63/37/332 
f 62/146/333 122/147/334 88/148/335 60/149/336 
f 157/150/337 65/53/338 49/62/339 135/130/340 
f 66/153/341 73/154/342 129/151/343 101/152/344 
f 73/158/345 66/155/346 102/156/347 132/157/348 
f 176/161/349 68/162/350 67/159/351 664/160/352 
f 664/160/353 67/159/354 98/163/355 657/164/356 
f 128/168/357 130/165/358 70/166/359 69/167/360 
f 70/166/361 130/165/362 133/169/363 27/68/364 
f 72/171/365 129/151/366 73/154/367 74/170/368 
f 74/170/369 105/172/370 104/173/371 72/171/372 
f 72/176/373 104/177/374 134/174/375 131/175/376 
f 73/154/377 132/179/378 182/178/379 74/170/380 
f 75/182/381 106/183/382 132/180/383 102/181/384 
f 111/185/385 77/184/386 78/141/387 76/139/388 
f 111/185/389 76/139/390 86/138/391 110/186/392 
f 77/184/393 150/187/394 82/142/395 78/141/396 
f 111/185/397 109/188/398 112/189/399 77/184/400 
f 169/190/401 150/187/402 77/184/403 112/189/404 
f 81/145/405 116/192/406 79/191/407 80/143/408 
f 80/143/409 79/191/410 85/193/411 84/194/412 
f 116/192/413 113/195/414 114/196/415 79/191/416 
f 79/191/417 114/196/418 115/197/419 85/193/420 
f 61/109/421 80/143/422 84/194/423 87/110/424 
f 152/199/425 81/198/426 60/149/427 88/148/428 
f 116/201/429 81/198/430 152/199/431 172/200/432 
f 117/203/433 82/142/434 150/187/435 151/202/436 
f 90/115/437 59/92/438 83/140/439 120/204/440 
f 120/204/441 83/140/442 82/142/443 117/203/444 
f 119/205/445 89/111/446 87/110/447 84/194/448 
f 119/205/449 84/194/450 85/193/451 118/206/452 
f 85/193/453 115/197/454 149/207/455 118/206/456 
f 118/209/457 86/208/458 56/137/459 119/136/460 
f 226/211/461 152/199/462 88/148/463 203/210/464 
f 90/115/465 655/213/466 121/212/467 91/116/468 
f 655/213/469 90/115/470 120/204/471 153/214/472 
f 123/122/473 654/56/474 91/116/475 121/212/476 
f 95/42/477 155/215/478 156/216/479 94/40/480 
f 94/40/481 156/216/482 174/217/483 63/37/484 
f 155/215/485 95/42/486 65/53/487 157/150/488 
f 657/164/489 98/163/490 97/218/491 175/219/492 
f 126/220/493 100/221/494 99/48/495 125/119/496 
f 128/168/497 69/167/498 100/221/499 126/220/500 
f 127/222/501 96/223/502 101/152/503 129/151/504 
f 139/224/505 140/225/506 104/173/507 105/172/508 
f 104/173/509 140/225/510 158/226/511 134/227/512 
f 181/231/513 141/228/514 139/229/515 105/230/516 
f 182/178/517 181/232/518 105/172/519 74/170/520 
f 185/234/521 106/135/522 107/133/523 160/233/524 
f 160/233/525 107/133/526 103/132/527 179/235/528 
f 109/188/529 111/185/530 110/186/531 108/236/532 
f 109/188/533 162/238/534 147/237/535 112/189/536 
f 162/238/537 109/188/538 108/236/539 163/239/540 
f 110/241/541 86/208/542 118/209/543 149/240/544 
f 108/243/545 110/241/546 149/240/547 171/242/548 
f 113/195/549 170/245/550 146/244/551 114/196/552 
f 114/196/553 146/244/554 145/246/555 115/197/556 
f 172/200/557 148/247/558 113/248/559 116/201/560 
f 173/250/561 117/203/562 151/202/563 202/249/564 
f 153/214/565 120/204/566 117/203/567 173/250/568 
f 63/37/569 174/217/570 204/251/571 122/147/572 
f 122/147/573 204/251/574 203/210/575 88/148/576 
f 124/123/577 123/122/578 121/212/579 154/252/580 
f 124/253/581 659/254/582 175/219/583 97/218/584 
f 125/119/585 96/223/586 127/222/587 126/220/588 
f 131/255/589 128/168/590 126/220/591 127/222/592 
f 130/165/593 128/168/594 131/255/595 134/227/596 
f 129/151/597 72/171/598 131/255/599 127/222/600 
f 134/227/601 158/226/602 133/169/603 130/165/604 
f 106/183/605 185/256/606 231/257/607 132/180/608 
f 133/78/609 180/258/610 137/129/611 71/79/612 
f 180/262/613 133/259/614 158/260/615 159/261/616 
f 205/264/617 157/150/618 135/130/619 206/263/620 
f 136/266/621 53/128/622 137/129/623 138/265/624 
f 206/263/625 135/130/626 136/131/627 207/267/628 
f 208/269/629 138/265/630 137/129/631 856/268/632 
f 207/270/633 136/266/634 138/265/635 208/269/636 
f 139/229/637 141/228/638 142/271/639 140/272/640 
f 184/273/641 240/274/642 141/228/643 181/231/644 
f 141/228/645 240/274/646 186/275/647 142/271/648 
f 159/277/649 158/276/650 140/272/651 142/271/652 
f 142/271/653 186/275/654 209/278/655 159/277/656 
f 146/244/657 143/279/658 144/280/659 145/246/660 
f 143/279/661 146/244/662 170/245/663 199/281/664 
f 193/283/665 144/280/666 143/279/667 194/282/668 
f 115/197/669 145/246/670 171/284/671 149/207/672 
f 222/285/673 171/284/674 145/246/675 144/280/676 
f 112/189/677 147/237/678 166/286/679 169/190/680 
f 148/247/681 200/288/682 170/287/683 113/248/684 
f 267/290/685 301/289/686 200/288/687 148/247/688 
f 151/202/689 150/187/690 169/190/691 168/291/692 
f 226/211/693 225/292/694 172/200/695 152/199/696 
f 658/294/697 655/213/698 153/214/699 662/293/700 
f 655/213/701 658/294/702 154/252/703 121/212/704 
f 659/254/705 124/253/706 154/295/707 663/296/708 
f 230/297/709 155/215/710 157/150/711 205/264/712 
f 155/215/713 230/297/714 227/298/715 156/216/716 
f 159/277/717 209/278/718 237/299/719 180/300/720 
f 163/303/721 197/304/722 161/301/723 162/302/724 
f 197/304/725 195/305/726 196/306/727 161/301/728 
f 162/238/729 161/308/730 164/307/731 147/237/732 
f 163/303/733 108/243/734 171/242/735 222/309/736 
f 222/309/737 221/310/738 197/304/739 163/303/740 
f 147/237/741 164/307/742 165/311/743 166/286/744 
f 164/307/745 189/313/746 190/312/747 165/311/748 
f 189/313/749 164/307/750 161/308/751 196/314/752 
f 169/190/753 166/286/754 167/315/755 168/291/756 
f 198/316/757 167/315/758 166/286/759 165/311/760 
f 202/249/761 151/202/762 168/291/763 201/317/764 
f 224/318/765 201/317/766 168/291/767 167/315/768 
f 148/247/769 172/200/770 225/292/771 267/290/772 
f 173/250/773 672/319/774 662/293/775 153/214/776 
f 327/320/777 174/217/778 156/216/779 227/298/780 
f 174/217/781 327/320/782 268/321/783 204/251/784 
f 229/323/785 657/164/786 175/219/787 228/322/788 
f 228/322/789 175/219/790 659/254/791 665/324/792 
f 176/161/793 661/327/794 177/325/795 178/326/796 
f 664/160/797 660/328/798 661/327/799 176/161/800 
f 177/325/801 666/331/802 239/329/803 179/330/804 
f 666/331/805 177/325/806 661/327/807 362/332/808 
f 178/326/809 177/325/810 179/330/811 103/333/812 
f 179/235/813 239/335/814 238/334/815 160/233/816 
f 272/337/817 208/269/818 856/268/819 271/336/820 
f 237/341/821 303/338/822 271/339/823 856/340/824 
f 183/343/825 184/273/826 181/231/827 182/342/828 
f 132/345/829 231/344/830 183/343/831 182/342/832 
f 183/349/833 235/346/834 236/347/835 184/348/836 
f 232/350/837 185/234/838 160/233/839 238/334/840 
f 240/274/841 241/351/842 274/352/843 186/275/844 
f 196/314/845 218/354/846 187/353/847 189/313/848 
f 218/354/849 212/355/850 211/356/851 187/353/852 
f 213/357/853 188/358/854 187/353/855 211/356/856 
f 188/358/857 190/312/858 189/313/859 187/353/860 
f 188/358/861 213/357/862 257/359/863 258/360/864 
f 258/360/865 261/361/866 190/312/867 188/358/868 
f 261/361/869 198/316/870 165/311/871 190/312/872 
f 194/282/873 191/362/874 192/363/875 193/283/876 
f 191/362/877 215/364/878 216/365/879 192/363/880 
f 193/283/881 192/363/882 260/366/883 221/367/884 
f 260/366/885 192/363/886 216/365/887 259/368/888 
f 144/280/889 193/283/890 221/367/891 222/285/892 
f 199/281/893 219/369/894 194/282/895 143/279/896 
f 219/369/897 214/370/898 191/362/899 194/282/900 
f 218/372/901 196/306/902 195/305/903 217/371/904 
f 195/305/905 197/304/906 221/310/907 260/373/908 
f 259/368/909 217/375/910 195/374/911 260/366/912 
f 167/315/913 198/316/914 223/376/915 224/318/916 
f 262/377/917 223/376/918 198/316/919 261/361/920 
f 200/288/921 220/379/922 199/378/923 170/287/924 
f 266/381/925 202/249/926 201/317/927 265/380/928 
f 224/318/929 667/382/930 265/380/931 201/317/932 
f 202/249/933 266/381/934 672/319/935 173/250/936 
f 358/383/937 203/210/938 204/251/939 268/321/940 
f 377/384/941 226/211/942 203/210/943 358/383/944 
f 205/264/945 270/386/946 269/385/947 230/297/948 
f 206/263/949 234/387/950 270/386/951 205/264/952 
f 207/267/953 273/388/954 234/387/955 206/263/956 
f 208/269/957 272/337/958 273/389/959 207/270/960 
f 274/352/961 237/299/962 209/278/963 186/275/964 
f 248/391/965 210/390/966 211/356/967 212/355/968 
f 247/392/969 213/357/970 211/356/971 210/390/972 
f 243/394/973 210/390/974 248/391/975 244/393/976 
f 210/390/977 243/394/978 245/395/979 247/392/980 
f 214/370/981 256/396/982 215/364/983 191/362/984 
f 216/365/985 215/364/986 252/397/987 251/398/988 
f 251/398/989 300/399/990 259/368/991 216/365/992 
f 218/372/993 217/371/994 253/400/995 212/401/996 
f 220/379/997 264/403/998 219/402/999 199/378/1000 
f 264/403/1001 263/404/1002 214/405/1003 219/402/1004 
f 301/289/1005 323/406/1006 220/379/1007 200/288/1008 
f 323/406/1009 322/407/1010 264/403/1011 220/379/1012 
f 671/408/1013 667/382/1014 224/318/1015 223/376/1016 
f 855/409/1017 225/292/1018 226/211/1019 377/384/1020 
f 230/297/1021 269/385/1022 329/410/1023 227/298/1024 
f 227/298/1025 329/410/1026 328/411/1027 327/320/1028 
f 228/322/1029 693/413/1030 674/412/1031 229/323/1032 
f 693/413/1033 228/322/1034 665/324/1035 680/414/1036 
f 229/323/1037 674/412/1038 363/415/1039 660/328/1040 
f 660/328/1041 664/160/1042 657/164/1043 229/323/1044 
f 233/417/1045 231/257/1046 185/256/1047 232/416/1048 
f 231/344/1049 233/419/1050 235/418/1051 183/343/1052 
f 232/350/1053 238/334/1054 334/420/1055 335/421/1056 
f 670/425/1057 233/422/1058 232/423/1059 335/424/1060 
f 234/387/1061 331/427/1062 330/426/1063 270/386/1064 
f 233/419/1065 670/428/1066 669/429/1067 235/418/1068 
f 184/273/1069 236/430/1070 241/351/1071 240/274/1072 
f 236/430/1073 367/432/1074 336/431/1075 241/351/1076 
f 367/434/1077 236/347/1078 235/346/1079 669/433/1080 
f 304/435/1081 334/420/1082 238/334/1083 239/335/1084 
f 244/393/1085 284/437/1086 242/436/1087 243/394/1088 
f 246/438/1089 245/395/1090 243/394/1091 242/436/1092 
f 242/436/1093 277/440/1094 286/439/1095 246/438/1096 
f 295/444/1097 244/441/1098 248/442/1099 254/443/1100 
f 244/393/1101 295/446/1102 285/445/1103 284/437/1104 
f 246/438/1105 288/447/1106 293/448/1107 245/395/1108 
f 319/449/1109 257/359/1110 213/357/1111 247/392/1112 
f 293/448/1113 319/449/1114 247/392/1115 245/395/1116 
f 212/401/1117 253/400/1118 254/443/1119 248/442/1120 
f 251/398/1121 252/397/1122 249/450/1123 250/451/1124 
f 294/453/1125 249/450/1126 252/397/1127 255/452/1128 
f 249/450/1129 294/453/1130 290/454/1131 291/455/1132 
f 250/451/1133 249/450/1134 291/455/1135 292/456/1136 
f 300/399/1137 251/398/1138 250/451/1139 317/457/1140 
f 215/364/1141 256/396/1142 255/452/1143 252/397/1144 
f 300/399/1145 253/458/1146 217/375/1147 259/368/1148 
f 253/458/1149 300/399/1150 317/457/1151 254/459/1152 
f 254/459/1153 317/457/1154 315/460/1155 295/446/1156 
f 255/463/1157 298/464/1158 321/461/1159 294/462/1160 
f 263/404/1161 299/466/1162 256/465/1163 214/405/1164 
f 256/465/1165 299/466/1166 298/464/1167 255/463/1168 
f 297/467/1169 262/377/1170 261/361/1171 258/360/1172 
f 296/468/1173 297/467/1174 258/360/1175 257/359/1176 
f 679/469/1177 671/408/1178 223/376/1179 262/377/1180 
f 354/471/1181 351/470/1182 299/466/1183 263/404/1184 
f 322/407/1185 354/471/1186 263/404/1187 264/403/1188 
f 265/474/1189 375/475/1190 374/472/1191 266/473/1192 
f 356/476/1193 672/477/1194 266/473/1195 374/472/1196 
f 267/290/1197 225/292/1198 855/409/1199 355/478/1200 
f 361/479/1201 269/385/1202 270/386/1203 330/426/1204 
f 269/385/1205 361/479/1206 360/480/1207 329/410/1208 
f 332/482/1209 272/337/1210 271/336/1211 302/481/1212 
f 273/388/1213 333/483/1214 331/427/1215 234/387/1216 
f 272/337/1217 332/482/1218 333/484/1219 273/389/1220 
f 274/352/1221 368/486/1222 303/485/1223 237/299/1224 
f 368/486/1225 274/352/1226 241/351/1227 336/431/1228 
f 278/489/1229 275/487/1230 276/488/1231 277/440/1232 
f 306/491/1233 276/488/1234 275/487/1235 305/490/1236 
f 307/492/1237 286/439/1238 277/440/1239 276/488/1240 
f 284/437/1241 278/489/1242 277/440/1243 242/436/1244 
f 278/489/1245 283/494/1246 309/493/1247 275/487/1248 
f 281/497/1249 282/498/1250 279/495/1251 280/496/1252 
f 312/500/1253 279/495/1254 282/498/1255 289/499/1256 
f 342/502/1257 311/501/1258 280/496/1259 279/495/1260 
f 346/503/1261 342/502/1262 279/495/1263 312/500/1264 
f 280/496/1265 313/505/1266 314/504/1267 281/497/1268 
f 292/456/1269 291/455/1270 282/498/1271 281/497/1272 
f 291/455/1273 290/454/1274 289/499/1275 282/498/1276 
f 284/437/1277 285/445/1278 283/494/1279 278/489/1280 
f 283/494/1281 313/505/1282 308/506/1283 309/493/1284 
f 285/445/1285 314/504/1286 313/505/1287 283/494/1288 
f 314/504/1289 285/445/1290 295/446/1291 315/460/1292 
f 246/438/1293 286/439/1294 287/507/1295 288/447/1296 
f 286/439/1297 307/492/1298 310/508/1299 287/507/1300 
f 288/447/1301 287/507/1302 348/509/1303 678/510/1304 
f 678/510/1305 316/511/1306 293/448/1307 288/447/1308 
f 290/514/1309 320/515/1310 349/512/1311 289/513/1312 
f 281/497/1313 314/504/1314 315/460/1315 292/456/1316 
f 317/457/1317 250/451/1318 292/456/1319 315/460/1320 
f 319/449/1321 293/448/1322 316/511/1323 318/516/1324 
f 294/462/1325 321/461/1326 320/515/1327 290/514/1328 
f 257/359/1329 319/449/1330 318/516/1331 296/468/1332 
f 297/467/1333 296/468/1334 352/517/1335 353/518/1336 
f 262/377/1337 297/467/1338 353/518/1339 679/469/1340 
f 299/466/1341 351/470/1342 350/519/1343 298/464/1344 
f 298/464/1345 350/519/1346 371/520/1347 321/461/1348 
f 355/478/1349 372/521/1350 301/289/1351 267/290/1352 
f 302/524/1353 271/525/1354 303/522/1355 681/523/1356 
f 365/528/1357 332/529/1358 302/526/1359 366/527/1360 
f 368/531/1361 401/530/1362 681/523/1363 303/522/1364 
f 304/534/1365 675/535/1366 384/532/1367 334/533/1368 
f 304/534/1369 239/329/1370 666/331/1371 675/535/1372 
f 337/536/1373 305/490/1374 275/487/1375 309/493/1376 
f 676/537/1377 307/492/1378 276/488/1379 306/491/1380 
f 338/538/1381 339/539/1382 306/491/1383 305/490/1384 
f 677/540/1385 310/508/1386 307/492/1387 676/537/1388 
f 343/541/1389 337/536/1390 309/493/1391 308/506/1392 
f 405/542/1393 348/509/1394 287/507/1395 310/508/1396 
f 677/540/1397 689/543/1398 405/542/1399 310/508/1400 
f 311/501/1401 308/506/1402 313/505/1403 280/496/1404 
f 311/501/1405 342/502/1406 341/544/1407 340/545/1408 
f 308/506/1409 311/501/1410 340/545/1411 343/541/1412 
f 312/548/1413 347/549/1414 345/546/1415 346/547/1416 
f 289/513/1417 349/512/1418 347/549/1419 312/548/1420 
f 690/553/1421 683/550/1422 318/551/1423 316/552/1424 
f 683/554/1425 352/517/1426 296/468/1427 318/516/1428 
f 321/461/1429 371/520/1430 370/555/1431 320/515/1432 
f 372/521/1433 373/556/1434 323/406/1435 301/289/1436 
f 322/407/1437 323/406/1438 373/556/1439 392/557/1440 
f 325/560/1441 324/558/1442 356/476/1443 357/559/1444 
f 326/563/1445 658/561/1446 662/562/1447 324/558/1448 
f 324/558/1449 662/562/1450 672/477/1451 356/476/1452 
f 673/564/1453 326/563/1454 324/558/1455 325/560/1456 
f 357/559/1457 703/565/1458 691/566/1459 325/560/1460 
f 327/320/1461 328/411/1462 359/567/1463 268/321/1464 
f 328/411/1465 379/569/1466 396/568/1467 359/567/1468 
f 379/569/1469 328/411/1470 329/410/1471 360/480/1472 
f 383/572/1473 398/573/1474 330/570/1475 331/571/1476 
f 330/570/1477 398/573/1478 397/574/1479 361/575/1480 
f 383/572/1481 331/571/1482 333/576/1483 385/577/1484 
f 332/482/1485 365/579/1486 385/578/1487 333/484/1488 
f 381/581/1489 670/425/1490 335/424/1491 382/580/1492 
f 382/580/1493 335/424/1494 334/582/1495 384/583/1496 
f 336/584/1497 399/585/1498 401/530/1499 368/531/1500 
f 390/586/1501 338/538/1502 305/490/1503 337/536/1504 
f 386/589/1505 698/590/1506 339/587/1507 338/588/1508 
f 339/539/1509 682/591/1510 676/537/1511 306/491/1512 
f 340/545/1513 341/544/1514 387/592/1515 388/593/1516 
f 342/502/1517 346/503/1518 344/594/1519 341/544/1520 
f 343/541/1521 340/545/1522 388/593/1523 389/595/1524 
f 337/599/1525 343/596/1526 389/597/1527 390/598/1528 
f 346/547/1529 345/546/1530 369/600/1531 344/601/1532 
f 402/605/1533 387/602/1534 341/603/1535 344/604/1536 
f 404/607/1537 347/549/1538 349/512/1539 391/606/1540 
f 347/549/1541 404/607/1542 403/608/1543 345/546/1544 
f 406/611/1545 407/612/1546 348/609/1547 405/610/1548 
f 391/606/1549 349/512/1550 320/515/1551 370/555/1552 
f 452/614/1553 350/519/1554 351/470/1555 408/613/1556 
f 699/616/1557 700/617/1558 352/615/1559 683/550/1560 
f 353/619/1561 352/615/1562 700/617/1563 701/618/1564 
f 392/557/1565 409/620/1566 354/471/1567 322/407/1568 
f 351/470/1569 354/471/1570 409/620/1571 408/613/1572 
f 453/622/1573 411/621/1574 372/521/1575 355/478/1576 
f 357/559/1577 356/476/1578 374/472/1579 376/623/1580 
f 378/624/1581 358/383/1582 268/321/1583 359/567/1584 
f 412/625/1585 378/624/1586 359/567/1587 396/568/1588 
f 361/479/1589 397/626/1590 413/627/1591 360/480/1592 
f 441/628/1593 379/569/1594 360/480/1595 413/627/1596 
f 363/415/1597 380/630/1598 364/629/1599 362/332/1600 
f 660/328/1601 363/415/1602 362/332/1603 661/327/1604 
f 380/630/1605 363/415/1606 674/412/1607 686/631/1608 
f 675/535/1609 364/629/1610 429/632/1611 384/532/1612 
f 675/535/1613 666/331/1614 362/332/1615 364/629/1616 
f 385/635/1617 365/528/1618 421/633/1619 428/634/1620 
f 421/633/1621 365/528/1622 366/527/1623 422/636/1624 
f 366/638/1625 302/524/1626 681/523/1627 424/637/1628 
f 399/640/1629 336/641/1630 367/434/1631 400/639/1632 
f 669/433/1633 687/642/1634 400/639/1635 367/434/1636 
f 369/600/1637 446/644/1638 402/643/1639 344/601/1640 
f 462/645/1641 369/600/1642 345/546/1643 403/608/1644 
f 450/647/1645 370/555/1646 371/520/1647 435/646/1648 
f 350/519/1649 452/614/1650 435/646/1651 371/520/1652 
f 411/621/1653 410/648/1654 373/556/1655 372/521/1656 
f 395/649/1657 376/623/1658 374/472/1659 375/475/1660 
f 394/651/1661 395/649/1662 375/475/1663 393/650/1664 
f 393/650/1665 375/475/1666 265/474/1667 667/652/1668 
f 727/653/1669 703/565/1670 357/559/1671 376/623/1672 
f 437/654/1673 377/384/1674 358/383/1675 378/624/1676 
f 440/655/1677 396/568/1678 379/569/1679 441/628/1680 
f 380/630/1681 696/656/1682 429/632/1683 364/629/1684 
f 420/659/1685 415/657/1686 687/658/1687 381/581/1688 
f 420/659/1689 381/581/1690 382/580/1691 427/660/1692 
f 383/572/1693 385/577/1694 428/661/1695 398/573/1696 
f 427/660/1697 382/580/1698 384/583/1699 429/662/1700 
f 697/664/1701 386/589/1702 338/588/1703 390/663/1704 
f 386/589/1705 697/664/1706 519/665/1707 732/666/1708 
f 732/666/1709 720/667/1710 698/590/1711 386/589/1712 
f 431/669/1713 388/670/1714 387/602/1715 430/668/1716 
f 389/672/1717 388/670/1718 431/669/1719 460/671/1720 
f 460/671/1721 697/664/1722 390/663/1723 389/672/1724 
f 449/673/1725 391/606/1726 370/555/1727 450/647/1728 
f 392/557/1729 373/556/1730 410/648/1731 485/674/1732 
f 409/620/1733 392/557/1734 485/674/1735 484/675/1736 
f 393/650/1737 684/677/1738 702/676/1739 394/651/1740 
f 725/678/1741 726/679/1742 395/649/1743 394/651/1744 
f 376/623/1745 395/649/1746 726/679/1747 727/653/1748 
f 396/568/1749 440/655/1750 455/680/1751 412/625/1752 
f 397/574/1753 445/683/1754 456/681/1755 413/682/1756 
f 398/573/1757 428/661/1758 445/683/1759 397/574/1760 
f 425/685/1761 401/530/1762 399/585/1763 708/684/1764 
f 400/687/1765 695/686/1766 708/684/1767 399/585/1768 
f 695/689/1769 400/639/1770 687/642/1771 415/688/1772 
f 402/605/1773 458/690/1774 430/668/1775 387/602/1776 
f 446/692/1777 461/691/1778 458/690/1779 402/605/1780 
f 404/607/1781 448/693/1782 447/694/1783 403/608/1784 
f 448/693/1785 404/607/1786 391/606/1787 449/673/1788 
f 709/696/1789 406/611/1790 405/610/1791 689/695/1792 
f 734/699/1793 433/697/1794 432/698/1795 407/612/1796 
f 407/612/1797 432/698/1798 678/700/1799 348/609/1800 
f 733/701/1801 734/699/1802 407/612/1803 406/611/1804 
f 484/675/1805 451/702/1806 408/613/1807 409/620/1808 
f 466/704/1809 487/703/1810 485/674/1811 410/648/1812 
f 510/706/1813 411/621/1814 453/622/1815 454/705/1816 
f 510/706/1817 466/704/1818 410/648/1819 411/621/1820 
f 378/624/1821 412/625/1822 438/707/1823 437/654/1824 
f 412/625/1825 455/680/1826 467/708/1827 438/707/1828 
f 714/712/1829 716/709/1830 694/710/1831 414/711/1832 
f 415/657/1833 420/659/1834 416/713/1835 414/714/1836 
f 414/714/1837 694/715/1838 695/686/1839 415/657/1840 
f 719/716/1841 416/713/1842 420/659/1843 427/660/1844 
f 475/717/1845 474/718/1846 416/713/1847 719/716/1848 
f 714/719/1849 414/714/1850 416/713/1851 474/718/1852 
f 417/722/1853 422/723/1854 418/720/1855 419/721/1856 
f 443/724/1857 442/725/1858 417/722/1859 419/721/1860 
f 425/685/1861 426/726/1862 418/720/1863 424/637/1864 
f 419/721/1865 418/720/1866 426/726/1867 457/727/1868 
f 419/721/1869 457/727/1870 713/728/1871 443/724/1872 
f 417/730/1873 423/729/1874 421/633/1875 422/636/1876 
f 424/637/1877 418/720/1878 422/723/1879 366/638/1880 
f 423/729/1881 445/731/1882 428/634/1883 421/633/1884 
f 442/732/1885 718/733/1886 423/729/1887 417/730/1888 
f 718/735/1889 456/681/1890 445/683/1891 423/734/1892 
f 424/637/1893 681/523/1894 401/530/1895 425/685/1896 
f 426/726/1897 425/685/1898 708/684/1899 707/736/1900 
f 427/660/1901 429/662/1902 696/737/1903 719/716/1904 
f 431/669/1905 430/668/1906 748/738/1907 479/739/1908 
f 479/739/1909 459/740/1910 460/671/1911 431/669/1912 
f 690/553/1913 432/698/1914 433/697/1915 434/741/1916 
f 434/741/1917 433/697/1918 751/742/1919 735/743/1920 
f 433/697/1921 734/699/1922 764/744/1923 751/742/1924 
f 683/550/1925 690/553/1926 434/741/1927 699/616/1928 
f 435/646/1929 465/746/1930 464/745/1931 450/647/1932 
f 439/748/1933 436/747/1934 437/654/1935 438/707/1936 
f 377/384/1937 437/654/1938 436/747/1939 855/409/1940 
f 438/707/1941 467/708/1942 489/749/1943 439/748/1944 
f 454/705/1945 453/622/1946 436/747/1947 439/748/1948 
f 439/748/1949 489/749/1950 488/750/1951 454/705/1952 
f 499/754/1953 440/751/1954 441/752/1955 473/753/1956 
f 413/682/1957 456/681/1958 473/753/1959 441/752/1960 
f 444/756/1961 731/755/1962 718/733/1963 442/732/1964 
f 471/758/1965 444/757/1966 442/725/1967 443/724/1968 
f 472/759/1969 730/760/1970 444/757/1971 471/758/1972 
f 730/762/1973 518/761/1974 731/755/1975 444/756/1976 
f 462/645/1977 481/763/1978 446/644/1979 369/600/1980 
f 463/764/1981 462/645/1982 403/608/1983 447/694/1984 
f 448/693/1985 482/765/1986 506/766/1987 447/694/1988 
f 483/767/1989 449/673/1990 450/647/1991 464/745/1992 
f 449/673/1993 483/767/1994 482/765/1995 448/693/1996 
f 507/768/1997 452/614/1998 408/613/1999 451/702/2000 
f 451/702/2001 509/770/2002 508/769/2003 507/768/2004 
f 452/614/2005 507/768/2006 465/746/2007 435/646/2008 
f 355/478/2009 855/409/2010 436/747/2011 453/622/2012 
f 440/751/2013 499/754/2014 500/771/2015 455/772/2016 
f 540/773/2017 467/774/2018 455/772/2019 500/771/2020 
f 713/778/2021 457/775/2022 478/776/2023 477/777/2024 
f 457/781/2025 426/782/2026 707/779/2027 478/780/2028 
f 748/738/2029 430/668/2030 458/690/2031 760/783/2032 
f 773/784/2033 520/785/2034 459/740/2035 479/739/2036 
f 459/740/2037 519/665/2038 697/664/2039 460/671/2040 
f 481/763/2041 542/787/2042 461/786/2043 446/644/2044 
f 542/790/2045 570/788/2046 772/789/2047 461/691/2048 
f 461/691/2049 772/789/2050 760/783/2051 458/690/2052 
f 481/763/2053 462/645/2054 463/764/2055 480/791/2056 
f 480/791/2057 463/764/2058 447/694/2059 506/766/2060 
f 522/793/2061 464/745/2062 465/746/2063 523/792/2064 
f 523/792/2065 465/746/2066 507/768/2067 508/769/2068 
f 525/795/2069 524/794/2070 487/703/2071 466/704/2072 
f 502/799/2073 469/796/2074 470/797/2075 468/798/2076 
f 468/802/2077 470/803/2078 517/800/2079 493/801/2080 
f 468/802/2081 741/806/2082 758/804/2083 502/805/2084 
f 715/810/2085 469/807/2086 501/808/2087 477/809/2088 
f 502/799/2089 498/811/2090 501/812/2091 469/796/2092 
f 469/807/2093 715/810/2094 711/813/2095 470/803/2096 
f 471/758/2097 443/724/2098 713/728/2099 712/814/2100 
f 472/818/2101 471/815/2102 712/816/2103 746/817/2104 
f 472/759/2105 746/821/2106 497/819/2107 742/820/2108 
f 518/823/2109 499/754/2110 473/753/2111 731/822/2112 
f 456/681/2113 718/735/2114 731/822/2115 473/753/2116 
f 747/825/2117 476/824/2118 474/718/2119 475/717/2120 
f 505/826/2121 517/800/2122 476/824/2123 747/825/2124 
f 714/719/2125 474/718/2126 476/824/2127 711/813/2128 
f 712/814/2129 713/728/2130 477/809/2131 501/808/2132 
f 716/827/2133 715/828/2134 477/777/2135 478/776/2136 
f 694/829/2137 716/830/2138 478/780/2139 707/779/2140 
f 542/787/2141 481/763/2142 480/791/2143 541/831/2144 
f 482/765/2145 544/833/2146 543/832/2147 506/766/2148 
f 545/834/2149 483/767/2150 464/745/2151 522/793/2152 
f 483/767/2153 545/834/2154 544/833/2155 482/765/2156 
f 484/675/2157 486/835/2158 509/770/2159 451/702/2160 
f 487/703/2161 486/835/2162 484/675/2163 485/674/2164 
f 547/837/2165 546/836/2166 509/770/2167 486/835/2168 
f 486/835/2169 487/703/2170 524/794/2171 547/837/2172 
f 526/838/2173 510/706/2174 454/705/2175 488/750/2176 
f 783/842/2177 488/839/2178 489/840/2179 535/841/2180 
f 535/841/2181 489/840/2182 467/774/2183 540/773/2184 
f 854/846/2185 491/843/2186 492/844/2187 490/845/2188 
f 755/847/2189 758/804/2190 741/806/2191 490/845/2192 
f 512/849/2193 492/844/2194 491/843/2195 511/848/2196 
f 785/850/2197 786/851/2198 491/843/2199 854/846/2200 
f 784/855/2201 755/852/2202 490/853/2203 492/854/2204 
f 468/802/2205 493/801/2206 495/856/2207 741/806/2208 
f 539/858/2209 495/856/2210 493/801/2211 494/857/2212 
f 745/860/2213 494/857/2214 505/826/2215 504/859/2216 
f 494/857/2217 493/801/2218 517/800/2219 505/826/2220 
f 744/861/2221 539/858/2222 494/857/2223 745/860/2224 
f 785/850/2225 854/846/2226 495/856/2227 539/858/2228 
f 496/862/2229 498/863/2230 502/805/2231 758/804/2232 
f 497/866/2233 746/867/2234 498/864/2235 496/865/2236 
f 537/869/2237 497/819/2238 496/862/2239 538/868/2240 
f 501/812/2241 498/811/2242 746/817/2243 712/816/2244 
f 513/870/2245 500/771/2246 499/754/2247 518/823/2248 
f 747/825/2249 503/871/2250 504/859/2251 505/826/2252 
f 717/874/2253 686/631/2254 706/872/2255 503/873/2256 
f 504/877/2257 705/878/2258 704/875/2259 745/876/2260 
f 705/878/2261 504/877/2262 503/873/2263 706/872/2264 
f 506/766/2265 543/832/2266 541/831/2267 480/791/2268 
f 554/879/2269 508/769/2270 509/770/2271 546/836/2272 
f 508/769/2273 554/879/2274 553/880/2275 523/792/2276 
f 526/838/2277 525/795/2278 466/704/2279 510/706/2280 
f 528/882/2281 512/849/2282 511/848/2283 550/881/2284 
f 511/848/2285 491/843/2286 786/851/2287 800/883/2288 
f 550/881/2289 511/848/2290 800/883/2291 811/884/2292 
f 777/885/2293 779/886/2294 512/849/2295 528/882/2296 
f 492/844/2297 512/849/2298 779/886/2299 784/887/2300 
f 515/890/2301 516/891/2302 513/888/2303 514/889/2304 
f 500/771/2305 513/870/2306 516/892/2307 540/773/2308 
f 518/761/2309 730/762/2310 514/889/2311 513/888/2312 
f 514/895/2313 742/820/2314 743/893/2315 515/894/2316 
f 756/896/2317 757/897/2318 515/894/2319 743/893/2320 
f 516/891/2321 515/890/2322 757/898/2323 787/899/2324 
f 517/800/2325 470/803/2326 711/813/2327 476/824/2328 
f 519/665/2329 459/740/2330 520/785/2331 521/900/2332 
f 520/785/2333 587/901/2334 586/902/2335 521/900/2336 
f 521/900/2337 761/903/2338 732/666/2339 519/665/2340 
f 571/905/2341 545/834/2342 522/793/2343 573/904/2344 
f 573/904/2345 522/793/2346 523/792/2347 553/880/2348 
f 524/908/2349 525/909/2350 564/906/2351 565/907/2352 
f 564/906/2353 525/909/2354 526/910/2355 566/911/2356 
f 566/911/2357 526/910/2358 488/839/2359 783/842/2360 
f 527/913/2361 777/885/2362 528/882/2363 529/912/2364 
f 527/913/2365 796/916/2366 563/914/2367 797/915/2368 
f 777/885/2369 527/913/2370 797/915/2371 780/917/2372 
f 529/912/2373 528/882/2374 550/881/2375 549/918/2376 
f 796/916/2377 527/913/2378 529/912/2379 548/919/2380 
f 769/923/2381 531/920/2382 532/921/2383 530/922/2384 
f 530/922/2385 532/921/2386 552/924/2387 551/925/2388 
f 782/928/2389 769/929/2390 530/926/2391 781/927/2392 
f 781/931/2393 530/922/2394 551/925/2395 799/930/2396 
f 531/920/2397 536/934/2398 533/932/2399 534/933/2400 
f 534/933/2401 780/917/2402 532/921/2403 531/920/2404 
f 552/924/2405 532/921/2406 780/917/2407 797/915/2408 
f 538/868/2409 533/932/2410 536/934/2411 537/869/2412 
f 755/852/2413 784/855/2414 533/935/2415 538/936/2416 
f 534/933/2417 533/932/2418 784/887/2419 779/886/2420 
f 780/917/2421 534/933/2422 779/886/2423 777/885/2424 
f 756/896/2425 743/893/2426 537/869/2427 536/934/2428 
f 531/920/2429 769/923/2430 756/896/2431 536/934/2432 
f 537/869/2433 743/893/2434 742/820/2435 497/819/2436 
f 538/868/2437 496/862/2438 758/804/2439 755/847/2440 
f 539/858/2441 744/861/2442 759/937/2443 785/850/2444 
f 787/938/2445 535/841/2446 540/773/2447 516/892/2448 
f 570/940/2449 542/787/2450 541/831/2451 569/939/2452 
f 543/832/2453 589/941/2454 569/939/2455 541/831/2456 
f 589/941/2457 543/832/2458 544/833/2459 572/942/2460 
f 572/942/2461 544/833/2462 545/834/2463 571/905/2464 
f 554/946/2465 546/943/2466 578/944/2467 594/945/2468 
f 547/948/2469 524/908/2470 565/907/2471 579/947/2472 
f 579/947/2473 578/944/2474 546/943/2475 547/948/2476 
f 549/918/2477 561/949/2478 548/919/2479 529/912/2480 
f 561/949/2481 560/950/2482 559/951/2483 548/919/2484 
f 795/952/2485 796/916/2486 548/919/2487 559/951/2488 
f 561/949/2489 549/918/2490 812/953/2491 599/954/2492 
f 549/918/2493 550/881/2494 811/884/2495 812/953/2496 
f 797/915/2497 563/914/2498 562/955/2499 552/924/2500 
f 562/955/2501 808/956/2502 551/925/2503 552/924/2504 
f 553/959/2505 828/960/2506 604/957/2507 573/958/2508 
f 828/960/2509 553/959/2510 554/946/2511 594/945/2512 
f 558/964/2513 555/961/2514 556/962/2515 557/963/2516 
f 559/951/2517 556/962/2518 555/961/2519 795/952/2520 
f 575/966/2521 806/965/2522 795/952/2523 555/961/2524 
f 609/969/2525 592/970/2526 557/967/2527 556/968/2528 
f 576/971/2529 575/966/2530 555/961/2531 558/964/2532 
f 829/973/2533 591/972/2534 576/971/2535 558/964/2536 
f 593/976/2537 829/977/2538 558/974/2539 557/975/2540 
f 560/950/2541 609/978/2542 556/962/2543 559/951/2544 
f 599/954/2545 611/979/2546 560/950/2547 561/949/2548 
f 611/979/2549 610/980/2550 609/978/2551 560/950/2552 
f 563/914/2553 806/965/2554 580/981/2555 562/955/2556 
f 581/982/2557 601/983/2558 565/907/2559 564/906/2560 
f 601/983/2561 600/984/2562 579/947/2563 565/907/2564 
f 783/842/2565 567/985/2566 568/986/2567 566/911/2568 
f 581/982/2569 564/906/2570 566/911/2571 568/986/2572 
f 781/927/2573 568/988/2574 567/987/2575 782/928/2576 
f 612/992/2577 569/989/2578 589/990/2579 614/991/2580 
f 570/788/2581 613/994/2582 583/993/2583 772/789/2584 
f 613/996/2585 570/995/2586 569/989/2587 612/992/2588 
f 615/1000/2589 572/997/2590 571/998/2591 603/999/2592 
f 614/991/2593 589/990/2594 572/997/2595 615/1000/2596 
f 573/958/2597 604/957/2598 603/999/2599 571/998/2600 
f 577/1002/2601 574/1001/2602 575/966/2603 576/971/2604 
f 580/981/2605 574/1001/2606 597/1003/2607 598/1004/2608 
f 574/1001/2609 580/981/2610 806/965/2611 575/966/2612 
f 574/1001/2613 577/1002/2614 817/1005/2615 597/1003/2616 
f 577/1002/2617 576/971/2618 591/972/2619 590/1006/2620 
f 578/944/2621 579/947/2622 600/984/2623 608/1007/2624 
f 562/955/2625 580/981/2626 598/1004/2627 808/956/2628 
f 799/1009/2629 581/1008/2630 568/988/2631 781/927/2632 
f 788/1011/2633 748/738/2634 760/783/2635 582/1010/2636 
f 772/789/2637 583/993/2638 582/1010/2639 760/783/2640 
f 583/993/2641 585/1013/2642 584/1012/2643 582/1010/2644 
f 584/1012/2645 813/1014/2646 788/1011/2647 582/1010/2648 
f 584/1017/2649 585/1018/2650 822/1015/2651 813/1016/2652 
f 613/994/2653 840/1019/2654 585/1013/2655 583/993/2656 
f 602/1021/2657 586/902/2658 587/901/2659 588/1020/2660 
f 521/900/2661 586/902/2662 801/1022/2663 761/903/2664 
f 520/785/2665 773/784/2666 802/1023/2667 587/901/2668 
f 588/1020/2669 587/901/2670 802/1023/2671 823/1024/2672 
f 848/1026/2673 588/1020/2674 823/1024/2675 837/1025/2676 
f 588/1020/2677 848/1026/2678 850/1027/2679 602/1021/2680 
f 590/1006/2681 591/972/2682 622/1028/2683 621/1029/2684 
f 817/1005/2685 577/1002/2686 590/1006/2687 620/1030/2688 
f 592/1032/2689 605/1033/2690 593/1031/2691 557/963/2692 
f 592/1032/2693 609/978/2694 610/980/2695 623/1034/2696 
f 593/1031/2697 606/1036/2698 825/1035/2699 829/973/2700 
f 608/1007/2701 834/1037/2702 594/945/2703 578/944/2704 
f 828/960/2705 594/945/2706 834/1037/2707 835/1038/2708 
f 597/1003/2709 817/1005/2710 818/1039/2711 595/1040/2712 
f 834/1043/2713 608/1044/2714 595/1041/2715 818/1042/2716 
f 598/1004/2717 597/1003/2718 595/1040/2719 596/1045/2720 
f 807/1049/2721 596/1046/2722 600/1047/2723 601/1048/2724 
f 608/1044/2725 600/1047/2726 596/1046/2727 595/1041/2728 
f 808/956/2729 598/1004/2730 596/1045/2731 807/1050/2732 
f 601/1048/2733 581/1008/2734 799/1009/2735 807/1049/2736 
f 625/1053/2737 624/1054/2738 602/1051/2739 850/1052/2740 
f 586/902/2741 602/1021/2742 624/1055/2743 801/1022/2744 
f 603/999/2745 640/1057/2746 641/1056/2747 615/1000/2748 
f 604/957/2749 642/1058/2750 640/1057/2751 603/999/2752 
f 607/1059/2753 606/1036/2754 593/1031/2755 605/1033/2756 
f 623/1034/2757 644/1060/2758 605/1033/2759 592/1032/2760 
f 644/1060/2761 643/1061/2762 607/1059/2763 605/1033/2764 
f 606/1064/2765 607/1065/2766 635/1062/2767 634/1063/2768 
f 606/1036/2769 634/1067/2770 637/1066/2771 825/1035/2772 
f 610/1070/2773 611/1071/2774 810/1068/2775 820/1069/2776 
f 623/1073/2777 610/1070/2778 820/1069/2779 819/1072/2780 
f 809/1075/2781 810/1068/2782 611/1071/2783 599/1074/2784 
f 612/992/2785 841/1077/2786 840/1076/2787 613/996/2788 
f 841/1077/2789 612/992/2790 614/991/2791 648/1078/2792 
f 615/1000/2793 641/1056/2794 648/1078/2795 614/991/2796 
f 631/1082/2797 616/1079/2798 617/1080/2799 618/1081/2800 
f 632/1086/2801 641/1083/2802 640/1084/2803 616/1085/2804 
f 640/1084/2805 642/1087/2806 617/1088/2807 616/1085/2808 
f 617/1080/2809 619/1089/2810 620/1030/2811 618/1081/2812 
f 650/1090/2813 631/1082/2814 618/1081/2815 621/1029/2816 
f 617/1088/2817 642/1087/2818 835/1091/2819 619/1092/2820 
f 619/1092/2821 835/1091/2822 834/1043/2823 818/1042/2824 
f 621/1029/2825 618/1081/2826 620/1030/2827 590/1006/2828 
f 619/1089/2829 818/1039/2830 817/1005/2831 620/1030/2832 
f 636/1093/2833 622/1028/2834 825/1035/2835 637/1066/2836 
f 636/1093/2837 650/1090/2838 621/1029/2839 622/1028/2840 
f 825/1035/2841 622/1028/2842 591/972/2843 829/973/2844 
f 626/1094/2845 821/1095/2846 624/1054/2847 625/1053/2848 
f 821/1097/2849 789/1096/2850 801/1022/2851 624/1055/2852 
f 625/1053/2853 844/1099/2854 838/1098/2855 626/1094/2856 
f 838/1098/2857 842/1100/2858 836/1101/2859 626/1094/2860 
f 629/1104/2861 630/1105/2862 627/1102/2863 628/1103/2864 
f 844/1099/2865 649/1106/2866 627/1102/2867 838/1098/2868 
f 638/1107/2869 628/1103/2870 627/1102/2871 649/1106/2872 
f 635/1108/2873 629/1104/2874 628/1103/2875 634/1067/2876 
f 630/1105/2877 629/1104/2878 846/1109/2879 845/1110/2880 
f 842/1100/2881 838/1098/2882 627/1102/2883 630/1105/2884 
f 843/1111/2885 842/1100/2886 630/1105/2887 845/1110/2888 
f 633/1113/2889 632/1112/2890 616/1079/2891 631/1082/2892 
f 852/1115/2893 648/1114/2894 641/1083/2895 632/1086/2896 
f 651/1116/2897 633/1113/2898 631/1082/2899 650/1090/2900 
f 632/1112/2901 633/1113/2902 853/1117/2903 852/1118/2904 
f 637/1066/2905 634/1067/2906 628/1103/2907 638/1107/2908 
f 643/1061/2909 847/1119/2910 635/1108/2911 607/1059/2912 
f 847/1119/2913 846/1109/2914 629/1104/2915 635/1108/2916 
f 638/1122/2917 639/1123/2918 636/1120/2919 637/1121/2920 
f 652/1125/2921 639/1123/2922 638/1122/2923 649/1124/2924 
f 651/1116/2925 650/1090/2926 636/1093/2927 639/1126/2928 
f 651/1116/2929 639/1126/2930 652/1127/2931 653/1128/2932 
f 828/960/2933 835/1038/2934 642/1058/2935 604/957/2936 
f 827/1132/2937 833/1129/2938 847/1130/2939 643/1131/2940 
f 819/1072/2941 826/1134/2942 644/1133/2943 623/1073/2944 
f 643/1131/2945 644/1133/2946 826/1134/2947 827/1132/2948 
f 837/1138/2949 645/1135/2950 646/1136/2951 647/1137/2952 
f 840/1076/2953 841/1077/2954 646/1136/2955 645/1135/2956 
f 852/1118/2957 853/1117/2958 647/1137/2959 646/1136/2960 
f 837/1025/2961 647/1139/2962 849/1140/2963 848/1026/2964 
f 851/1141/2965 652/1127/2966 649/1106/2967 844/1099/2968 
f 853/1117/2969 633/1113/2970 651/1116/2971 653/1128/2972 
f 652/1127/2973 851/1141/2974 849/1142/2975 653/1128/2976 
f 658/561/2977 326/563/2978 663/296/2979 154/295/2980 
f 665/324/2981 659/254/2982 663/296/2983 668/1143/2984 
f 668/1143/2985 663/296/2986 326/563/2987 673/564/2988 
f 667/652/2989 671/1144/2990 684/677/2991 393/650/2992 
f 668/1143/2993 685/1145/2994 680/414/2995 665/324/2996 
f 687/658/2997 669/1146/2998 670/425/2999 381/581/3000 
f 671/1144/3001 679/1148/3002 724/1147/3003 684/677/3004 
f 673/564/3005 692/1149/3006 685/1145/3007 668/1143/3008 
f 692/1149/3009 673/564/3010 325/560/3011 691/566/3012 
f 682/591/3013 689/543/3014 677/540/3015 676/537/3016 
f 432/698/3017 690/553/3018 316/552/3019 678/700/3020 
f 701/618/3021 724/1147/3022 679/1148/3023 353/619/3024 
f 706/872/3025 693/413/3026 680/414/3027 705/878/3028 
f 682/1151/3029 339/587/3030 698/590/3031 688/1150/3032 
f 684/677/3033 724/1147/3034 710/1152/3035 702/676/3036 
f 705/878/3037 680/414/3038 685/1145/3039 704/875/3040 
f 693/413/3041 706/872/3042 686/631/3043 674/412/3044 
f 696/656/3045 380/630/3046 686/631/3047 717/874/3048 
f 688/1154/3049 709/696/3050 689/695/3051 682/1153/3052 
f 688/1150/3053 698/590/3054 720/667/3055 721/1155/3056 
f 709/696/3057 688/1154/3058 721/1156/3059 722/1157/3060 
f 692/1149/3061 729/1158/3062 704/875/3063 685/1145/3064 
f 691/566/3065 728/1159/3066 729/1158/3067 692/1149/3068 
f 695/686/3069 694/715/3070 707/736/3071 708/684/3072 
f 735/743/3073 736/1160/3074 699/616/3075 434/741/3076 
f 700/617/3077 699/616/3078 736/1160/3079 737/1161/3080 
f 737/1161/3081 723/1162/3082 701/618/3083 700/617/3084 
f 738/1163/3085 725/678/3086 394/651/3087 702/676/3088 
f 753/1164/3089 738/1163/3090 702/676/3091 710/1152/3092 
f 728/1159/3093 691/566/3094 703/565/3095 740/1165/3096 
f 745/876/3097 704/875/3098 729/1158/3099 744/1166/3100 
f 722/1157/3101 733/701/3102 406/611/3103 709/696/3104 
f 710/1152/3105 723/1162/3106 752/1167/3107 753/1164/3108 
f 714/719/3109 711/813/3110 715/810/3111 716/1168/3112 
f 717/1169/3113 475/717/3114 719/716/3115 696/737/3116 
f 503/871/3117 747/825/3118 475/717/3119 717/1169/3120 
f 721/1155/3121 720/667/3122 762/1170/3123 749/1171/3124 
f 761/903/3125 762/1170/3126 720/667/3127 732/666/3128 
f 722/1157/3129 721/1156/3130 749/1172/3131 750/1173/3132 
f 733/701/3133 722/1157/3134 750/1173/3135 763/1174/3136 
f 723/1162/3137 710/1152/3138 724/1147/3139 701/618/3140 
f 766/1175/3141 752/1167/3142 723/1162/3143 737/1161/3144 
f 768/1177/3145 754/1176/3146 726/679/3147 725/678/3148 
f 754/1176/3149 739/1178/3150 727/653/3151 726/679/3152 
f 739/1178/3153 740/1165/3154 703/565/3155 727/653/3156 
f 744/1166/3157 729/1158/3158 728/1159/3159 759/1179/3160 
f 742/820/3161 514/895/3162 730/760/3163 472/759/3164 
f 734/699/3165 733/701/3166 763/1174/3167 764/744/3168 
f 736/1160/3169 735/743/3170 775/1180/3171 765/1181/3172 
f 737/1161/3173 736/1160/3174 765/1181/3175 766/1175/3176 
f 725/678/3177 738/1163/3178 767/1182/3179 768/1177/3180 
f 740/1165/3181 739/1178/3182 770/1183/3183 771/1184/3184 
f 728/1159/3185 740/1165/3186 771/1184/3187 759/1179/3188 
f 741/806/3189 495/856/3190 854/846/3191 490/845/3192 
f 788/1011/3193 773/784/3194 479/739/3195 748/738/3196 
f 790/1186/3197 774/1185/3198 750/1173/3199 749/1172/3200 
f 774/1185/3201 803/1187/3202 763/1174/3203 750/1173/3204 
f 735/743/3205 751/742/3206 792/1188/3207 775/1180/3208 
f 791/1189/3209 792/1188/3210 751/742/3211 764/744/3212 
f 794/1191/3213 776/1190/3214 753/1164/3215 752/1167/3216 
f 776/1190/3217 767/1182/3218 738/1163/3219 753/1164/3220 
f 739/1178/3221 754/1176/3222 778/1192/3223 770/1183/3224 
f 782/928/3225 757/898/3226 756/1193/3227 769/929/3228 
f 759/937/3229 771/1194/3230 786/851/3231 785/850/3232 
f 790/1195/3233 749/1171/3234 762/1170/3235 789/1096/3236 
f 789/1096/3237 762/1170/3238 761/903/3239 801/1022/3240 
f 803/1187/3241 791/1189/3242 764/744/3243 763/1174/3244 
f 766/1175/3245 765/1181/3246 804/1196/3247 793/1197/3248 
f 752/1167/3249 766/1175/3250 793/1197/3251 794/1191/3252 
f 768/1177/3253 767/1182/3254 809/1075/3255 798/1198/3256 
f 767/1182/3257 776/1190/3258 810/1068/3259 809/1075/3260 
f 754/1176/3261 768/1177/3262 798/1198/3263 778/1192/3264 
f 771/1194/3265 770/1199/3266 800/883/3267 786/851/3268 
f 805/1200/3269 804/1196/3270 765/1181/3271 775/1180/3272 
f 775/1180/3273 792/1188/3274 816/1201/3275 805/1200/3276 
f 811/884/3277 800/883/3278 770/1199/3279 778/1202/3280 
f 787/899/3281 757/898/3282 782/928/3283 567/987/3284 
f 535/841/3285 787/938/3286 567/985/3287 783/842/3288 
f 813/1014/3289 802/1023/3290 773/784/3291 788/1011/3292 
f 789/1204/3293 821/1205/3294 814/1203/3295 790/1186/3296 
f 774/1185/3297 790/1186/3298 814/1203/3299 815/1206/3300 
f 824/1207/3301 816/1201/3302 792/1188/3303 791/1189/3304 
f 793/1197/3305 804/1196/3306 826/1134/3307 819/1072/3308 
f 776/1190/3309 794/1191/3310 820/1069/3311 810/1068/3312 
f 819/1072/3313 820/1069/3314 794/1191/3315 793/1197/3316 
f 806/965/3317 563/914/3318 796/916/3319 795/952/3320 
f 812/953/3321 811/884/3322 778/1202/3323 798/1208/3324 
f 807/1050/3325 799/930/3326 551/925/3327 808/956/3328 
f 822/1209/3329 823/1024/3330 802/1023/3331 813/1014/3332 
f 815/1206/3333 831/1210/3334 803/1187/3335 774/1185/3336 
f 831/1210/3337 824/1207/3338 791/1189/3339 803/1187/3340 
f 827/1132/3341 826/1134/3342 804/1196/3343 805/1200/3344 
f 805/1200/3345 816/1201/3346 833/1129/3347 827/1132/3348 
f 599/954/3349 812/953/3350 798/1208/3351 809/1211/3352 
f 836/1213/3353 830/1212/3354 815/1206/3355 814/1203/3356 
f 821/1205/3357 626/1214/3358 836/1213/3359 814/1203/3360 
f 837/1025/3361 823/1024/3362 822/1209/3363 645/1215/3364 
f 645/1135/3365 822/1216/3366 585/1217/3367 840/1076/3368 
f 816/1201/3369 824/1207/3370 839/1218/3371 833/1129/3372 
f 830/1212/3373 832/1219/3374 831/1210/3375 815/1206/3376 
f 842/1220/3377 843/1221/3378 830/1212/3379 836/1213/3380 
f 832/1219/3381 839/1218/3382 824/1207/3383 831/1210/3384 
f 843/1221/3385 845/1222/3386 832/1219/3387 830/1212/3388 
f 845/1222/3389 846/1223/3390 839/1218/3391 832/1219/3392 
f 846/1223/3393 847/1130/3394 833/1129/3395 839/1218/3396 
f 852/1115/3397 646/1225/3398 841/1224/3399 648/1114/3400 
f 850/1027/3401 851/1228/3402 844/1226/3403 625/1227/3404 
f 851/1228/3405 850/1027/3406 848/1026/3407 849/1140/3408 
f 647/1137/3409 853/1117/3410 653/1128/3411 849/1142/3412 
f 180/1231/3413 237/1232/3414 856/1229/3415 137/1230/3416 
# 854 polygons

